koi_period,koi_period_err1,koi_period_err2,koi_prad,koi_prad_err1,koi_prad_err2,koi_depth,koi_depth_err1,koi_depth_err2,koi_steff,koi_steff_err1,koi_steff_err2,koi_srad,koi_srad_err1,koi_srad_err2,koi_insol,koi_insol_err1,koi_insol_err2,koi_teq,koi_teq_err1,koi_teq_err2,koi_disposition
2.1713484,0.0002637,-0.0002637,5.8181633,1.9105465,-1.9105465,656.8860989,37.77821,-37.77821,10249.0,264.7,-264.7,2.16986,0.0725729,-0.0725729,22601.9485814,,,3127.2040524,,,FALSE POSITIVE
1.9316462,5.3e-06,-5.3e-06,11.2154,2.6242,-2.6242,1286.0,1186.49,-1186.49,7070.0,126.4,-126.4,2.01,0.09,-0.09,44464.5,,,4045.0,,,CANDIDATE
1.8675574,3e-06,-3e-06,23.7529,,,1500.0,1.7584,-1.7584,8924.0,124.0,-124.0,5.73,,,2860.61,,,2037.0,,,FALSE POSITIVE
3.5730141,1.28e-05,-1.28e-05,11.3113,3.24714,-3.24714,755.0,1306.55,-1306.55,9219.0,171.1,-171.1,2.15,0.06,-0.06,54679.3,,,4260.0,,,FALSE POSITIVE
4.5505945,3.1e-06,-3.1e-06,7.10841,0.474611,-0.474611,3731.0,123.723,-123.723,5613.0,179.9,-179.9,1.09,0.07,-0.07,414.775,,,1257.0,,,FALSE POSITIVE
2.5047918,0.0004076,-0.0004076,8.6950898,8.438766,-8.438766,2270.5402194,81.38088,-81.38088,6616.0,200.0,-200.0,1.53429,1.4887,-1.4887,1750.932635,,,1649.8220699,,,FALSE POSITIVE
6.9989206,1.37e-05,-1.37e-05,14.7752,0.764705,-0.764705,2840.0,0.943618,-0.943618,6596.0,139.2,-139.2,2.7,0.13,-0.13,448.744,,,1282.0,,,CANDIDATE
2.0483755,5.5e-06,-5.5e-06,3.19621,,,483.0,41.94,-41.94,6858.5,584.6,-584.6,1.57,,,5644.4,,,,,,FALSE POSITIVE
1.4303699,8e-07,-8e-07,13.1874503,0.6576402,-0.6576402,18960.7122944,184.79134,-184.79134,5600.0,,,0.890774,0.0438467,-0.0438467,1281.2408254,,,1525.9048089,,,CONFIRMED
0.6808702,3.9e-05,-3.9e-05,5.9115908,1.5360428,-1.5360428,1507.8006889,39.971123,-39.971123,9438.0,782.0,-782.0,1.0,,,87140.6995884,,,4382.0266062,,,FALSE POSITIVE
2.4704981,7.3e-06,-7.3e-06,1.44656,0.107503,-0.107503,250.0,18.1279,-18.1279,5413.7,132.8,-132.8,0.94,0.05,-0.05,575.597,,,1364.0,,,CANDIDATE
1.3730466,6.7e-06,-6.7e-06,42.1479417,46.48904,-46.48904,1301.5065338,96.64637,-96.64637,4897.0,122.0,-122.0,6.7996101,,,3160.6328329,,,1912.3318636,,,FALSE POSITIVE
12.6889415,0.0095088,-0.0095088,14.0608342,15.241591,-15.241591,3232.8527885,235.25328,-235.25328,7601.0,135.8,-135.8,1.53641,0.0479799,-0.0479799,425.1594177,,,1158.1310368,,,FALSE POSITIVE
1.10422,0.00013,-0.00013,21.0448,5.22012,-5.22012,14177.7,843.788,-843.788,6995.2,157.0,-157.0,1.61,0.07,-0.07,39459.3,,,3926.0,,,FALSE POSITIVE
4.95912,0.00016,-0.00016,22.9123,3.28055,-3.28055,7440.0,197.962,-197.962,5889.0,124.3,-124.3,2.0,0.09,-0.09,673.55,,,1419.0,,,FALSE POSITIVE
5.2341008,1.2e-06,-1.2e-06,24.2931408,0.7497171,-0.7497171,20796.9416293,50.80361,-50.80361,7645.0,134.4,-134.4,1.56203,0.0481257,-0.0481257,1453.6663847,,,1574.8381848,,,CANDIDATE
4.4119378,8e-07,-8e-07,15.4706,0.691963,-0.691963,15062.0,69.1814,-69.1814,6280.0,,,1.21,0.05,-0.05,653.252,,,1408.0,,,CONFIRMED
1.90879,0.00035,-0.00035,3.34688,0.217749,-0.217749,618.482,1.43774,-1.43774,6022.6,133.5,-133.5,1.22,0.05,-0.05,985.807,,,1561.0,,,FALSE POSITIVE
1.3214483,2.31e-05,-2.31e-05,21.8839,4.01475,-4.01475,2180.0,137.946,-137.946,5050.8,86.8,-86.8,2.99,0.15,-0.15,35623.2,,,3827.0,,,FALSE POSITIVE
18.0157,0.00015,-0.00015,21.644,,,610.0,1.66317,-1.66317,4709.0,122.0,-122.0,7.61,,,7.64364,,,463.0,,,FALSE POSITIVE
14.2628757,3.85e-05,-3.85e-05,2.4765813,0.1510812,-0.1510812,913.2067174,37.2772746,-37.2772746,5690.0,129.0,-129.0,0.853898,0.0413895,-0.0413895,153.2069421,,,980.3628831,,,FALSE POSITIVE
3.2834565,4.6e-06,-4.6e-06,2.87648,0.314177,-0.314177,1558.0,185.42,-185.42,4272.0,122.7,-122.7,0.68,0.06,-0.06,161.092,,,992.0,,,CANDIDATE
11.02875,3.54e-05,-3.54e-05,2.76586,0.268927,-0.268927,1694.0,104.432,-104.432,4272.0,122.7,-122.7,0.68,0.06,-0.06,15.0463,,,548.0,,,CANDIDATE
5.0113292,1.2e-05,-1.2e-05,2.52314,0.302798,-0.302798,1210.0,182.035,-182.035,4272.0,122.7,-122.7,0.68,0.06,-0.06,17.1793,,,567.0,,,CANDIDATE
1.01606,0.00034,-0.00034,1.20704,0.0989898,-0.0989898,240.0,0.375709,-0.375709,4634.0,120.9,-120.9,0.68,0.05,-0.05,2784.04,,,2023.0,,,FALSE POSITIVE
3.547854,0.000149,-0.000149,14.581841,0.196435,-0.196435,10424.3718,123.359314,-123.359314,6351.0,,,1.4,,,1212.004376,,,1504.858953,,,CONFIRMED
12.1246519,1.03e-05,-1.03e-05,17.6729,2.59688,-2.59688,7279.0,6484.95,-6484.95,4807.6,60.0,-60.0,1.07,0.03,-0.03,207.32,,,1057.0,,,FALSE POSITIVE
5.652623,2.54e-05,-2.54e-05,8.94354,1.13988,-1.13988,1250.0,26.0133,-26.0133,6415.4,103.2,-103.2,1.92,0.08,-0.08,2717.06,,,2011.0,,,FALSE POSITIVE
5.6643704,1.09e-05,-1.09e-05,14.7738943,0.7471176,-0.7471176,3491.8232968,95.25267,-95.25267,10395.0,320.6,-320.6,2.3383701,0.109357,-0.109357,7657.6621505,,,2385.8536488,,,CANDIDATE
29.0160175,6.47e-05,-6.47e-05,6.77406,,,1389.0,36.0326,-36.0326,6113.1,,,2.01,,,33.2234,,,,,,FALSE POSITIVE
3.6344692,0.0009773,-0.0009773,4.2048368,2.1508167,-2.1508167,628.699015,56.304756,-56.304756,9810.0,173.7,-173.7,1.60776,0.0427739,-0.0427739,5420.178349,,,2188.3820499,,,FALSE POSITIVE
6.0744477,5.9e-06,-5.9e-06,30.9493217,11.697444,-11.697444,5982.5212406,93.93912,-93.93912,5964.0,128.4,-128.4,2.4303801,0.151568,-0.151568,1487.5644344,,,1583.9398898,,,CANDIDATE
3.7795212,4e-06,-4e-06,5.98375,0.311897,-0.311897,2761.0,60.2474,-60.2474,5771.0,132.3,-132.3,1.18,0.06,-0.06,466.528,,,1294.0,,,CANDIDATE
1.2025238,6.7e-06,-6.7e-06,6.31106,1.99504,-1.99504,390.0,107.57,-107.57,9158.0,171.4,-171.4,1.74,0.05,-0.05,208477.0,,,5952.0,,,FALSE POSITIVE
3.2235985,1.38e-05,-1.38e-05,5.51341,,,680.0,1.13,-1.13,8904.0,239.9,-239.9,2.17,,,2064.8,,,,,,FALSE POSITIVE
4.0872956,2.3e-06,-2.3e-06,13.6237732,0.6518233,-0.6518233,3572.1712499,35.689426,-35.689426,6036.0,,,2.2186699,0.102573,-0.102573,2242.3605401,,,1755.0767383,,,CONFIRMED
2.55555,0.00045,-0.00045,11.5901,,,340.0,1.37224,-1.37224,10037.0,123.0,-123.0,6.04,,,3520.68,,,2145.0,,,FALSE POSITIVE
8.30792,0.00037,-0.00037,43.1068,4.42399,-4.42399,8350.0,160.238,-160.238,9081.0,173.2,-173.2,3.05,0.09,-0.09,2276.25,,,1924.0,,,FALSE POSITIVE
0.758082,7.3e-06,-7.3e-06,10.1273702,0.6658212,-0.6658212,583.93181,58.10249,-58.10249,9917.0,199.6,-199.6,3.5086601,0.120121,-0.120121,216218.1005011,,,5499.7476332,,,CANDIDATE
1.4415577,7.4e-06,-7.4e-06,3.61078,0.26004,-0.26004,507.0,54.9645,-54.9645,6902.0,135.7,-135.7,1.52,0.06,-0.06,16861.8,,,3174.0,,,FALSE POSITIVE
3.7039994,3.7e-06,-3.7e-06,17.57,0.746573,-0.746573,7590.0,1.22092,-1.22092,7013.8,299.6,-299.6,1.9,0.08,-0.08,3546.13,,,2149.0,,,FALSE POSITIVE
1.3042553,2e-06,-2e-06,9.36472,1.30647,-1.30647,914.0,628.954,-628.954,6762.0,130.2,-130.2,1.75,0.07,-0.07,26944.7,,,3569.0,,,FALSE POSITIVE
0.62627,2e-05,-2e-05,5.72162,0.894462,-0.894462,1880.0,68.5212,-68.5212,5622.0,131.2,-131.2,0.93,0.05,-0.05,3235.57,,,2101.0,,,FALSE POSITIVE
0.30412,1e-05,-1e-05,10.417,0.668057,-0.668057,1330.0,3.83107,-3.83107,11892.0,235.8,-235.8,2.52,0.09,-0.09,280833.0,,,6413.0,,,FALSE POSITIVE
2.1805277,2.7e-06,-2.7e-06,16.808853,0.8821375,-0.8821375,16340.1353205,426.89557,-426.89557,6599.0,200.0,-200.0,1.2714601,0.0635578,-0.0635578,1770.4650539,,,1654.404068,,,CONFIRMED
2.1846669,5e-07,-5e-07,13.7028527,0.6619751,-0.6619751,11708.0228549,34.928566,-34.928566,5630.0,,,1.23824,0.0596985,-0.0596985,1362.1381428,,,1549.4409801,,,CONFIRMED
3.7354838,2.1e-06,-2.1e-06,21.2315,1.19579,-1.19579,17030.0,0.271732,-0.271732,6650.0,,,1.57,0.09,-0.09,1292.19,,,1670.0,,,CONFIRMED
9.139804,0.0001109,-0.0001109,3.0629855,2.8175755,-2.8175755,358.4157801,33.721474,-33.721474,5958.2,76.0,-76.0,1.58,0.165123,-0.165123,243.011763,,,1006.9932829,,,CONFIRMED
5.742625,0.000621,-0.000621,13.088532,3.636668,-3.636668,1105.760867,87.92673,-87.92673,5664.0,188.0,-188.0,3.86959,0.644568,-0.644568,,,,,,,FALSE POSITIVE
15.5077855,0.0002372,-0.0002372,2.43432,0.142957,-0.142957,513.0,25.4443,-25.4443,6122.0,194.0,-194.0,1.17,0.05,-0.05,88.0718,,,853.0,,,CONFIRMED
17.4713078,1.76e-05,-1.76e-05,3.5766828,0.2409907,-0.2409907,1199.7541483,28.872627,-28.872627,5783.54,7.82429,-7.82429,0.974669,0.0546984,-0.0546984,53.3700317,,,689.3568807,,,CONFIRMED
5.3079507,1.91e-05,-1.91e-05,3.0486928,0.3630359,-0.3630359,391.3830934,26.766296,-26.766296,6124.3,83.0,-83.0,1.36963,0.0633668,-0.0633668,603.2401116,,,1263.9861129,,,CANDIDATE
51.1701501,0.0001962,-0.0001962,2.9366826,0.26575,-0.26575,851.4547808,36.121876,-36.121876,5599.0,187.0,-187.0,0.943356,0.0456583,-0.0456583,11.2148229,,,466.7322968,,,CANDIDATE
11.1296441,6.03e-05,-6.03e-05,12.8402271,0.8162001,-0.8162001,951.6169809,60.711002,-60.711002,5785.0,189.0,-189.0,3.4475601,0.174417,-0.174417,1255.6817164,,,1518.2372485,,,CANDIDATE
9.4496506,2.8e-06,-2.8e-06,17.0216,1.10249,-1.10249,19750.0,16.7663,-16.7663,5509.0,186.0,-186.0,0.94,0.06,-0.06,38.5799,,,694.0,,,CANDIDATE
2.8493825,3e-07,-3e-07,16.3869,0.734704,-0.734704,8049.0,25.0232,-25.0232,6900.0,,,1.77,0.08,-0.08,2005.83,,,1864.0,,,CONFIRMED
0.540933,0.000107,-0.000107,2.28501,0.57323,-0.57323,257.347459,27.641214,-27.641214,5525.0,186.0,-186.0,1.21935,0.16458,-0.16458,,,,,,,FALSE POSITIVE
4.1150576,5.6e-06,-5.6e-06,2.30057,0.16833,-0.16833,487.0,50.8548,-50.8548,5394.0,185.0,-185.0,0.89,0.05,-0.05,77.3573,,,826.0,,,CONFIRMED
10.0665238,2.37e-05,-2.37e-05,2.7272824,0.2128311,-0.2128311,839.9044871,47.550835,-47.550835,5552.0,187.0,-187.0,0.791742,0.0453065,-0.0453065,54.8791715,,,694.1792631,,,CANDIDATE
6.4438657,1.65e-05,-1.65e-05,2.460344,1.638728,-1.638728,1121.9512275,76.157646,-76.157646,4803.0,178.0,-178.0,0.737189,0.0567035,-0.0567035,60.831305,,,712.2812841,,,CONFIRMED
12.2265595,2.69e-05,-2.69e-05,2.6014766,1.7533404,-1.7533404,1206.3693293,86.60944,-86.60944,4803.0,178.0,-178.0,0.737189,0.0567035,-0.0567035,25.8970378,,,575.3502049,,,CONFIRMED
2.160344,0.000276,-0.000276,22.503541,17.500204,-17.500204,19357.992992,1487.6189,-1487.6189,5780.0,,,1.2,,,,,,,,,CONFIRMED
4.606184,0.000392,-0.000392,12.962219,0.582183,-0.582183,13793.034867,1031.5532,-1031.5532,5670.0,,,1.07,,,,,,,,,CONFIRMED
3.1316735,3.3e-06,-3.3e-06,9.4995191,0.3442331,-0.3442331,14915.6943722,307.91364,-307.91364,4351.0,167.0,-167.0,0.76701,,,148.6544991,,,890.5622134,,,CONFIRMED
3.180362,0.000247,-0.000247,13.446487,0.600679,-0.600679,21192.463324,682.47424,-682.47424,5498.0,,,0.92,,,,,,,,,CONFIRMED
2.9776446,8e-07,-8e-07,14.4339,0.765765,-0.765765,13022.0,123.052,-123.052,5703.0,188.0,-188.0,1.22,0.06,-0.06,758.324,,,1461.0,,,CONFIRMED
3.9502008,2.6e-06,-2.6e-06,20.5357,0.899664,-0.899664,13914.0,95.9899,-95.9899,6153.0,,,1.71,0.07,-0.07,1009.38,,,1570.0,,,CONFIRMED
2.9776152,9.78e-05,-9.78e-05,26.88423,0.196978,-0.196978,43218.111683,416.72778,-416.72778,5740.0,,,1.28,,,873.27,,,1386.5,,,FALSE POSITIVE
3.5544026,2e-06,-2e-06,13.200677,0.7620152,-0.7620152,10164.8753396,290.74887,-290.74887,5639.0,188.0,-188.0,1.11499,0.0591758,-0.0591758,515.0014435,,,1214.9876435,,,CONFIRMED
12.8379689,0.0031236,-0.0031236,25.4886382,1.376776,-1.376776,10539.0192794,361.00934,-361.00934,5765.0,189.0,-189.0,2.4494,0.11699,-0.11699,374.129,,,1225.0,,,FALSE POSITIVE
3.9228016,1.22e-05,-1.22e-05,13.3368705,0.4312808,-0.4312808,31510.9004906,1047.8658,-1047.8658,4444.0,168.0,-168.0,0.6983,,,91.167589,,,788.0973496,,,CONFIRMED
13.9428705,5.85e-05,-5.85e-05,2.4233421,1.1757723,-1.1757723,1015.395543,87.93079,-87.93079,5206.0,183.0,-183.0,0.741671,0.0479724,-0.0479724,28.0927293,,,587.1759148,,,CANDIDATE
0.6047392,5.6e-06,-5.6e-06,1.8625587,1.4926332,-1.4926332,1027.6833479,64.46101,-64.46101,4046.0,170.0,-170.0,0.580337,0.0172756,-0.0172756,528.0253155,,,1222.5973095,,,CONFIRMED
2.5495611,7e-07,-7e-07,12.9171288,0.6510275,-0.6510275,14921.4021936,81.960434,-81.960434,5659.0,,,1.03997,0.0519397,-0.0519397,757.1284067,,,1337.8645148,,,CONFIRMED
1.6062693,1e-06,-1e-06,12.6436029,0.3239791,-0.3239791,16725.3019333,216.14401,-216.14401,5192.0,182.0,-182.0,0.984326,,,844.2700581,,,1374.8018137,,,CANDIDATE
0.5182425,4.2e-06,-4.2e-06,1.3485121,0.0900143,-0.0900143,831.8920424,40.76848,-40.76848,3325.0,102.0,-102.0,0.390989,0.0117402,-0.0117402,255.1405815,,,1019.3295979,,,CONFIRMED
3.1644075,1.22e-05,-1.22e-05,14.8814743,1.1265037,-1.1265037,5603.4635466,592.0081,-592.0081,6519.0,194.0,-194.0,1.7234,,,2206.1550476,,,1747.9490013,,,CANDIDATE
3.0440541,4.3e-06,-4.3e-06,12.1086799,0.2679916,-0.2679916,22236.0165376,490.51093,-490.51093,5523.0,,,0.809868,,,315.9871326,,,1075.3184542,,,CONFIRMED
3.9652485,1.22e-05,-1.22e-05,1.2305102,1.0583848,-1.0583848,3680.7544436,458.06815,-458.06815,3296.0,64.0,-64.0,0.199988,0.0059812,-0.0059812,5.2829448,,,386.6684768,,,CANDIDATE
2.98278,0.000442,-0.000442,11.467011,11.475316,-11.475316,6136.231662,315.89865,-315.89865,6027.0,192.0,-192.0,1.23975,1.23975,-1.23975,,,,,,,CANDIDATE
16.3469053,5.04e-05,-5.04e-05,3.5059571,0.3785092,-0.3785092,2212.4257252,107.20914,-107.20914,4310.0,173.0,-173.0,0.649613,0.0616131,-0.0616131,8.9995944,,,441.7489067,,,CANDIDATE
12.9802953,3.43e-05,-3.43e-05,2.4241912,1.6760336,-1.6760336,2407.2608671,199.78712,-199.78712,3614.0,64.0,-64.0,0.491323,0.0146852,-0.0146852,4.7341229,,,376.2093904,,,CANDIDATE
1.3484961,6e-07,-6e-07,15.8824638,0.8602182,-0.8602182,18463.7636682,122.78925,-122.78925,6346.0,,,1.14759,0.061613,-0.061613,2706.9606225,,,1839.6713042,,,CONFIRMED
3.7178828,4.1e-06,-4.1e-06,14.6986197,0.8573183,-0.8573183,4864.8405125,79.77315,-79.77315,5818.0,190.0,-190.0,2.0840001,0.106131,-0.106131,1925.1426172,,,1689.4116185,,,CANDIDATE
9.30992,0.00209,-0.00209,14.2968,0.777875,-0.777875,2220.0,1.39456,-1.39456,6907.0,135.5,-135.5,3.09,0.14,-0.14,215.208,,,1067.0,,,FALSE POSITIVE
4.73703,0.00453,-0.00453,25.7144,10.2479,-10.2479,2410.0,1380.87,-1380.87,11600.0,368.2,-368.2,2.48,0.13,-0.13,53821.0,,,4243.0,,,FALSE POSITIVE
2.76676,2.5e-06,-2.5e-06,12.2867389,0.3063938,-0.3063938,14947.4387827,290.84625,-290.84625,5346.0,,,0.984866,,,505.8840075,,,1209.5741229,,,CONFIRMED
2.19296,0.0003,-0.0003,22.7769,8.69015,-8.69015,4933.74,704.212,-704.212,7009.8,184.2,-184.2,2.95,0.16,-0.16,31883.5,,,3722.0,,,FALSE POSITIVE
1.725841,1.65e-05,-1.65e-05,15.0024,3.57813,-3.57813,2710.0,181.13,-181.13,7348.0,133.8,-133.8,2.39,0.09,-0.09,50469.2,,,4175.0,,,CANDIDATE
1.1923,3e-05,-3e-05,30.666,4.10377,-4.10377,3730.0,297.774,-297.774,6534.0,136.4,-136.4,2.04,0.09,-0.09,40771.2,,,3958.0,,,FALSE POSITIVE
1.4821386,1.4e-06,-1.4e-06,13.7339261,0.5647548,-0.5647548,2102.6568299,30.643518,-30.643518,7066.0,133.7,-133.7,2.6647301,0.10601,-0.10601,18197.1354531,,,2962.2418039,,,CANDIDATE
0.9209526,0.0001855,-0.0001855,5.7349089,4.2950416,-4.2950416,360.8801529,42.466145,-42.466145,6553.0,136.4,-136.4,2.8908899,0.125277,-0.125277,32740.3629399,,,3430.7622437,,,FALSE POSITIVE
9.188506,2.88e-05,-2.88e-05,2.16591,0.121765,-0.121765,460.0,0.427735,-0.427735,5876.0,124.0,-124.0,0.98,0.04,-0.04,63.4589,,,786.0,,,CONFIRMED
13.9028391,0.0013871,-0.0013871,2.6136848,1.333298,-1.333298,647.2701039,70.93129,-70.93129,5876.0,124.0,-124.0,0.983215,0.0449925,-0.0449925,77.4841883,,,756.6987586,,,CONFIRMED
10.1826983,1.29e-05,-1.29e-05,3.0538057,0.7958977,-0.7958977,667.4752458,45.255642,-45.255642,6153.0,194.0,-194.0,1.14582,0.0509699,-0.0509699,198.394783,,,957.1991659,,,CONFIRMED
6.441006,6e-06,-6e-06,2.56374,0.19448,-0.19448,914.0,46.8059,-46.8059,4867.0,179.0,-179.0,0.8,0.06,-0.06,87.8902,,,853.0,,,CONFIRMED
3.1743504,1.7e-06,-1.7e-06,14.9172256,0.8283901,-0.8283901,15457.3247576,155.05025,-155.05025,5943.0,,,1.15706,0.0633669,-0.0633669,718.9096994,,,1320.6518234,,,CONFIRMED
20.0731588,8.61e-05,-8.61e-05,4.0506906,1.0627592,-1.0627592,1152.9645461,68.35146,-68.35146,6033.0,129.5,-129.5,1.14849,0.0522613,-0.0522613,69.3993155,,,736.1368293,,,FALSE POSITIVE
2.66903,1e-05,-1e-05,9.36823,0.500837,-0.500837,3110.0,1.55398,-1.55398,5803.5,120.9,-120.9,1.56,0.08,-0.08,429.86,,,1268.0,,,FALSE POSITIVE
6.63371,0.00059,-0.00059,2.75375,0.16093,-0.16093,1555.34,2.04117,-2.04117,4138.1,94.2,-94.2,0.63,0.03,-0.03,22.9987,,,610.0,,,FALSE POSITIVE
2.94308,1e-05,-1e-05,45.3525,,,4490.0,1332.09,-1332.09,4437.0,124.0,-124.0,3.13,,,2533.34,,,1976.0,,,CANDIDATE
341.2811281,0.0045871,-0.0045871,4.7531892,0.3291192,-0.3291192,972.5797241,54.08448,-54.08448,6058.6,110.5,-110.5,1.39203,0.060098,-0.060098,121.1597998,,,846.173434,,,FALSE POSITIVE
10.8680523,3.8e-05,-3.8e-05,2.90726,0.252816,-0.252816,1553.0,109.838,-109.838,4664.0,125.9,-125.9,0.76,0.06,-0.06,20.7383,,,594.0,,,CANDIDATE
11.1149,0.00295,-0.00295,14.7645,,,900.0,3.59699,-3.59699,5042.0,122.0,-122.0,4.94,,,21.9713,,,603.0,,,CANDIDATE
4.0782392,1.7e-06,-1.7e-06,13.898174,0.6260191,-0.6260191,6046.6959687,29.462303,-29.462303,6501.0,138.9,-138.9,1.74836,0.0780452,-0.0780452,1619.0081232,,,1617.8267296,,,CONFIRMED
7.14386,0.00054,-0.00054,22.1531,1.97652,-1.97652,11146.4,53.8514,-53.8514,7860.0,220.0,-220.0,1.91,0.11,-0.11,,,,,,,FALSE POSITIVE
7.04083,3e-05,-3e-05,8.46404,2.20234,-2.20234,1580.0,458.747,-458.747,5317.0,65.7,-65.7,0.91,0.05,-0.05,852.336,,,1505.0,,,FALSE POSITIVE
2.1061569,2.6e-06,-2.6e-06,13.086872,2.512208,-2.512208,12142.2238514,514.4283,-514.4283,5380.0,,,0.940697,,,691.8428073,,,1308.0417533,,,CONFIRMED
2.4545635,1e-06,-1e-06,11.1276,0.467151,-0.467151,4248.0,54.2672,-54.2672,6610.0,128.4,-128.4,1.64,0.07,-0.07,2162.73,,,1899.0,,,FALSE POSITIVE
11.4756978,8.85e-05,-8.85e-05,14.1098,4.18181,-4.18181,8341.0,2131.75,-2131.75,7262.0,134.8,-134.8,2.13,0.08,-0.08,11.4585,,,512.0,,,FALSE POSITIVE
2.78186,0.0005,-0.0005,4.92567,0.331864,-0.331864,490.0,1.16068,-1.16068,6819.0,137.6,-137.6,2.21,0.09,-0.09,1323.21,,,1680.0,,,FALSE POSITIVE
6.4410082,6.6e-06,-6.6e-06,4.59203,0.175872,-0.175872,7076.0,288.828,-288.828,3469.0,157.0,-157.0,0.53,0.02,-0.02,8.2114,,,471.0,,,FALSE POSITIVE
5.0100708,1.35e-05,-1.35e-05,2.3107394,0.1963706,-0.1963706,409.4812214,41.617928,-41.617928,5551.0,187.0,-187.0,0.906282,0.048892,-0.048892,210.6631712,,,971.6657708,,,CANDIDATE
2.2281625,1.51e-05,-1.51e-05,2.56778,0.178594,-0.178594,630.0,1.19719,-1.19719,5731.0,132.8,-132.8,1.02,0.05,-0.05,702.927,,,1434.0,,,CANDIDATE
2.4997996,4e-07,-4e-07,13.8516093,0.7051293,-0.7051293,14621.2059647,38.342907,-38.342907,5650.0,,,1.13732,0.0577764,-0.0577764,907.8624196,,,1399.9894384,,,CONFIRMED
1.66226,,,13.3343,0.611171,-0.611171,6030.0,0.893586,-0.893586,7301.0,141.5,-141.5,1.64,0.07,-0.07,7149.89,,,2561.0,,,FALSE POSITIVE
3.6245513,1.18e-05,-1.18e-05,4.3503,,,1299.0,70.8579,-70.8579,6317.0,,,1.38,,,919.571,,,,,,FALSE POSITIVE
0.7724825,6.8e-06,-6.8e-06,4.1624907,0.5104,-0.5104,211.3168519,14.352041,-14.352041,8271.0,143.9,-143.9,2.5027299,0.0856759,-0.0856759,60276.5000547,,,3996.2877922,,,CANDIDATE
1.6268695,4.6e-06,-4.6e-06,2.36498,0.148538,-0.148538,1502.0,48.6699,-48.6699,5034.0,48.8,-48.8,0.73,0.04,-0.04,1946.23,,,1850.0,,,FALSE POSITIVE
13.5499,0.00564,-0.00564,6.24633,0.838277,-0.838277,1180.0,19.1341,-19.1341,6209.0,131.0,-131.0,1.63,0.08,-0.08,31.6652,,,660.0,,,FALSE POSITIVE
4.43651,0.00101,-0.00101,19.9664,6.34495,-6.34495,1520.0,594.271,-594.271,7101.9,165.9,-165.9,2.32,0.15,-0.15,8233.41,,,2653.0,,,FALSE POSITIVE
3.372877,0.000147,-0.000147,14.201803,0.154789,-0.154789,17163.60419,212.40587,-212.40587,6050.0,,,1.02,,,615.165921,,,1270.187448,,,CONFIRMED
8.34998,1e-05,-1e-05,11.1424,1.06327,-1.06327,16680.0,15.1352,-15.1352,4236.0,122.3,-122.3,0.74,0.07,-0.07,19.9348,,,588.0,,,CONFIRMED
4.0686405,0.0002958,-0.0002958,3.7548333,0.5705166,-0.5705166,2650.0950013,99.40586,-99.40586,4236.0,122.3,-122.3,0.741921,0.0675678,-0.0675678,84.108766,,,772.378302,,,CONFIRMED
0.5860366,4.9e-06,-4.9e-06,4.906408,1.6418222,-1.6418222,410.5241553,21.146746,-21.146746,5579.0,135.4,-135.4,2.39803,0.136922,-0.136922,26813.1057089,,,3263.6721812,,,CANDIDATE
1.5502952,4.6e-06,-4.6e-06,3.34528,0.145518,-0.145518,411.0,18.1669,-18.1669,7851.0,72.9,-72.9,1.86,0.05,-0.05,10796.6,,,2839.0,,,FALSE POSITIVE
1.80709,0.00123,-0.00123,4.86242,0.467902,-0.467902,450.0,2.70834,-2.70834,6244.0,124.8,-124.8,2.2,0.11,-0.11,7233.01,,,2569.0,,,FALSE POSITIVE
18.6922101,0.0001259,-0.0001259,18.1458,0.786783,-0.786783,11126.0,185.114,-185.114,6277.0,125.8,-125.8,1.65,0.07,-0.07,282.175,,,1141.0,,,FALSE POSITIVE
8.0277326,1.3e-06,-1.3e-06,9.06883,0.406897,-0.406897,5705.0,19.6569,-19.6569,5962.7,68.6,-68.6,1.15,0.05,-0.05,248.619,,,1106.0,,,CONFIRMED
12.5187279,3.16e-05,-3.16e-05,5.58857,0.357814,-0.357814,2320.0,4.46525,-4.46525,5729.0,131.1,-131.1,0.98,0.05,-0.05,626.362,,,1393.0,,,CONFIRMED
6.2586065,1.03e-05,-1.03e-05,2.51593,0.147348,-0.147348,813.0,34.3389,-34.3389,5729.0,131.1,-131.1,0.98,0.05,-0.05,232.392,,,1087.0,,,CONFIRMED
26.3208756,0.0001272,-0.0001272,2.71349,0.151793,-0.151793,800.0,0.435205,-0.435205,5729.0,131.1,-131.1,0.98,0.05,-0.05,26.4328,,,631.0,,,CONFIRMED
18.795547,0.0001037,-0.0001037,2.1597669,0.8829104,-0.8829104,470.6731965,55.53711,-55.53711,5729.0,131.1,-131.1,0.977727,0.0483517,-0.0483517,48.477077,,,672.9826313,,,CONFIRMED
1.3206356,0.0001541,-0.0001541,34.7561624,34.22737,-34.22737,1052.4255997,78.95927,-78.95927,4919.6,59.0,-59.0,6.3070302,,,3652.2582486,,,1982.7142102,,,CANDIDATE
0.64971,0.00018,-0.00018,6.23181,0.414634,-0.414634,620.0,1.19044,-1.19044,9994.0,756.2,-756.2,2.59,0.11,-0.11,83182.0,,,4731.0,,,FALSE POSITIVE
4.4780798,2.57e-05,-2.57e-05,11.3678,3.19802,-3.19802,1054.0,1790.45,-1790.45,7947.0,323.7,-323.7,1.83,0.06,-0.06,31621.7,,,3715.0,,,CANDIDATE
3.2887898,3e-07,-3e-07,10.5135877,0.5185372,-0.5185372,7005.7247902,13.795558,-13.795558,5800.0,,,1.24175,0.0610804,-0.0610804,759.3373533,,,1338.8392647,,,CONFIRMED
13.7431084,1.8e-06,-1.8e-06,12.05,,,5688.0,298.823,-298.823,5941.5,161.9,-161.9,1.34,,,84.3234,,,844.0,,,FALSE POSITIVE
16.9487087,6e-07,-6e-07,45.2204505,2.1992197,-2.1992197,156467.5479643,41.571255,-41.571255,5894.7,90.3,-90.3,1.1179,0.0543668,-0.0543668,78.263287,,,758.5937679,,,FALSE POSITIVE
3.3686634,2.19e-05,-2.19e-05,42.2321,4.12898,-4.12898,3288.0,3706.13,-3706.13,7518.0,143.2,-143.2,2.68,0.1,-0.1,9856.24,,,2775.0,,,FALSE POSITIVE
11.2071839,2.86e-05,-2.86e-05,17.4989,1.38618,-1.38618,3276.0,656.96,-656.96,6152.0,75.9,-75.9,2.24,0.1,-0.1,813.063,,,1487.0,,,FALSE POSITIVE
4.8878037,9e-07,-9e-07,5.29152,0.336684,-0.336684,4279.0,24.5064,-24.5064,4757.3,130.6,-130.6,0.76,0.05,-0.05,71.6805,,,810.0,,,CONFIRMED
0.660179,4.15e-05,-4.15e-05,6.1672487,0.5571844,-0.5571844,473.0939303,27.828228,-27.828228,8598.7,975.0,-975.0,2.62432,,,252487.7638842,,,5717.1532477,,,FALSE POSITIVE
10.9278415,6.02e-05,-6.02e-05,49.1695,6.71322,-6.71322,2743.0,5988.19,-5988.19,6259.0,130.9,-130.9,2.92,0.14,-0.14,270.142,,,1129.0,,,FALSE POSITIVE
5.5514888,2.7e-06,-2.7e-06,15.8043,0.622968,-0.622968,9493.0,66.1719,-66.1719,6403.9,184.1,-184.1,1.55,0.06,-0.06,802.858,,,1482.0,,,CONFIRMED
4.7423709,3.1e-06,-3.1e-06,10.5505922,0.2049905,-0.2049905,12650.8110411,246.23778,-246.23778,5377.0,185.0,-185.0,0.877585,,,209.7699043,,,970.6340996,,,CONFIRMED
1.4810903,4e-07,-4e-07,20.3402421,0.522355,-0.522355,6788.5145388,28.67935,-28.67935,9435.0,174.1,-174.1,2.28773,0.0585327,-0.0585327,33326.7304874,,,3446.0210572,,,CONFIRMED
3.4741012,2e-07,-2e-07,21.2912,0.579777,-0.579777,15748.0,21.4018,-21.4018,8894.8,267.4,-267.4,1.62,0.04,-0.04,3453.07,,,2084.3330866,,,CONFIRMED
21.745537,4.96e-05,-4.96e-05,2.10208,0.110621,-0.110621,659.0,15.6106,-15.6106,5704.0,127.4,-127.4,0.93,0.05,-0.05,28.2504,,,642.0,,,CANDIDATE
13.0727479,1.84e-05,-1.84e-05,35.7944,8.17427,-8.17427,4080.0,407.257,-407.257,5709.8,117.3,-117.3,3.59,0.18,-0.18,221.343,,,1074.0,,,FALSE POSITIVE
2.9258727,6.51e-05,-6.51e-05,24.4055,3.28088,-3.28088,6720.0,465.144,-465.144,4884.5,112.1,-112.1,1.3,0.06,-0.06,3028.51,,,2066.0,,,FALSE POSITIVE
0.73774,0.0002,-0.0002,5.28215,2.21635,-2.21635,524.852,91.6082,-91.6082,6449.5,123.7,-123.7,2.1,0.08,-0.08,,,,,,,FALSE POSITIVE
2.7985802,3e-07,-3e-07,11.9514993,0.7325688,-0.7325688,16708.7151957,55.063156,-55.063156,4920.0,,,0.906655,0.0553769,-0.0553769,332.556249,,,1089.1458169,,,CONFIRMED
2.2552845,1.9e-06,-1.9e-06,14.688,0.722948,-0.722948,20820.0,410.348,-410.348,5787.0,109.9,-109.9,0.96,0.05,-0.05,549.715,,,1348.0,,,CONFIRMED
1.8824539,4.3e-06,-4.3e-06,8.29008,1.38023,-1.38023,1391.0,1435.13,-1435.13,5900.4,71.9,-71.9,1.13,0.05,-0.05,15173.2,,,3091.0,,,FALSE POSITIVE
15.196,,,4.96345,,,1970.0,111.34,-111.34,5807.0,,,1.14,,,,,,,,,FALSE POSITIVE
2.1358631,3.5e-06,-3.5e-06,23.6019,2.36733,-2.36733,10325.0,3649.68,-3649.68,5969.0,73.5,-73.5,1.5,0.07,-0.07,1540.95,,,1745.0,,,FALSE POSITIVE
6.7075429,3.4e-06,-3.4e-06,17.4647,2.59032,-2.59032,11920.0,91.0502,-91.0502,6134.3,420.6,-420.6,1.24,0.16,-0.16,225.822,,,1079.0,,,CANDIDATE
3.5862962,0.000153,-0.000153,16.4747611,0.9191712,-0.9191712,5729.3246858,114.78426,-114.78426,5704.8,124.8,-124.8,2.00441,0.105699,-0.105699,1787.5955937,,,1658.3915202,,,CONFIRMED
1.8296155,3e-06,-3e-06,29.3616,5.69167,-5.69167,1406.0,2197.18,-2197.18,7875.0,92.1,-92.1,3.5,0.15,-0.15,32867.0,,,3751.0,,,FALSE POSITIVE
11.1876137,2.28e-05,-2.28e-05,31.8624,6.10264,-6.10264,4924.0,7552.54,-7552.54,7266.0,195.8,-195.8,2.05,0.07,-0.07,838.609,,,1499.0,,,FALSE POSITIVE
7.0643978,1.9e-06,-1.9e-06,9.39131,0.52994,-0.52994,8268.0,144.082,-144.082,5429.6,292.5,-292.5,0.96,0.05,-0.05,104.311,,,890.0,,,CONFIRMED
8.9534775,2.18e-05,-2.18e-05,2.35888,0.165763,-0.165763,1136.0,46.1782,-46.1782,5029.5,59.9,-59.9,0.76,0.05,-0.05,45.5604,,,723.0,,,CONFIRMED
7.5022708,3.68e-05,-3.68e-05,5.55812,0.293328,-0.293328,1760.0,1.29686,-1.29686,6229.0,129.8,-129.8,1.27,0.06,-0.06,129.866,,,940.0,,,FALSE POSITIVE
14.0077666,5.1e-06,-5.1e-06,12.4023108,0.5236941,-0.5236941,5924.8349672,21.748573,-21.748573,6557.7,83.3,-83.3,1.57435,0.0662061,-0.0662061,264.4796635,,,1028.5320293,,,CANDIDATE
1.692892,3.2e-06,-3.2e-06,11.2371,,,1418.0,997.895,-997.895,9121.5,227.1,-227.1,2.1,,,187927.0,,,5800.0,,,FALSE POSITIVE
2.6652007,3.2e-06,-3.2e-06,2.35964,0.344388,-0.344388,819.0,422.126,-422.126,4043.4,90.3,-90.3,0.56,0.02,-0.02,2905.35,,,2045.0,,,FALSE POSITIVE
6.0344667,5.9e-06,-5.9e-06,4.44029,0.243975,-0.243975,1800.0,50.0931,-50.0931,5586.0,187.0,-187.0,1.05,0.05,-0.05,64.2648,,,788.0,,,CONFIRMED
9.6867516,1.03e-05,-1.03e-05,3.00336,0.218103,-0.218103,1669.0,39.161,-39.161,4738.1,139.3,-139.3,0.73,0.05,-0.05,41.6645,,,707.0,,,CONFIRMED
2.1031647,1.35e-05,-1.35e-05,16.7087,0.75644,-0.75644,7142.0,2079.88,-2079.88,6122.0,124.7,-124.7,1.93,0.09,-0.09,14140.0,,,3037.0,,,CONFIRMED
7.6416041,7.5e-06,-7.5e-06,27.538,2.70516,-2.70516,6025.0,2230.39,-2230.39,6496.7,255.1,-255.1,2.05,0.13,-0.13,478.683,,,1303.0,,,FALSE POSITIVE
5.9294088,6e-07,-6e-07,10.8101,,,10226.0,115.463,-115.463,5095.6,1241.5,-1241.5,1.06,,,456.893,,,,,,FALSE POSITIVE
5.7484439,3.9e-06,-3.9e-06,2.35215,0.194028,-0.194028,1041.0,31.9505,-31.9505,4534.0,127.6,-127.6,0.69,0.06,-0.06,75.272,,,820.0,,,CONFIRMED
1.1967018,2.3e-06,-2.3e-06,10.3239,3.12117,-3.12117,824.0,1753.13,-1753.13,5997.0,149.9,-149.9,1.73,0.08,-0.08,25917.9,,,3534.0,,,FALSE POSITIVE
11.2464616,1.57e-05,-1.57e-05,17.6677,0.835158,-0.835158,7576.0,210.542,-210.542,6115.7,343.6,-343.6,2.01,0.09,-0.09,365.938,,,1218.0,,,FALSE POSITIVE
2.5941968,3.6e-06,-3.6e-06,4.47229,0.317405,-0.317405,907.0,88.5228,-88.5228,6389.0,124.4,-124.4,1.4,0.07,-0.07,300.014,,,1159.0,,,CANDIDATE
5.5411114,4.6e-06,-4.6e-06,2.04482,0.124447,-0.124447,633.0,11.7683,-11.7683,5332.0,184.0,-184.0,0.82,0.05,-0.05,258.843,,,1117.0,,,CANDIDATE
10.6917268,2.12e-05,-2.12e-05,1.79811,0.116694,-0.116694,535.0,20.1029,-20.1029,5332.0,184.0,-184.0,0.82,0.05,-0.05,42.2657,,,710.0,,,CANDIDATE
15.7335693,5.12e-05,-5.12e-05,24.3218,7.54273,-7.54273,2540.0,946.731,-946.731,6800.0,134.4,-134.4,2.21,0.09,-0.09,367.588,,,1219.0,,,FALSE POSITIVE
2.2219839,3.6e-06,-3.6e-06,15.4416,,,4394.0,1770.97,-1770.97,7166.8,140.0,-140.0,1.87,,,7790.56,,,,,,FALSE POSITIVE
2.3106428,9e-07,-9e-07,8.76741,0.498445,-0.498445,6911.0,109.767,-109.767,5339.9,155.2,-155.2,0.99,0.06,-0.06,203.685,,,1052.0,,,CONFIRMED
4.05135,0.00238,-0.00238,14.2359,0.960524,-0.960524,1132.23,4.06526,-4.06526,4974.4,77.4,-77.4,3.85,0.12,-0.12,,,,,,,FALSE POSITIVE
5.5376617,9.5e-06,-9.5e-06,15.6557,4.37239,-4.37239,5390.0,360.176,-360.176,6689.0,154.1,-154.1,2.06,0.1,-0.1,351.929,,,1206.0,,,CANDIDATE
4.5960377,9.3e-06,-9.3e-06,16.2166,2.56736,-2.56736,5000.0,115.009,-115.009,7649.0,290.1,-290.1,2.12,0.07,-0.07,2340.04,,,1937.0,,,CANDIDATE
3.612771,2.4e-06,-2.4e-06,19.3662,0.686027,-0.686027,11794.0,234.836,-234.836,8324.0,258.9,-258.9,1.71,0.06,-0.06,5011.92,,,2344.0,,,CONFIRMED
3.6714717,1.65e-05,-1.65e-05,10.678,0.55726,-0.55726,4340.0,0.770616,-0.770616,5618.0,122.1,-122.1,1.54,0.08,-0.08,324.114,,,1182.0,,,CONFIRMED
11.535076,0.001035,-0.001035,12.215808,1.480912,-1.480912,2389.90616,28.935114,-28.935114,5479.3,57.0,-57.0,2.48771,0.298399,-0.298399,,,,,,,CONFIRMED
0.8352406,1.6e-06,-1.6e-06,6.4875,0.517136,-0.517136,2065.0,297.341,-297.341,6105.0,142.2,-142.2,1.24,0.06,-0.06,5021.63,,,2345.0,,,FALSE POSITIVE
2.4919771,7.1e-06,-7.1e-06,2.2187585,0.9862666,-0.9862666,2093.9594201,134.34839,-134.34839,3948.0,159.0,-159.0,0.482388,0.0146884,-0.0146884,39.6452664,,,639.9817426,,,CONFIRMED
25.5195307,0.0039688,-0.0039688,2.9641461,0.2701597,-0.2701597,558.3758637,32.11596,-32.11596,5742.22,30.4499,-30.4499,1.17321,0.0504221,-0.0504221,45.6335702,,,662.8890748,,,CONFIRMED
1.3812115,8e-06,-8e-06,2.2402361,0.279799,-0.279799,117.7553083,9.755185,-9.755185,6711.0,201.0,-201.0,1.7756799,0.0832613,-0.0832613,5767.3673643,,,2222.614552,,,CANDIDATE
2.3922703,2.56e-05,-2.56e-05,3.5905923,0.4456113,-0.4456113,63.575141,7.2273498,-7.2273498,6090.0,193.0,-193.0,4.1956,0.181862,-0.181862,18015.5142019,,,2954.822621,,,CANDIDATE
0.831542,3.9e-05,-3.9e-05,1.881684,2.170925,-2.170925,248.969585,21.536388,-21.536388,5824.0,165.0,-165.0,1.1512,1.1512,-1.1512,3776.6095365,,,1999.3796659,,,FALSE POSITIVE
2.6282553,1.11e-05,-1.11e-05,0.9817044,0.8017694,-0.8017694,75.2858004,7.500368,-7.500368,6282.0,196.0,-196.0,1.10743,0.050495,-0.050495,955.7979966,,,1418.1144376,,,CANDIDATE
3.4239436,1e-05,-1e-05,1.7581475,2.3946245,-2.3946245,443.6391381,49.269722,-49.269722,5626.0,188.0,-188.0,0.823019,0.0405528,-0.0405528,294.3078003,,,1056.3800546,,,CANDIDATE
10.983042,2.98e-05,-2.98e-05,2.5070075,0.2384491,-0.2384491,725.1724567,47.784836,-47.784836,5626.0,188.0,-188.0,0.823019,0.0405528,-0.0405528,62.2119369,,,716.2888325,,,CANDIDATE
17.726449,0.0001095,-0.0001095,2.261664,2.1681116,-2.1681116,747.7725499,82.645226,-82.645226,5626.0,188.0,-188.0,0.823019,0.0405528,-0.0405528,32.8605569,,,610.6445415,,,CANDIDATE
40.7199388,0.0001273,-0.0001273,3.2352713,0.43084,-0.43084,355.619391,23.59711,-23.59711,5914.0,40.3051,-40.3051,1.55953,0.0669347,-0.0669347,47.143655,,,668.3063106,,,CANDIDATE
79.3739596,0.0022619,-0.0022619,2.17454,0.271867,-0.271867,1227.0,7.96249,-7.96249,5168.33,64.7007,-64.7007,0.77,0.05,-0.05,3.05331,,,368.0,,,FALSE POSITIVE
18.1663644,7.12e-05,-7.12e-05,2.80447,0.219575,-0.219575,624.0,52.7028,-52.7028,5572.9,104.0,-104.0,1.14,0.07,-0.07,16.6472,,,562.0,,,CANDIDATE
105.5850893,0.0215233,-0.0215233,2.5033335,0.8299221,-0.8299221,462.9116325,65.684204,-65.684204,5909.57,40.9135,-40.9135,1.1142,0.163001,-0.163001,8.047858,,,429.5758177,,,CANDIDATE
27.2149622,4.26e-05,-4.26e-05,8.3475973,0.6867732,-0.6867732,4731.4046225,264.1891,-264.1891,6270.0,196.0,-196.0,0.989667,0.0531859,-0.0531859,25.4860381,,,573.0537137,,,FALSE POSITIVE
19.1807264,8.51e-05,-8.51e-05,2.4311768,0.4872288,-0.4872288,544.5602695,41.824924,-41.824924,5262.4,76.0,-76.0,0.937973,0.0538995,-0.0538995,32.9407734,,,611.0168649,,,CANDIDATE
1.2124493,7.2e-06,-7.2e-06,0.879419,0.99191,-0.99191,501.2911711,44.898006,-44.898006,3751.0,68.0,-68.0,0.518,0.077,-0.077,336.2098533,,,1092.1250255,,,CANDIDATE
4.5541831,3.21e-05,-3.21e-05,0.8887417,0.4264307,-0.4264307,187.8286128,16.651367,-16.651367,4280.0,171.0,-171.0,0.635812,0.0770502,-0.0770502,54.8401357,,,694.0557871,,,CANDIDATE
41.4856125,0.0004838,-0.0004838,12.5121956,0.9374495,-0.9374495,959.7522291,87.35132,-87.35132,6354.0,197.0,-197.0,3.4868701,0.171218,-0.171218,271.196017,,,1035.0005398,,,CANDIDATE
13.7738265,3.55e-05,-3.55e-05,1.8971927,1.972559,-1.972559,338.2166234,28.644924,-28.644924,5455.96,48.9052,-48.9052,1.01825,0.0517361,-0.0517361,67.2831271,,,730.4597521,,,CANDIDATE
1.9142544,8.2e-06,-8.2e-06,2.04421,0.113361,-0.113361,248.0,11.1249,-11.1249,6734.0,202.0,-202.0,1.59,0.06,-0.06,6105.33,,,2462.0,,,CANDIDATE
5.0780325,7.6e-06,-7.6e-06,2.6347763,0.6824856,-0.6824856,5923.1283069,429.03534,-429.03534,3318.0,64.0,-64.0,0.334125,0.0100409,-0.0100409,8.1743139,,,431.253644,,,CONFIRMED
91.6827832,0.0006448,-0.0006448,3.239855,0.1987719,-0.1987719,713.2183569,34.86146,-34.86146,5802.0,190.0,-190.0,1.01814,0.0490778,-0.0490778,5.9944903,,,399.0780255,,,CONFIRMED
10.1944993,2.37e-05,-2.37e-05,2.7392825,0.31346,-0.31346,317.3261147,22.913624,-22.913624,6082.0,193.0,-193.0,1.32661,0.0595629,-0.0595629,231.1087411,,,994.4291411,,,CANDIDATE
14.64319,3.87e-05,-3.87e-05,3.41248,1.1490116,-1.1490116,242.7923919,19.18831,-19.18831,6516.0,199.0,-199.0,2.04178,0.0960201,-0.0960201,391.2017546,,,1134.2791474,,,FALSE POSITIVE
4.1782656,5.2e-06,-5.2e-06,2.1023854,0.3037805,-0.3037805,2537.6781602,148.4311,-148.4311,3442.0,64.0,-64.0,0.404403,0.0120014,-0.0120014,13.9295288,,,492.7241583,,,CONFIRMED
17.9453645,3.05e-05,-3.05e-05,3.3839124,0.1595458,-0.1595458,5480.684864,324.2178,-324.2178,3442.0,64.0,-64.0,0.404403,0.0120014,-0.0120014,1.9952383,,,303.1226876,,,CONFIRMED
13.896396,5.39e-05,-5.39e-05,2.4586343,1.601624,-1.601624,748.5332881,67.39381,-67.39381,5522.87,125.0,-125.0,0.888163,0.0508468,-0.0508468,52.3837065,,,686.1495861,,,CANDIDATE
8.1213102,2.71e-05,-2.71e-05,2.3157186,0.7025419,-0.7025419,594.6443745,53.052776,-53.052776,5522.87,125.0,-125.0,0.888163,0.0508468,-0.0508468,107.208941,,,820.6868999,,,CANDIDATE
3.9287851,9.7e-06,-9.7e-06,2.329279,1.1379925,-1.1379925,485.9762569,35.85712,-35.85712,5668.15,125.0,-125.0,0.986943,0.0490577,-0.0490577,376.4612937,,,1123.4398689,,,CANDIDATE
27.3613778,0.0001022,-0.0001022,6.4522449,0.5011952,-0.5011952,20690.6684294,1511.4946,-1511.4946,3050.0,,,0.44128,0.013263,-0.013263,0.8345555,,,243.7718547,,,CONFIRMED
29.0497517,0.0001337,-0.0001337,2.84674,0.120217,-0.120217,318.0,12.5922,-12.5922,8208.0,222.0,-222.0,1.8,0.05,-0.05,257.066,,,1115.0,,,CONFIRMED
3.3088922,7.1e-06,-7.1e-06,24.9862,3.98163,-3.98163,4736.0,2265.47,-2265.47,6188.0,194.0,-194.0,2.62,0.13,-0.13,17074.7,,,3184.0,,,CONFIRMED
25.0571312,0.0001639,-0.0001639,3.2396838,0.2000049,-0.2000049,533.486013,30.72904,-30.72904,5696.0,188.0,-188.0,1.15281,0.0536432,-0.0536432,53.1389289,,,688.6094029,,,CONFIRMED
24.2454967,0.0003516,-0.0003516,3.878568,0.1438498,-0.1438498,6260.6703602,108.49781,-108.49781,3535.0,112.0,-112.0,0.465271,0.014057,-0.014057,0.05273,,,122.2177444,,,CONFIRMED
14.2545623,1.54e-05,-1.54e-05,10.7048234,0.5417804,-0.5417804,7899.6939555,143.66724,-143.66724,5739.0,189.0,-189.0,1.09597,0.0537437,-0.0537437,90.0658585,,,785.7055082,,,CANDIDATE
14.1758947,3.7e-05,-3.7e-05,2.6231641,0.7005236,-0.7005236,907.1324529,47.009396,-47.009396,5723.87,49.567,-49.567,0.864173,0.038593,-0.038593,53.8795095,,,690.9961983,,,CONFIRMED
19.5901578,4.38e-05,-4.38e-05,3.0026428,0.4337622,-0.4337622,1182.6678641,53.20346,-53.20346,5723.87,49.567,-49.567,0.864173,0.038593,-0.038593,35.0031418,,,620.3638839,,,CONFIRMED
6.2036219,1.97e-05,-1.97e-05,2.056748,0.8290422,-0.8290422,548.9044399,33.294434,-33.294434,5723.87,49.567,-49.567,0.864173,0.038593,-0.038593,162.1675094,,,910.1452592,,,CONFIRMED
3.79589,2.11e-05,-2.11e-05,1.553135,1.950819,-1.950819,317.5272928,35.57154,-35.57154,5723.87,49.567,-49.567,0.864173,0.038593,-0.038593,312.1807495,,,1072.0653989,,,CONFIRMED
2.2645386,0.0010604,-0.0010604,5.1936764,0.5849404,-0.5849404,15019.9420903,1744.5321,-1744.5321,3443.0,157.0,-157.0,0.411471,0.012407,-0.012407,34.1873897,,,616.7174475,,,FALSE POSITIVE
3.4447015,7.1e-06,-7.1e-06,2.00495,0.12654,-0.12654,796.0,93.3448,-93.3448,3912.0,157.0,-157.0,0.63,0.02,-0.02,231.437,,,1086.0,,,CONFIRMED
3.0300715,5e-07,-5e-07,12.7529892,0.6813254,-0.6813254,21794.6136956,81.38665,-81.38665,5242.82,110.777,-110.777,0.857369,0.045686,-0.045686,318.4581858,,,1077.4145935,,,CONFIRMED
12.72038,0.0001319,-0.0001319,4.96046,0.394461,-0.394461,1070.0,2.59688,-2.59688,6212.0,132.796,-132.796,1.48,0.09,-0.09,41.1042,,,705.0,,,CONFIRMED
6.238755,3.06e-05,-3.06e-05,2.9728283,1.2901354,-1.2901354,373.5681138,36.626076,-36.626076,6212.0,132.796,-132.796,1.47768,0.0878593,-0.0878593,587.1290759,,,1255.4607699,,,CONFIRMED
3.2947689,5.9e-06,-5.9e-06,2.5248559,0.232047,-0.232047,1324.0402774,60.859768,-60.859768,3853.0,157.0,-157.0,0.62326,0.0182128,-0.0182128,56.9377632,,,700.5995436,,,CONFIRMED
0.7645807,9.9e-06,-9.9e-06,1.2407226,1.6530068,-1.6530068,394.9832006,43.13467,-43.13467,3853.0,157.0,-157.0,0.62326,0.0182128,-0.0182128,399.2723837,,,1140.0845694,,,CONFIRMED
12.6396982,1.53e-05,-1.53e-05,4.6025162,0.3308857,-0.3308857,3292.6812864,114.02858,-114.02858,5217.0,128.364,-128.364,0.789425,0.0435527,-0.0435527,39.6563977,,,640.0266601,,,CONFIRMED
1.7208555,2.6e-06,-2.6e-06,13.4646314,0.7083316,-0.7083316,10014.2587401,316.96338,-316.96338,5832.83,96.06,-96.06,1.33402,,,2259.3896676,,,1758.3994294,,,CONFIRMED
4.7802597,1.65e-05,-1.65e-05,7.6126429,7.273695,-7.273695,1015.4550043,98.48061,-98.48061,5826.0,155.529,-155.529,2.3387201,0.172542,-0.172542,1770.0151344,,,1654.2989516,,,CANDIDATE
0.3814849,6e-07,-6e-07,2.0605,0.255519,-0.255519,570.0,4.70096,-4.70096,4255.0,128.2,-128.2,0.71,0.07,-0.07,931.396,,,1539.0,,,CANDIDATE
4.6595169,8.2e-06,-8.2e-06,2.1961507,0.5582007,-0.5582007,1725.1706259,137.73328,-137.73328,3489.0,157.0,-157.0,0.490729,0.014421,-0.014421,17.2664038,,,519.9004855,,,CANDIDATE
6.4002807,1.04e-05,-1.04e-05,2.2730301,0.8450046,-0.8450046,1026.6018729,35.029545,-35.029545,4599.0,123.0,-123.0,0.720551,0.0534824,-0.0534824,56.4368797,,,699.0536347,,,CONFIRMED
4.8204512,1.22e-05,-1.22e-05,2.36747,0.0993507,-0.0993507,1930.0,1.49496,-1.49496,3692.0,157.0,-157.0,0.52,0.02,-0.02,17.8782,,,572.0,,,CANDIDATE
18.6548829,0.0001055,-0.0001055,4.3869878,0.5200952,-0.5200952,1495.4449473,148.61504,-148.61504,5141.0,122.049,-122.049,0.876154,0.051,-0.051,27.832077,,,585.8091542,,,CONFIRMED
4.3074513,5e-06,-5e-06,3.2819879,0.2242451,-0.2242451,1094.8419495,29.993288,-29.993288,5141.0,122.049,-122.049,0.876154,0.051,-0.051,196.4755358,,,954.8757629,,,CONFIRMED
5.9041278,1.06e-05,-1.06e-05,2.4489454,0.9325392,-0.9325392,773.9266468,31.268017,-31.268017,5141.0,122.049,-122.049,0.876154,0.051,-0.051,129.0410781,,,859.6105665,,,CONFIRMED
37.9251983,0.0001252,-0.0001252,3.241643,1.1774186,-1.1774186,1370.7888539,78.83223,-78.83223,5141.0,122.049,-122.049,0.876154,0.051,-0.051,10.8068346,,,462.4282696,,,CONFIRMED
15.9234883,5.29e-05,-5.29e-05,2.18203,0.10788,-0.10788,493.0,16.279,-16.279,5711.85,106.3,-106.3,1.08,0.05,-0.05,48.5414,,,735.0,,,CONFIRMED
4.3601536,1.1e-06,-1.1e-06,6.9564258,0.3819137,-0.3819137,5592.2909183,28.348007,-28.348007,5227.0,119.505,-119.505,0.874131,0.0475929,-0.0475929,202.0738994,,,961.6063113,,,CONFIRMED
13.0791581,4.14e-05,-4.14e-05,3.25485,0.201784,-0.201784,1143.0,62.5902,-62.5902,5453.0,117.875,-117.875,1.0,0.05,-0.05,48.6058,,,735.0,,,CONFIRMED
4.6517186,8.3e-06,-8.3e-06,2.66889,0.203698,-0.203698,978.0,79.7705,-79.7705,5154.0,182.0,-182.0,0.85,0.05,-0.05,540.772,,,1343.0,,,CONFIRMED
9.1549418,2.49e-05,-2.49e-05,2.62011,0.183373,-0.183373,1101.0,60.4017,-60.4017,5154.0,182.0,-182.0,0.85,0.05,-0.05,42.2592,,,710.0,,,CONFIRMED
19.9815709,8.96e-05,-8.96e-05,2.54717,0.192388,-0.192388,909.0,70.8314,-70.8314,5154.0,182.0,-182.0,0.85,0.05,-0.05,16.5853,,,562.0,,,CONFIRMED
1.1219715,1.4e-06,-1.4e-06,3.9968417,0.6692131,-0.6692131,3997.6445916,78.284676,-78.284676,5780.0,,,0.624,0.087,-0.087,1132.461295,,,1479.5361862,,,CANDIDATE
4.6756655,5e-06,-5e-06,4.03134,0.219211,-0.219211,738.0,30.4674,-30.4674,5779.0,188.0,-188.0,1.45,0.07,-0.07,230.204,,,1085.0,,,FALSE POSITIVE
10.288886,7.6e-06,-7.6e-06,2.63881,0.164544,-0.164544,854.0,23.9343,-23.9343,5126.0,124.385,-124.385,0.87,0.05,-0.05,9.06856,,,483.0,,,CONFIRMED
1.0332441,0.0003238,-0.0003238,4.087988,8.41243,-8.41243,26111.5081972,1959.5728,-1959.5728,2972.0,157.0,-157.0,0.156193,0.0046925,-0.0046925,16.7778791,,,516.1833775,,,FALSE POSITIVE
5.4526479,3.7e-06,-3.7e-06,14.5502,0.67124,-0.67124,7750.0,0.269391,-0.269391,6509.0,117.198,-117.198,1.57,0.07,-0.07,433.78,,,1271.0,,,CONFIRMED
10.2613397,2.91e-05,-2.91e-05,3.60391,0.183384,-0.183384,726.0,19.0249,-19.0249,6124.0,126.553,-126.553,1.49,0.07,-0.07,372.358,,,1152.0,,,CANDIDATE
3.4779776,2e-07,-2e-07,12.5541925,0.8909824,-0.8909824,27021.6932424,35.22068,-35.22068,4699.0,129.561,-129.561,0.765001,0.0542789,-0.0542789,153.1388971,,,897.2038496,,,CONFIRMED
3.0353977,3.7e-06,-3.7e-06,13.7911583,0.7355291,-0.7355291,16049.4120427,269.06363,-269.06363,5751.0,189.0,-189.0,1.07224,0.053588,-0.053588,726.7569274,,,1324.2410445,,,CONFIRMED
3.1274634,7.3e-06,-7.3e-06,2.5802896,0.8034248,-0.8034248,1331.83693,68.603745,-68.603745,4225.0,135.544,-135.544,0.693431,0.0690804,-0.0690804,103.2675998,,,813.0378617,,,CONFIRMED
7.4931613,1.7e-05,-1.7e-05,2.7733674,1.4571416,-1.4571416,1650.6470497,93.93474,-93.93474,4225.0,135.544,-135.544,0.693431,0.0690804,-0.0690804,32.2107098,,,607.6028794,,,CONFIRMED
49.825166,0.0005768,-0.0005768,3.8319135,0.4818024,-0.4818024,2059.4069037,202.70015,-202.70015,4225.0,135.544,-135.544,0.693431,0.0690804,-0.0690804,2.5760566,,,323.1161011,,,CONFIRMED
18.0574016,3.92e-05,-3.92e-05,3.8092663,0.2625163,-0.2625163,1198.0572128,52.78039,-52.78039,5897.0,130.326,-130.326,1.01,0.0490678,-0.0490678,58.1250403,,,704.2235859,,,CANDIDATE
20.8774413,0.0001096,-0.0001096,2.16145,0.134898,-0.134898,771.0,31.1713,-31.1713,5396.0,121.99,-121.99,0.9,0.05,-0.05,17.8402,,,572.0,,,CANDIDATE
1.0214555,1.4e-06,-1.4e-06,1.46266,0.101085,-0.101085,319.0,16.9886,-16.9886,5098.0,125.822,-125.822,0.82,0.05,-0.05,733.19,,,1449.0,,,CANDIDATE
2.7441672,1e-06,-1e-06,7.84317,0.519602,-0.519602,5650.0,0.181862,-0.181862,5040.0,134.474,-134.474,0.97,0.06,-0.06,172.233,,,1009.0,,,CANDIDATE
2.2047452,1.27e-05,-1.27e-05,17.9781,0.917906,-0.917906,6872.0,413.332,-413.332,6532.23,109.214,-109.214,1.99,0.08,-0.08,7992.22,,,2634.0,,,CONFIRMED
10.8948421,1.22e-05,-1.22e-05,2.4691414,0.2826709,-0.2826709,3168.3853584,83.03396,-83.03396,3618.0,157.0,-157.0,0.435666,0.0129388,-0.0129388,5.5137471,,,390.8242112,,,CONFIRMED
18.8016111,5.32e-05,-5.32e-05,1.9112282,0.3172636,-0.3172636,1686.7881033,111.67929,-111.67929,3618.0,157.0,-157.0,0.435666,0.0129388,-0.0129388,2.6636757,,,325.8292621,,,CONFIRMED
6.7900981,1.45e-05,-1.45e-05,9.7548481,0.5910394,-0.5910394,2158.1733568,56.62805,-56.62805,6378.0,25.0,-25.0,2.00068,0.103465,-0.103465,477.5289979,,,1192.2564672,,,CONFIRMED
8.157721,2.3e-06,-2.3e-06,9.31888,0.554542,-0.554542,10273.0,64.4301,-64.4301,5091.2,83.2,-83.2,0.9,0.05,-0.05,91.0972,,,860.0,,,CONFIRMED
4.2529641,5.9e-06,-5.9e-06,2.3483383,0.7878943,-0.7878943,758.584999,26.058401,-26.058401,5591.0,185.0,-185.0,0.848906,0.0452839,-0.0452839,231.2034004,,,994.5309519,,,CONFIRMED
9.2378703,5.34e-05,-5.34e-05,2.22995,0.14957,-0.14957,660.0,0.942831,-0.942831,5591.0,185.0,-185.0,0.85,0.05,-0.05,54.6767,,,757.0,,,CANDIDATE
3.7955178,2.3e-06,-2.3e-06,10.3261619,0.3307839,-0.3307839,52278.9940979,560.4189,-560.4189,3424.0,,,0.445372,0.01356,-0.01356,18.0832336,,,525.9431131,,,CONFIRMED
14.3034613,2.6e-06,-2.6e-06,18.4949,1.14648,-1.14648,48840.0,0.239763,-0.239763,5056.6,91.3,-91.3,0.83,0.05,-0.05,15.38,,,551.0,,,FALSE POSITIVE
6.1349783,1.65e-05,-1.65e-05,13.1383,0.760486,-0.760486,3860.0,1.36645,-1.36645,5828.7,80.0,-80.0,2.05,0.11,-0.11,861.554,,,1509.0,,,CONFIRMED
3.3159772,7.4e-06,-7.4e-06,4.5947,0.346084,-0.346084,2770.0,4.86911,-4.86911,4972.7,61.9,-61.9,0.81,0.05,-0.05,120.595,,,923.0,,,CONFIRMED
4.6313014,8.8e-06,-8.8e-06,9.34848,1.12279,-1.12279,4860.0,77.7533,-77.7533,5736.0,164.8,-164.8,1.07,0.05,-0.05,225.013,,,1078.0,,,CONFIRMED
19.3203478,1.26e-05,-1.26e-05,9.38964,0.690442,-0.690442,13910.0,0.655116,-0.655116,4968.1,172.4,-172.4,0.8,0.06,-0.06,13.544,,,534.0,,,CANDIDATE
14.8559691,4.58e-05,-4.58e-05,2.72638,0.161429,-0.161429,1127.0,52.7204,-52.7204,5544.0,120.311,-120.311,0.86,0.04,-0.04,64.0545,,,788.0,,,CANDIDATE
14.4751062,1.79e-05,-1.79e-05,8.6976173,9.471797,-9.471797,9618.5798534,447.69815,-447.69815,3841.0,157.0,-157.0,0.55035,0.0160576,-0.0160576,6.5402175,,,407.866275,,,CONFIRMED
9.6141636,4.86e-05,-4.86e-05,3.2264735,0.2125871,-0.2125871,933.6532689,57.701954,-57.701954,5477.0,120.112,-120.112,0.840608,0.0419095,-0.0419095,74.7359105,,,749.8978043,,,CONFIRMED
4.9404714,7.1e-06,-7.1e-06,2.3216,0.116622,-0.116622,455.0,17.088,-17.088,6086.0,193.0,-193.0,1.13,0.05,-0.05,320.012,,,1178.0,,,CONFIRMED
9.6926392,7.8e-06,-7.8e-06,3.289074,0.3831999,-0.3831999,1838.2370548,36.813053,-36.813053,4665.0,128.1,-128.1,0.746003,0.0567136,-0.0567136,36.4257934,,,626.5734732,,,CANDIDATE
6.390888,3.84e-05,-3.84e-05,2.47201,0.145844,-0.145844,435.0,21.7509,-21.7509,6191.0,127.462,-127.462,1.32,0.06,-0.06,376.532,,,1227.0,,,CANDIDATE
0.9689927,5e-07,-5e-07,17.1331258,0.7765522,-0.7765522,13532.9710157,89.12011,-89.12011,6430.0,139.015,-139.015,1.41398,0.0637136,-0.0637136,6992.032823,,,2332.2259008,,,CONFIRMED
10.338505,1.51e-05,-1.51e-05,11.8729,0.618008,-0.618008,18162.0,768.211,-768.211,5336.96,105.031,-105.031,0.84,0.04,-0.04,110.512,,,903.0,,,CONFIRMED
1.283251,0.0003064,-0.0003064,2.558112,0.8317096,-0.8317096,1961.318203,136.80847,-136.80847,3855.0,157.0,-157.0,0.560391,0.0165845,-0.0165845,172.0252913,,,923.6720985,,,FALSE POSITIVE
1.2284388,0.0002573,-0.0002573,1.866263,1.8184054,-1.8184054,1229.4965125,129.57385,-129.57385,3526.0,157.0,-157.0,0.53023,0.015565,-0.015565,118.2802346,,,841.1003116,,,FALSE POSITIVE
9.6001126,1.79e-05,-1.79e-05,2.4070295,0.5648838,-0.5648838,380.4193796,17.114367,-17.114367,5891.0,124.622,-124.622,1.2103699,0.0578543,-0.0578543,193.1543783,,,950.8147029,,,CANDIDATE
2.6998294,3.6e-06,-3.6e-06,4.94551,0.261301,-0.261301,2798.0,38.5565,-38.5565,6180.0,362.01,-362.01,0.92,0.05,-0.05,1198.41,,,1639.0,,,CONFIRMED
0.581322,9.82e-05,-9.82e-05,2.2014886,1.4735351,-1.4735351,3206.6010016,370.79492,-370.79492,3446.0,157.0,-157.0,0.38621,0.0118685,-0.0118685,194.5178158,,,952.4881815,,,FALSE POSITIVE
0.980972,5e-07,-5e-07,5.9162923,0.7808294,-0.7808294,6178.392421,60.235405,-60.235405,4486.0,175.0,-175.0,0.764401,0.0628191,-0.0628191,719.5629045,,,1320.951709,,,CONFIRMED
5.3987355,1.66e-05,-1.66e-05,2.25345,0.146074,-0.146074,352.0,18.8276,-18.8276,5875.23,137.941,-137.941,1.26,0.07,-0.07,335.249,,,1192.0,,,CONFIRMED
7.16199,3.16e-05,-3.16e-05,5.05452,0.244184,-0.244184,800.0,0.170833,-0.170833,6229.0,123.8,-123.8,1.81,0.08,-0.08,1230.42,,,1649.0,,,CANDIDATE
1.4412175,4.6e-06,-4.6e-06,17.0442,0.982769,-0.982769,12927.0,423.876,-423.876,5672.9,168.9,-168.9,1.46,0.08,-0.08,1160.55,,,1626.0,,,FALSE POSITIVE
1.6849938,2.7e-06,-2.7e-06,3.76716,0.241205,-0.241205,990.0,1.73121,-1.73121,5923.0,128.1,-128.1,1.11,0.05,-0.05,342.918,,,1198.0,,,CANDIDATE
3.9152737,4e-06,-4e-06,9.43435,0.490566,-0.490566,3350.0,0.534017,-0.534017,5714.0,126.4,-126.4,1.58,0.08,-0.08,311.498,,,1170.0,,,CONFIRMED
3.1968838,7e-07,-7e-07,14.9685779,0.6826442,-0.6826442,7958.980656,22.66786,-22.66786,6470.0,129.5,-129.5,1.59715,0.0727236,-0.0727236,1843.1329908,,,1671.1249287,,,CONFIRMED
3.9443668,1e-06,-1e-06,14.5727196,0.7854702,-0.7854702,6732.488454,20.23155,-20.23155,5494.0,125.8,-125.8,1.75475,0.0942867,-0.0942867,1078.5986988,,,1461.6208264,,,CONFIRMED
3.93034,7e-05,-7e-05,14.8838,,,9724.58,0.581995,-0.581995,6292.0,,,1.37,,,815.91,,,,,,FALSE POSITIVE
4.5371361,1.8e-06,-1.8e-06,9.8153513,0.4877107,-0.4877107,4199.7558754,24.031218,-24.031218,5731.0,124.6,-124.6,1.48668,0.0724271,-0.0724271,732.0077048,,,1326.6264827,,,CONFIRMED
14.3392144,2.23e-05,-2.23e-05,2.2963233,0.759807,-0.759807,392.6346872,12.384206,-12.384206,6295.7,56.481,-56.481,1.1374201,0.0451659,-0.0451659,118.7538488,,,841.9410276,,,CONFIRMED
2.8716983,6.7e-06,-6.7e-06,18.1267,0.784303,-0.784303,8568.0,196.503,-196.503,6840.0,128.8,-128.8,1.91,0.08,-0.08,4494.25,,,2281.0,,,CONFIRMED
6.0964074,5.7e-06,-5.7e-06,2.5856853,0.2982962,-0.2982962,1142.4891745,32.002934,-32.002934,4820.4,31.6,-31.6,0.731699,0.0479774,-0.0479774,69.8633506,,,737.3642914,,,CONFIRMED
5.6666168,1.8e-06,-1.8e-06,14.8589,0.622276,-0.622276,9780.0,0.123059,-0.123059,6530.0,122.3,-122.3,1.47,0.06,-0.06,442.536,,,1277.0,,,CANDIDATE
1.56029,0.00012,-0.00012,18.4825,5.76818,-5.76818,1690.0,514.568,-514.568,6897.0,143.0,-143.0,2.29,0.09,-0.09,38412.5,,,3900.0,,,FALSE POSITIVE
8.8735214,1.53e-05,-1.53e-05,6.0401,0.617764,-0.617764,1949.0,400.077,-400.077,5992.0,131.1,-131.1,1.18,0.05,-0.05,1064.98,,,1591.0,,,FALSE POSITIVE
7.6869063,4.9e-06,-4.9e-06,23.7824,,,4500.0,269.038,-269.038,5147.3,155.8,-155.8,3.07,,,655.022,,,1409.0,,,FALSE POSITIVE
1.3797091,6.2e-06,-6.2e-06,22.2329,6.4039,-6.4039,1320.0,462.85,-462.85,5924.0,302.8,-302.8,2.67,0.13,-0.13,28702.5,,,3626.0,,,FALSE POSITIVE
2.6796,3e-05,-3e-05,11.8862,0.593028,-0.593028,7590.0,0.350176,-0.350176,5938.0,140.8,-140.8,1.32,0.07,-0.07,823.434,,,1492.0,,,FALSE POSITIVE
11.0765063,6.6e-06,-6.6e-06,12.8076,0.578892,-0.578892,4400.0,50.0679,-50.0679,6460.0,546.3,-546.3,1.86,0.08,-0.08,189.348,,,1033.0,,,FALSE POSITIVE
0.6193401,5e-07,-5e-07,8.84136,,,1853.0,161.464,-161.464,7812.5,329.0,-329.0,1.79,,,55990.1,,,,,,FALSE POSITIVE
2.6400663,7.6e-06,-7.6e-06,18.2671,,,1328.0,2141.55,-2141.55,5155.0,122.0,-122.0,2.72,,,7719.64,,,2611.0,,,FALSE POSITIVE
2.5778717,2.37e-05,-2.37e-05,18.687,4.23299,-4.23299,1010.0,145.056,-145.056,8321.0,197.5,-197.5,3.16,0.11,-0.11,62241.5,,,4400.0,,,FALSE POSITIVE
3.80509,0.00058,-0.00058,8.57193,0.655497,-0.655497,1280.0,2.2275,-2.2275,6555.5,142.0,-142.0,2.35,0.15,-0.15,1214.11,,,1644.0,,,FALSE POSITIVE
2.99041,0.00173,-0.00173,24.2511,9.66611,-9.66611,1290.0,603.19,-603.19,8542.0,204.7,-204.7,3.56,0.12,-0.12,54264.3,,,4252.0,,,FALSE POSITIVE
0.890967,1.7e-06,-1.7e-06,2.89678,0.213538,-0.213538,1100.0,2.01346,-2.01346,5159.2,91.4,-91.4,0.87,0.05,-0.05,3225.32,,,2099.0,,,FALSE POSITIVE
2.1096805,4e-06,-4e-06,3.6396725,0.5658798,-0.5658798,1309.7297126,50.87656,-50.87656,5673.0,188.0,-188.0,0.940806,0.0527538,-0.0527538,644.2138136,,,1284.923458,,,CONFIRMED
1.19888,0.00025,-0.00025,20.5525,1.59543,-1.59543,1169.03,1.88168,-1.88168,7315.0,243.8,-243.8,5.46,0.36,-0.36,3694.96,,,2172.0,,,FALSE POSITIVE
2.03905,0.00116,-0.00116,6.42307,0.974662,-0.974662,430.0,10.5726,-10.5726,9003.0,188.7,-188.7,2.68,0.07,-0.07,26394.8,,,3550.0,,,FALSE POSITIVE
2.9424142,8.9e-06,-8.9e-06,9.70968,2.47994,-2.47994,1400.0,1227.99,-1227.99,6854.0,347.9,-347.9,1.79,0.07,-0.07,23595.1,,,3452.0,,,FALSE POSITIVE
1.0793011,1.4e-06,-1.4e-06,3.31116,0.648103,-0.648103,1562.0,714.081,-714.081,4349.3,114.1,-114.1,0.67,0.06,-0.06,7736.05,,,2612.0,,,FALSE POSITIVE
4.0157492,2.09e-05,-2.09e-05,6.47219,0.464065,-0.464065,1150.0,94.9901,-94.9901,6585.0,233.8,-233.8,2.07,0.09,-0.09,669.61,,,1417.0,,,FALSE POSITIVE
2.01976,0.00179,-0.00179,7.3626,0.517527,-0.517527,3963.85,516.298,-516.298,7274.6,109.7,-109.7,1.72,0.05,-0.05,5926.69,,,2444.0,,,FALSE POSITIVE
8.1995368,1.68e-05,-1.68e-05,1.9226211,1.4381217,-1.4381217,903.3694431,62.166122,-62.166122,4028.0,170.0,-170.0,0.650533,0.0558995,-0.0558995,26.2353114,,,577.2199136,,,CANDIDATE
2.65646,0.00109,-0.00109,12.1711,0.791407,-0.791407,773.369,2.53298,-2.53298,6135.4,94.9,-94.9,3.98,0.12,-0.12,948.066,,,1545.0,,,FALSE POSITIVE
4.7201912,2.3e-06,-2.3e-06,15.2105,0.652801,-0.652801,6710.0,61.15,-61.15,6696.0,240.6,-240.6,1.8,0.08,-0.08,1112.85,,,1609.0,,,CONFIRMED
4.03349,0.00044,-0.00044,23.4514,,,1530.0,1.51615,-1.51615,11348.0,127.0,-127.0,6.37,,,5512.68,,,2400.0,,,FALSE POSITIVE
3.3295394,1.16e-05,-1.16e-05,14.3988,0.921482,-0.921482,2620.0,5.67339,-5.67339,7965.0,194.3,-194.3,2.35,0.11,-0.11,2238.0,,,1916.0,,,FALSE POSITIVE
3.8615978,1.59e-05,-1.59e-05,13.8394,3.77713,-3.77713,1020.0,192.279,-192.279,7396.0,174.0,-174.0,2.45,0.09,-0.09,2320.32,,,1933.0,,,FALSE POSITIVE
3.3448312,2.3e-06,-2.3e-06,21.2012,0.815526,-0.815526,13626.0,210.226,-210.226,9364.0,179.1,-179.1,1.76,0.07,-0.07,4468.21,,,2277.0,,,CONFIRMED
95.174,,,7.8498891,0.7399995,-0.7399995,2600.061605,212.36592,-212.36592,5723.2,57.0,-57.0,1.51811,0.0699799,-0.0699799,0.9938316,,,254.6525048,,,CONFIRMED
8.8803281,5.6e-06,-5.6e-06,3.20594,0.162835,-0.162835,1238.0,13.9249,-13.9249,5555.7,313.7,-313.7,0.92,0.05,-0.05,60.7382,,,777.0,,,CONFIRMED
28.580474,3.86e-05,-3.86e-05,3.1455035,0.2142796,-0.2142796,1081.396943,13.775252,-13.775252,5555.7,313.7,-313.7,0.920435,0.0463115,-0.0463115,20.8500726,,,545.0001759,,,CONFIRMED
38.3511223,6.97e-05,-6.97e-05,3.2843583,0.1753467,-0.1753467,1029.0917261,14.721831,-14.721831,5555.7,313.7,-313.7,0.920435,0.0463115,-0.0463115,14.086845,,,494.1094771,,,CONFIRMED
1.4015183,4.8e-06,-4.8e-06,1.4616853,1.8385029,-1.8385029,593.7540922,42.808456,-42.808456,3794.0,69.0,-69.0,0.597007,0.01815,-0.01815,149.3747543,,,891.6389885,,,CONFIRMED
8.5874668,0.0049814,-0.0049814,5.3744721,0.9241127,-0.9241127,1904.8131484,340.71796,-340.71796,5929.0,124.812,-124.812,0.987583,0.0471407,-0.0471407,152.0429498,,,895.5943008,,,FALSE POSITIVE
6.4474918,4.9e-06,-4.9e-06,48.9878,2.86097,-2.86097,9270.0,5696.09,-5696.09,6477.6,101.6,-101.6,1.69,0.07,-0.07,720.601,,,1443.0,,,FALSE POSITIVE
3.4040139,1.23e-05,-1.23e-05,5.34279,0.707446,-0.707446,935.0,113.812,-113.812,9622.0,756.2,-756.2,1.65,0.19,-0.19,81123.4,,,4701.0,,,FALSE POSITIVE
13.7432169,9.34e-05,-9.34e-05,25.7481,2.59452,-2.59452,5046.0,5630.34,-5630.34,5941.5,161.9,-161.9,1.4,0.01,-0.01,176.671,,,1015.0,,,FALSE POSITIVE
8.47134,0.00488,-0.00488,16.9325,,,540.0,185.819,-185.819,5146.0,122.0,-122.0,4.88,,,3465.35,,,2137.0,,,CANDIDATE
5.5025577,1.52e-05,-1.52e-05,2.7049797,0.2077039,-0.2077039,844.7022676,47.17633,-47.17633,4965.0,124.0,-124.0,0.784109,0.0494724,-0.0494724,102.6644008,,,811.847988,,,CONFIRMED
1.7622537,4.6e-06,-4.6e-06,2.5235818,0.282786,-0.282786,733.5550822,44.17279,-44.17279,4965.0,124.0,-124.0,0.784109,0.0494724,-0.0494724,468.5415425,,,1186.6066429,,,CONFIRMED
0.8474218,4.8e-06,-4.8e-06,1.7536544,1.371646,-1.371646,424.3932848,29.129574,-29.129574,5300.0,143.2,-143.2,0.846387,0.0434397,-0.0434397,1876.1315489,,,1678.5549814,,,CONFIRMED
4.8420438,1.67e-05,-1.67e-05,1.6177405,0.6245401,-0.6245401,318.6638392,31.045536,-31.045536,5300.0,143.2,-143.2,0.846387,0.0434397,-0.0434397,183.6641995,,,938.9141348,,,CONFIRMED
2.14056,0.00023,-0.00023,1.83828,0.167472,-0.167472,355.8315803,34.70787,-34.70787,4567.0,143.3,-143.3,0.84,0.05,-0.05,316.156,,,1174.0,,,FALSE POSITIVE
4.1269046,8e-07,-8e-07,17.0952,0.698036,-0.698036,10831.0,34.3442,-34.3442,6888.0,204.0,-204.0,1.59,0.06,-0.06,1436.49,,,1715.0,,,CONFIRMED
5.5402372,3.34e-05,-3.34e-05,17.4013,0.874591,-0.874591,2710.0,91.5963,-91.5963,6415.0,152.8,-152.8,3.39,0.15,-0.15,2282.41,,,1925.0,,,CANDIDATE
4.4350025,8.1e-06,-8.1e-06,9.91393,1.00166,-1.00166,2085.0,307.043,-307.043,9706.0,667.9,-667.9,1.87,0.14,-0.14,6855.78,,,2535.0,,,FALSE POSITIVE
1.4287976,4.1e-06,-4.1e-06,9.00484,,,1768.0,1207.12,-1207.12,9224.0,163.0,-163.0,1.65,,,165726.0,,,5621.0,,,FALSE POSITIVE
2.1702725,1.44e-05,-1.44e-05,15.2590586,0.5568011,-0.5568011,5156.7735359,31.161726,-31.161726,9218.0,636.1,-636.1,1.8527499,0.0672563,-0.0672563,11706.9549101,,,2652.9602078,,,CANDIDATE
0.33759,5e-05,-5e-05,2.96097,0.156624,-0.156624,529.0,28.4954,-28.4954,7387.0,515.6,-515.6,1.37,0.05,-0.05,9164.98,,,2725.0,,,FALSE POSITIVE
1.67346,2e-05,-2e-05,5.10182,,,390.0,0.354149,-0.354149,10445.0,124.0,-124.0,2.45,,,19786.3,,,3304.0,,,FALSE POSITIVE
2.5152549,4.4e-06,-4.4e-06,13.4294,2.72798,-2.72798,1870.0,130.449,-130.449,5915.0,191.0,-191.0,2.11,0.1,-0.1,4740.94,,,2311.0,,,FALSE POSITIVE
0.4628844,1.52e-05,-1.52e-05,1.3543237,0.1815751,-0.1815751,4489.9119215,173.90933,-173.90933,3043.0,63.0,-63.0,0.188624,0.0057103,-0.0057103,64.718104,,,723.3961549,,,CONFIRMED
0.70902,0.00036,-0.00036,5.18865,0.325913,-0.325913,570.0,1.19453,-1.19453,8999.0,297.4,-297.4,2.36,0.07,-0.07,65312.0,,,4453.0,,,FALSE POSITIVE
2.237462,1.16e-05,-1.16e-05,10.2256,0.533092,-0.533092,4281.0,210.488,-210.488,7050.0,166.7,-166.7,1.66,0.07,-0.07,3143.23,,,2085.0,,,CANDIDATE
1.9173816,5e-06,-5e-06,17.5081,,,664.0,40.4459,-40.4459,8129.0,122.0,-122.0,7.39,,,1941.36,,,1849.0,,,CANDIDATE
9.6926509,1.02e-05,-1.02e-05,13.5133,0.720922,-0.720922,1393.0,49.959,-49.959,6012.0,128.6,-128.6,3.51,0.17,-0.17,198.127,,,1045.0,,,FALSE POSITIVE
1.7753644,1.1e-06,-1.1e-06,9.49405,0.312483,-0.312483,878.0,12.6595,-12.6595,9598.0,143.1,-143.1,3.23,0.1,-0.1,7558.32,,,2597.0,,,CANDIDATE
1.8286961,6e-07,-6e-07,21.4433,2.03926,-2.03926,7283.0,4371.13,-4371.13,6046.3,179.4,-179.4,1.23,0.05,-0.05,18194.7,,,3235.0,,,FALSE POSITIVE
14.8626982,7.9e-06,-7.9e-06,26.5090911,7.460604,-7.460604,8264.2193919,70.83259,-70.83259,5705.0,185.1,-185.1,1.73364,0.0842312,-0.0842312,202.6095767,,,962.2429589,,,FALSE POSITIVE
2.0881134,7e-06,-7e-06,5.41738,0.375371,-0.375371,730.0,89.0682,-89.0682,6255.8,330.7,-330.7,1.7,0.08,-0.08,8383.12,,,2665.0,,,FALSE POSITIVE
1.25562,0.00024,-0.00024,2.95064,0.21712,-0.21712,290.0,0.738273,-0.738273,5717.0,132.4,-132.4,1.72,0.08,-0.08,2790.4,,,2024.0,,,FALSE POSITIVE
7.6047417,0.0003056,-0.0003056,6.14418,0.369492,-0.369492,1200.0,65.5037,-65.5037,9139.0,167.7,-167.7,1.8,0.09,-0.09,2393.29,,,1948.0,,,FALSE POSITIVE
5.2651271,4.6e-06,-4.6e-06,11.2446,0.411863,-0.411863,3450.0,166.451,-166.451,8728.0,161.6,-161.6,1.7,0.05,-0.05,2619.14,,,1993.0,,,FALSE POSITIVE
6.1600888,1.35e-05,-1.35e-05,8.22262,0.523202,-0.523202,1120.0,192.971,-192.971,5772.0,123.2,-123.2,1.55,0.07,-0.07,143.457,,,964.0,,,FALSE POSITIVE
3.8529998,3.3e-06,-3.3e-06,15.4014,0.844409,-0.844409,8913.0,98.5001,-98.5001,6893.4,147.5,-147.5,1.57,0.09,-0.09,1099.44,,,1604.0,,,CONFIRMED
1.06884,0.00034,-0.00034,10.3628,0.812198,-0.812198,470.0,1.70665,-1.70665,9222.0,179.0,-179.0,4.94,0.19,-0.19,32361.2,,,3736.0,,,FALSE POSITIVE
5.4561177,2.47e-05,-2.47e-05,5.78741,0.295284,-0.295284,1360.0,90.3633,-90.3633,7465.0,170.4,-170.4,1.51,0.05,-0.05,796.96,,,1480.0,,,FALSE POSITIVE
1.7380504,2.8e-06,-2.8e-06,4.42263,0.270415,-0.270415,956.0,64.9713,-64.9713,6026.0,128.9,-128.9,1.45,0.06,-0.06,787.969,,,1476.0,,,FALSE POSITIVE
5.7785318,5.1e-06,-5.1e-06,42.6903,10.5937,-10.5937,4990.0,8665.45,-8665.45,8224.0,161.9,-161.9,2.92,0.1,-0.1,2264.51,,,1921.0,,,FALSE POSITIVE
1.41072,0.00028,-0.00028,8.4993,,,500.0,1.05689,-1.05689,5197.0,122.0,-122.0,3.84,,,2001.09,,,1863.0,,,FALSE POSITIVE
6.5601782,2.26e-05,-2.26e-05,28.2675,6.81709,-6.81709,2474.0,4598.32,-4598.32,9976.0,352.0,-352.0,2.62,0.08,-0.08,20126.7,,,3318.0,,,CANDIDATE
1.532703,1.46e-05,-1.46e-05,10.8699,2.32743,-2.32743,1250.0,2114.67,-2114.67,6023.1,122.1,-122.1,1.39,0.06,-0.06,26916.4,,,3568.0,,,FALSE POSITIVE
0.7131492,3.7e-06,-3.7e-06,4.89712,,,450.0,55.9689,-55.9689,5128.9,90.1,-90.1,1.93,,,18159.7,,,3234.0,,,FALSE POSITIVE
25.8386422,5.77e-05,-5.77e-05,4.31235,0.241657,-0.241657,1806.0,67.3058,-67.3058,5769.0,146.5,-146.5,1.03,0.05,-0.05,32.9135,,,667.0,,,CONFIRMED
0.78381,0.00015,-0.00015,3.89595,0.236466,-0.236466,426.099,1.1574,-1.1574,7842.0,120.2,-120.2,1.72,0.05,-0.05,9401.36,,,2743.0,,,FALSE POSITIVE
4.4652986,9e-07,-9e-07,14.5331,0.65462,-0.65462,14440.0,235.36,-235.36,6051.2,106.5,-106.5,1.18,0.05,-0.05,259.687,,,1118.0,,,CONFIRMED
11.0708575,2.77e-05,-2.77e-05,2.3337648,1.646811,-1.646811,1149.7328034,91.839714,-91.839714,4356.0,173.0,-173.0,0.700727,0.0575277,-0.0575277,22.4219066,,,554.9934842,,,CONFIRMED
2.6380089,5.9e-06,-5.9e-06,12.8098,2.14567,-2.14567,1683.0,702.489,-702.489,7495.0,195.4,-195.4,2.5,0.1,-0.1,26423.9,,,3551.0,,,FALSE POSITIVE
2.7260173,6.2e-06,-6.2e-06,4.98036,1.77314,-1.77314,1165.0,2281.09,-2281.09,5256.0,125.8,-125.8,0.79,0.04,-0.04,4788.29,,,2317.0,,,FALSE POSITIVE
2.86876,0.00042,-0.00042,8.48351,0.518841,-0.518841,1030.0,2.17774,-2.17774,8342.0,285.2,-285.2,2.65,0.09,-0.09,2571.69,,,1983.0,,,FALSE POSITIVE
0.5590256,1.7e-06,-1.7e-06,4.22851,,,660.0,105.909,-105.909,,,,1.35,,,2015.68,,,1866.0,,,FALSE POSITIVE
2.958148,1.3e-05,-1.3e-05,4.47387,0.273211,-0.273211,980.0,57.7096,-57.7096,6294.0,142.8,-142.8,1.58,0.07,-0.07,4739.26,,,2311.0,,,FALSE POSITIVE
0.98736,0.00017,-0.00017,3.41784,0.282621,-0.282621,370.0,1.22746,-1.22746,6301.3,135.2,-135.2,1.69,0.1,-0.1,2591.32,,,1987.0,,,FALSE POSITIVE
3.99307,0.00063,-0.00063,6.35126,0.329438,-0.329438,3892.81,3.4588,-3.4588,4731.1,101.1,-101.1,0.93,0.04,-0.04,1282.52,,,1667.0,,,FALSE POSITIVE
8.6795072,4.22e-05,-4.22e-05,24.132,5.63409,-5.63409,10160.0,17032.0,-17032.0,6057.0,140.2,-140.2,1.14,0.05,-0.05,578.958,,,1366.0,,,FALSE POSITIVE
1.3812787,3.5e-06,-3.5e-06,5.91488,1.10109,-1.10109,1573.0,549.312,-549.312,6483.0,147.9,-147.9,1.38,0.06,-0.06,24595.6,,,3488.0,,,FALSE POSITIVE
5.48923,0.00073,-0.00073,11.8401,4.4113,-4.4113,910.0,601.741,-601.741,6004.0,116.9,-116.9,1.62,0.07,-0.07,2592.62,,,1987.0,,,FALSE POSITIVE
7.3845072,1.9e-06,-1.9e-06,23.6091,,,25160.0,0.616532,-0.616532,6149.2,239.7,-239.7,1.43,,,514.397,,,,,,FALSE POSITIVE
0.43889,1e-05,-1e-05,6.69456,0.458256,-0.458256,650.0,2.06904,-2.06904,7111.0,125.5,-125.5,2.32,0.1,-0.1,14357.3,,,3049.0,,,FALSE POSITIVE
2.3359622,0.0008075,-0.0008075,18.3852989,19.547457,-19.547457,3066.2492749,170.41193,-170.41193,7577.0,141.5,-141.5,2.0780001,0.0756332,-0.0756332,7363.4830838,,,2362.6020308,,,FALSE POSITIVE
6.8674054,3.27e-05,-3.27e-05,2.4024,0.142701,-0.142701,779.0,36.5019,-36.5019,6051.5,118.3,-118.3,1.03,0.04,-0.04,297.944,,,1157.0,,,CANDIDATE
14.431887,5.13e-05,-5.13e-05,3.73311,0.188441,-0.188441,1687.0,55.5468,-55.5468,6051.5,118.3,-118.3,1.03,0.04,-0.04,52.4908,,,749.0,,,CANDIDATE
10.5739824,2.24e-05,-2.24e-05,9.43898,0.456139,-0.456139,5460.0,0.963427,-0.963427,6519.0,135.5,-135.5,1.27,0.06,-0.06,171.146,,,1007.0,,,CONFIRMED
9.9783319,6.1e-05,-6.1e-05,2.0515332,0.9935112,-0.9935112,179.2248456,17.946602,-17.946602,6073.5,6064.9,-6064.9,1.47131,0.0695252,-0.0695252,300.9646623,,,1062.3035336,,,CONFIRMED
4.4247042,9e-07,-9e-07,8.3621,0.715113,-0.715113,2447.0,193.139,-193.139,6594.0,709.2,-709.2,1.49,0.11,-0.11,465.179,,,1293.0,,,CONFIRMED
2.2222094,1.28e-05,-1.28e-05,1.39527,0.138361,-0.138361,87.0,9.08663,-9.08663,6594.0,709.2,-709.2,1.49,0.11,-0.11,2005.35,,,1864.0,,,CONFIRMED
1.0082361,1.5e-06,-1.5e-06,1.7202,0.0924458,-0.0924458,228.0,12.1939,-12.1939,5795.29,44.5804,-44.5804,1.13,0.05,-0.05,1882.94,,,1835.0,,,CONFIRMED
1.2168732,5.25e-05,-5.25e-05,3.43106,0.30991,-0.30991,1240.0,138.626,-138.626,4634.6,106.7,-106.7,0.78,0.06,-0.06,153.719,,,980.0,,,CONFIRMED
1.4520486,2.2e-06,-2.2e-06,1.404,0.136111,-0.136111,393.0,19.8769,-19.8769,4184.0,124.368,-124.368,0.69,0.06,-0.06,266.85,,,1125.0,,,CONFIRMED
6.1182129,0.0008535,-0.0008535,6.1579891,22.368395,-22.368395,1805.1895773,337.29852,-337.29852,5427.0,141.322,-141.322,0.890109,0.0504724,-0.0504724,149.0299553,,,891.1240042,,,CANDIDATE
14.4204896,0.0001337,-0.0001337,4.7909139,0.3734343,-0.3734343,1061.4991496,41.82413,-41.82413,6383.0,130.424,-130.424,1.41048,0.0649246,-0.0649246,186.8796664,,,942.9968937,,,CANDIDATE
1.0697621,2e-06,-2e-06,1.60037,0.129531,-0.129531,376.0,30.5043,-30.5043,4946.0,128.622,-128.622,0.8,0.05,-0.05,1061.92,,,1590.0,,,CONFIRMED
3.0726434,1.1e-06,-1.1e-06,19.9197757,0.9026114,-0.9026114,10471.4949697,173.02533,-173.02533,7164.0,169.486,-169.486,1.55831,0.0589573,-0.0589573,2446.8848714,,,1793.7963398,,,CONFIRMED
2.8997405,9e-07,-9e-07,10.0433,0.564205,-0.564205,13760.0,0.845474,-0.845474,5224.0,118.05,-118.05,0.82,0.05,-0.05,176.587,,,1015.0,,,CONFIRMED
0.8533534,2.8e-06,-2.8e-06,12.600718,4.5996604,-4.5996604,25080.3290695,1052.1915,-1052.1915,3658.0,162.0,-162.0,0.608076,0.0190377,-0.0190377,262.1025386,,,1026.213105,,,CANDIDATE
6.9561134,1.53e-05,-1.53e-05,12.090823,0.6977469,-0.6977469,15989.231101,127.81271,-127.81271,5387.0,136.579,-136.579,0.940037,0.0535176,-0.0535176,136.9557694,,,872.4987884,,,CONFIRMED
13.001789,4.49e-05,-4.49e-05,3.84805,0.3972419,-0.3972419,1339.5837664,71.92465,-71.92465,5914.0,125.3,-125.3,1.00826,0.0466332,-0.0466332,90.515093,,,786.6834253,,,CONFIRMED
2.7556532,0.0008404,-0.0008404,6.4145519,7.742217,-7.742217,2854.4589288,153.26804,-153.26804,4993.0,127.12,-127.12,0.696945,0.04299,-0.04299,207.2386368,,,967.6926252,,,FALSE POSITIVE
4.8962484,1.61e-05,-1.61e-05,3.5246468,0.3292043,-0.3292043,1186.0289925,106.18893,-106.18893,4528.99,104.619,-104.619,0.799965,0.0529221,-0.0529221,95.080851,,,796.4215716,,,CANDIDATE
0.78999,2e-05,-2e-05,1.99,0.37,-0.37,5750.0,279.0,-279.0,5558.0,103.5,-103.5,1.1,0.04,-0.04,5497.38,,,2398.0,,,FALSE POSITIVE
12.80758,0.00023,-0.00023,11.4222,0.505247,-0.505247,27112.7,6.97744,-6.97744,5094.4,106.1,-106.1,0.63,0.03,-0.03,28.4034,,,643.0,,,FALSE POSITIVE
11.35626,0.00118,-0.00118,12.9372,1.89571,-1.89571,2190.0,58.5655,-58.5655,6314.0,134.8,-134.8,2.14,0.1,-0.1,1493.65,,,1731.0,,,FALSE POSITIVE
0.6412558,0.0001092,-0.0001092,4.841202,7.962996,-7.962996,1029.5348333,156.71747,-156.71747,5854.65,147.439,-147.439,1.47292,0.0925879,-0.0925879,10373.5192117,,,2573.9569471,,,FALSE POSITIVE
2.3109689,1e-06,-1e-06,17.30428,0.8361759,-0.8361759,6829.4236495,34.351486,-34.351486,6371.0,197.0,-197.0,1.95411,0.0941057,-0.0941057,4324.0354536,,,2068.197749,,,CONFIRMED
7.4341456,9.5e-06,-9.5e-06,1.97737,0.121581,-0.121581,701.0,18.1495,-18.1495,5064.0,119.118,-119.118,0.78,0.05,-0.05,48.0098,,,733.0,,,CONFIRMED
2.650232,3e-07,-3e-07,15.9327,0.523278,-0.523278,6449.0,84.2116,-84.2116,7400.0,189.5,-189.5,1.94,0.06,-0.06,1454.53,,,1720.0,,,CONFIRMED
6.1095756,2.52e-05,-2.52e-05,2.19963,0.151391,-0.151391,510.0,43.3345,-43.3345,5587.0,126.4,-126.4,0.91,0.05,-0.05,117.102,,,916.0,,,CANDIDATE
29.871853,0.0001328,-0.0001328,2.4078494,0.1862556,-0.1862556,712.5668187,53.994087,-53.994087,5393.86,139.682,-139.682,0.735511,0.0446382,-0.0446382,12.0302137,,,474.9939578,,,CANDIDATE
0.6858178,1.12e-05,-1.12e-05,0.9996714,1.2768867,-1.2768867,148.2277582,19.49889,-19.49889,5142.0,122.712,-122.712,0.82354,0.0484071,-0.0484071,2010.0397143,,,1707.7366899,,,CANDIDATE
0.8675883,1.15e-05,-1.15e-05,1.4302423,1.0788049,-1.0788049,321.4840933,34.87502,-34.87502,5011.22,102.681,-102.681,0.74524,0.0389146,-0.0389146,1118.0589981,,,1474.8095115,,,CANDIDATE
18.840891,5.38e-05,-5.38e-05,2.00342,0.096805,-0.096805,331.0,7.97435,-7.97435,6093.0,124.709,-124.709,1.22,0.05,-0.05,94.5008,,,868.0,,,CONFIRMED
5.1396666,4.3e-06,-4.3e-06,2.259057,1.784941,-1.784941,769.5996824,44.599945,-44.599945,5374.0,183.0,-183.0,0.815924,0.0458266,-0.0458266,143.9144538,,,883.3765229,,,CONFIRMED
9.4280902,1.2e-05,-1.2e-05,2.49195,0.177478,-0.177478,799.0,67.519,-67.519,5374.0,183.0,-183.0,0.82,0.05,-0.05,25.1545,,,623.0,,,CONFIRMED
27.6438617,8.36e-05,-8.36e-05,3.68027,0.206658,-0.206658,560.0,24.6577,-24.6577,5873.0,123.835,-123.835,1.62,0.08,-0.08,68.4355,,,801.0,,,CONFIRMED
6.267832,2.29e-05,-2.29e-05,1.99779,0.0837751,-0.0837751,321.0,7.45646,-7.45646,5950.0,,,1.15,0.05,-0.05,203.434,,,1052.0,,,CONFIRMED
15.5174519,0.0001366,-0.0001366,2.43592,0.167012,-0.167012,434.0,18.5805,-18.5805,5780.0,,,1.34,0.08,-0.08,207.048,,,1056.0,,,CANDIDATE
4.6274206,2.62e-05,-2.62e-05,1.43332,0.137271,-0.137271,152.4142924,15.607096,-15.607096,5780.0,,,1.34,0.08,-0.08,557.8163511,,,1239.4886654,,,CANDIDATE
22.092974,0.0001442,-0.0001442,2.33525,0.149162,-0.149162,435.0,23.9822,-23.9822,5885.0,201.605,-201.605,1.24,0.06,-0.06,64.932,,,790.0,,,CANDIDATE
0.4090681,3.7e-06,-3.7e-06,1.1833779,0.2699512,-0.2699512,1281.2294665,61.829594,-61.829594,3328.0,157.0,-157.0,0.308799,0.00923,-0.00923,207.0242436,,,967.4422529,,,CONFIRMED
23.5407467,6.54e-05,-6.54e-05,2.11441,0.134214,-0.134214,956.0,34.8081,-34.8081,5236.0,125.328,-125.328,0.75,0.04,-0.04,16.8576,,,564.0,,,CONFIRMED
0.4702719,4.7e-06,-4.7e-06,1.4344026,0.5032076,-0.5032076,209.49313,11.411033,-11.411033,5466.0,121.494,-121.494,0.92499,0.0470452,-0.0470452,5028.6262848,,,2147.7419002,,,CONFIRMED
9.8130697,5.69e-05,-5.69e-05,2.67352,0.1451,-0.1451,630.0,0.482368,-0.482368,6240.0,153.608,-153.608,1.06,0.05,-0.05,175.261,,,1013.0,,,CANDIDATE
4.7842093,3.02e-05,-3.02e-05,2.14401,0.124344,-0.124344,390.0,0.450419,-0.450419,6240.0,153.608,-153.608,1.06,0.05,-0.05,428.772,,,1267.0,,,CANDIDATE
6.3170657,2.33e-05,-2.33e-05,2.4720516,0.3572045,-0.3572045,688.3375977,56.892185,-56.892185,5180.0,101.324,-101.324,0.83031,0.0398744,-0.0398744,108.3220651,,,822.8089031,,,CANDIDATE
4.5057387,1.94e-05,-1.94e-05,1.7133121,2.74371,-2.74371,428.7456455,53.46363,-53.46363,5180.0,101.324,-101.324,0.83031,0.0398744,-0.0398744,169.9741138,,,920.906304,,,CANDIDATE
8.0970819,0.0026823,-0.0026823,2.6354043,0.835383,-0.835383,4723.0724376,601.42126,-601.42126,3391.0,157.0,-157.0,0.381586,0.0113779,-0.0113779,5.3632275,,,388.1291894,,,CONFIRMED
2.3691849,8.6e-06,-8.6e-06,1.614201,2.003733,-2.003733,699.3113402,83.682495,-83.682495,5780.0,,,0.604385,0.0249697,-0.0249697,427.9831307,,,1160.0492093,,,CANDIDATE
5.13002,3e-05,-3e-05,8.86428,0.524885,-0.524885,3376.0,2.01525,-2.01525,5430.7,64.5,-64.5,1.58,0.08,-0.08,842.866,,,1501.0,,,CANDIDATE
2.0439268,4.1e-06,-4.1e-06,1.0924808,0.3749867,-0.3749867,465.1929875,23.395939,-23.395939,3407.0,157.0,-157.0,0.473603,0.0139457,-0.0139457,44.9492524,,,660.3898166,,,CONFIRMED
16.5379864,5.19e-05,-5.19e-05,2.51948,0.164763,-0.164763,608.0,41.2811,-41.2811,5781.0,130.458,-130.458,1.03,0.05,-0.05,53.0216,,,751.0,,,CONFIRMED
11.0619937,1.53e-05,-1.53e-05,1.6184944,0.224607,-0.224607,3249.1164334,153.94768,-153.94768,3248.0,157.0,-157.0,0.275364,0.0093413,-0.0093413,2.0225025,,,304.152939,,,CONFIRMED
6.5886877,4.9e-06,-4.9e-06,2.12746,0.149295,-0.149295,852.0,28.6393,-28.6393,4920.0,127.0,-127.0,0.71,0.05,-0.05,28.9612,,,646.0,,,CONFIRMED
4.3135263,9.7e-06,-9.7e-06,1.17405,0.0928722,-0.0928722,274.0,18.6795,-18.6795,4920.0,127.0,-127.0,0.71,0.05,-0.05,142.833,,,963.0,,,CONFIRMED
2.6794168,2e-06,-2e-06,13.6925582,0.6610956,-0.6610956,13578.3447901,105.18082,-105.18082,6075.0,137.6,-137.6,1.14394,0.0547236,-0.0547236,1027.9022729,,,1444.134709,,,CANDIDATE
18.712253,0.000315,-0.000315,10.3984,0.477121,-0.477121,6066.0,140.366,-140.366,6125.0,122.2,-122.2,1.27,0.06,-0.06,171.765,,,1008.0,,,CONFIRMED
2.7759678,9e-07,-9e-07,15.4018,0.782614,-0.782614,13613.0,87.8007,-87.8007,6140.0,125.7,-125.7,1.24,0.06,-0.06,1597.59,,,1761.0,,,CONFIRMED
6.8424983,4.7e-06,-4.7e-06,16.4578474,4.656087,-4.656087,8029.880305,116.70515,-116.70515,5766.0,,,1.1282001,,,215.5002138,,,977.1959895,,,FALSE POSITIVE
2.1779407,4e-06,-4e-06,1.28228,0.0665152,-0.0665152,110.0,3.70298,-3.70298,5801.89,124.625,-124.625,1.26,0.06,-0.06,759.183,,,1462.0,,,CONFIRMED
2.8791023,0.000125,-0.000125,12.0920506,0.7181252,-0.7181252,11426.6170088,188.39821,-188.39821,5583.0,127.666,-127.666,1.1145999,0.0614975,-0.0614975,693.2320081,,,1308.6978872,,,CONFIRMED
11.3125266,1.86e-05,-1.86e-05,2.686447,0.4177899,-0.4177899,861.7265878,37.56818,-37.56818,5290.0,129.841,-129.841,0.854841,0.0491557,-0.0491557,56.1140618,,,698.0518398,,,CANDIDATE
1.4200248,3e-07,-3e-07,12.5242,0.748036,-0.748036,23730.0,2.10693,-2.10693,4910.0,108.354,-108.354,0.77,0.05,-0.05,382.328,,,1231.0,,,CONFIRMED
1.8718991,8e-06,-8e-06,2.40733,0.800205,-0.800205,920.0,86.4538,-86.4538,4201.0,125.587,-125.587,0.75,0.07,-0.07,167.099,,,1001.0,,,CANDIDATE
5.9711357,1.37e-05,-1.37e-05,1.8721145,1.216491,-1.216491,1437.1086027,108.99147,-108.99147,3834.0,157.0,-157.0,0.490737,0.0145151,-0.0145151,18.0882455,,,525.9795517,,,CONFIRMED
15.5324385,3.26e-05,-3.26e-05,2.013576,0.5510085,-0.5510085,2937.4953214,149.57779,-149.57779,3382.0,157.0,-157.0,0.369306,0.010922,-0.010922,2.1399188,,,308.4743596,,,CONFIRMED
1.880531,6.8e-06,-6.8e-06,1.4548629,0.1742698,-0.1742698,1214.0066593,99.69469,-99.69469,3382.0,157.0,-157.0,0.369306,0.010922,-0.010922,35.7280633,,,623.5511988,,,CONFIRMED
3.0929386,1.3e-06,-1.3e-06,1.2815317,0.3133767,-0.3133767,254.2319025,8.841737,-8.841737,4884.29,142.835,-142.835,0.750598,0.0575351,-0.0575351,192.9304989,,,950.5390679,,,CONFIRMED
6.7650398,7.4e-06,-7.4e-06,1.39215,0.11279,-0.11279,269.0,14.9177,-14.9177,4884.29,142.835,-142.835,0.75,0.06,-0.06,64.6487,,,789.0,,,CONFIRMED
3.4231002,1.4e-06,-1.4e-06,35.4084057,4.8527308,-4.8527308,8643.1016455,89.250626,-89.250626,5620.9,134.5,-134.5,2.6126101,0.158683,-0.158683,3086.1129325,,,1900.9587948,,,FALSE POSITIVE
2.5272822,0.0003859,-0.0003859,2.2007181,1.1227379,-1.1227379,1847.4872236,195.67229,-195.67229,3624.0,157.0,-157.0,0.49012,0.0145314,-0.0145314,45.3608214,,,661.896336,,,CONFIRMED
20.7724316,0.0002213,-0.0002213,3.91576,0.267684,-0.267684,1415.0,137.608,-137.608,5625.56,114.232,-114.232,0.97,0.04,-0.04,209.722,,,1060.0,,,CONFIRMED
52.5637056,0.0004228,-0.0004228,3.28372,0.170049,-0.170049,1193.0,45.8759,-45.8759,5625.56,114.232,-114.232,0.97,0.04,-0.04,14.3711,,,542.0,,,CONFIRMED
6.3634106,8.3e-06,-8.3e-06,4.4784698,0.3744701,-0.3744701,2368.6952027,97.57373,-97.57373,5103.0,131.442,-131.442,0.859483,0.0540654,-0.0540654,110.0200699,,,826.0146095,,,CONFIRMED
5.2544884,1.06e-05,-1.06e-05,2.1916,0.114108,-0.114108,567.0,22.175,-22.175,5958.0,121.256,-121.256,0.99,0.04,-0.04,284.941,,,1144.0,,,CONFIRMED
5.222621,0.0014355,-0.0014355,3.7216015,0.3812006,-0.3812006,15867.9920175,2007.716,-2007.716,3453.0,157.0,-157.0,0.275946,0.0084829,-0.0084829,2.7908584,,,329.6508495,,,FALSE POSITIVE
8.4953513,0.0012701,-0.0012701,5.2961699,5.2599535,-5.2599535,718.4869448,96.2614,-96.2614,10012.0,185.641,-185.641,1.88016,0.0501608,-0.0501608,2555.3062468,,,1813.345207,,,CANDIDATE
1.2174936,3e-07,-3e-07,12.9438,0.645728,-0.645728,6969.0,40.24,-40.24,6596.04,156.59,-156.59,1.46,0.07,-0.07,5165.92,,,2361.0,,,CONFIRMED
2.7324809,9.53e-05,-9.53e-05,18.2785375,0.9596931,-0.9596931,9548.2806012,248.573,-248.573,6695.0,131.35,-131.35,1.61271,0.0774221,-0.0774221,2531.1335542,,,1809.0414376,,,CONFIRMED
10.1802014,1.52e-05,-1.52e-05,12.3422,1.6935,-1.6935,11500.0,2982.18,-2982.18,5623.0,125.6,-125.6,1.04,0.05,-0.05,261.013,,,1119.0,,,CONFIRMED
16.6828999,0.0005765,-0.0005765,17.1854,3.41104,-3.41104,2054.0,1364.2,-1364.2,6423.0,83.8,-83.8,2.63,0.12,-0.12,15.2595,,,550.0,,,FALSE POSITIVE
4.86709,2e-05,-2e-05,7.42915,0.444077,-0.444077,4210.0,3.15395,-3.15395,5814.3,793.8,-793.8,1.15,0.06,-0.06,435.152,,,1272.0,,,CONFIRMED
2.1853174,4.2e-06,-4.2e-06,14.8742,1.03048,-1.03048,1168.0,75.8787,-75.8787,8332.0,129.9,-129.9,4.02,0.24,-0.24,2412.11,,,1952.0,,,FALSE POSITIVE
5.7121916,2.92e-05,-2.92e-05,15.4584,0.684563,-0.684563,7555.0,215.162,-215.162,6720.0,174.1,-174.1,1.79,0.07,-0.07,1009.66,,,1570.0,,,CANDIDATE
5.0037857,2.87e-05,-2.87e-05,6.77338,0.539051,-0.539051,1950.0,411.389,-411.389,6109.0,156.1,-156.1,1.09,0.05,-0.05,2812.53,,,2028.0,,,FALSE POSITIVE
1.1623941,2e-06,-2e-06,8.21669,0.456468,-0.456468,1099.0,70.3527,-70.3527,5843.7,198.1,-198.1,2.23,0.1,-0.1,1464.16,,,1723.0,,,FALSE POSITIVE
0.2666485,5e-07,-5e-07,1.30468,0.145092,-0.145092,230.0,0.645655,-0.645655,4154.0,173.4,-173.4,0.71,0.07,-0.07,3064.12,,,2072.0,,,FALSE POSITIVE
4.4902667,1.2e-05,-1.2e-05,5.56985,0.302512,-0.302512,2513.0,82.8209,-82.8209,5899.0,139.7,-139.7,1.23,0.06,-0.06,322.83,,,1180.0,,,CANDIDATE
0.86673,0.00021,-0.00021,3.54647,0.369081,-0.369081,662.925,2.93055,-2.93055,5904.0,249.1,-249.1,1.25,0.1,-0.1,1519.96,,,1739.0,,,FALSE POSITIVE
5.147905,7.5e-06,-7.5e-06,18.0411,1.10742,-1.10742,3710.0,4.56814,-4.56814,6064.0,131.7,-131.7,2.9,0.14,-0.14,1594.76,,,1760.0,,,CONFIRMED
5.0267996,6.9e-06,-6.9e-06,12.9814741,0.5946677,-0.5946677,6358.0060702,74.30245,-74.30245,6434.0,129.5,-129.5,1.4782799,0.0664975,-0.0664975,853.1354811,,,1378.3967823,,,CONFIRMED
10.82661,0.00064,-0.00064,11.5303,2.66157,-2.66157,5890.0,1179.24,-1179.24,5113.0,122.4,-122.4,0.68,0.04,-0.04,760.667,,,1463.0,,,FALSE POSITIVE
0.8165295,2.5e-06,-2.5e-06,4.12435,0.335822,-0.335822,468.0,59.9182,-59.9182,8911.0,721.2,-721.2,1.85,0.07,-0.07,136662.0,,,5356.0,,,FALSE POSITIVE
1.4014167,9e-06,-9e-06,11.8932,0.575633,-0.575633,2730.0,358.357,-358.357,8014.0,142.1,-142.1,1.6,0.05,-0.05,81940.9,,,4713.0,,,FALSE POSITIVE
5.8574075,3.1e-06,-3.1e-06,13.8892762,0.6163222,-0.6163222,6489.7302346,26.96511,-26.96511,5982.9,108.8,-108.8,1.67987,0.0741256,-0.0741256,750.9220273,,,1335.1143401,,,CONFIRMED
1.077774,3e-06,-3e-06,10.1773,1.29281,-1.29281,2680.0,824.811,-824.811,7274.0,508.9,-508.9,1.58,0.06,-0.06,61535.5,,,4387.0,,,FALSE POSITIVE
2.7536237,2.6e-05,-2.6e-05,11.1685,1.04857,-1.04857,1460.0,276.538,-276.538,5647.0,144.2,-144.2,2.41,0.13,-0.13,529.9,,,2565.0,,,FALSE POSITIVE
1.6534102,1.16e-05,-1.16e-05,6.07704,1.88336,-1.88336,600.0,882.755,-882.755,6928.0,149.8,-149.8,1.46,0.06,-0.06,58331.7,,,4329.0,,,FALSE POSITIVE
1.2456423,2.2e-06,-2.2e-06,3.80598,0.226527,-0.226527,691.0,38.2269,-38.2269,6194.0,130.4,-130.4,1.5,0.07,-0.07,1370.47,,,1695.0,,,FALSE POSITIVE
3.4272549,0.0007628,-0.0007628,7.7503736,6.953522,-6.953522,569.4677099,67.60695,-67.60695,6338.0,144.5,-144.5,2.0707099,0.0909045,-0.0909045,2690.6140029,,,1836.8876704,,,FALSE POSITIVE
10.9115374,1.88e-05,-1.88e-05,18.4382,6.28631,-6.28631,1039.0,1675.56,-1675.56,9195.0,235.0,-235.0,3.37,0.13,-0.13,17372.4,,,3198.0,,,FALSE POSITIVE
0.46741,2e-05,-2e-05,7.77804,4.12785,-4.12785,1592.12,446.391,-446.391,7960.5,143.8,-143.8,1.77,0.06,-0.06,137211.0,,,5361.0,,,FALSE POSITIVE
2.1575124,1.22e-05,-1.22e-05,11.8527,0.765591,-0.765591,550.0,79.5547,-79.5547,8326.0,230.8,-230.8,3.87,0.15,-0.15,4213.12,,,2244.0,,,FALSE POSITIVE
1.577609,4.6e-06,-4.6e-06,9.73924,0.549393,-0.549393,1055.0,56.8475,-56.8475,7856.0,606.1,-606.1,2.91,0.14,-0.14,2982.64,,,2058.0,,,FALSE POSITIVE
1.59782,6e-05,-6e-05,3.59995,0.207255,-0.207255,1713.69,4.56,-4.56,5037.6,64.8,-64.8,0.79,0.02,-0.02,955.676,,,1548.0,,,FALSE POSITIVE
1.23852,0.00023,-0.00023,7.11712,0.485025,-0.485025,440.0,0.95017,-0.95017,6524.0,188.4,-188.4,3.4,0.15,-0.15,9304.06,,,2736.0,,,FALSE POSITIVE
1.1025238,1e-06,-1e-06,15.8737,1.91696,-1.91696,2919.0,1217.98,-1217.98,9218.0,397.9,-397.9,2.0,0.06,-0.06,132458.0,,,5314.0,,,FALSE POSITIVE
1.76589,0.00087,-0.00087,4.06597,0.31643,-0.31643,730.0,2.27349,-2.27349,6221.0,156.4,-156.4,1.55,0.07,-0.07,6579.97,,,2509.0,,,FALSE POSITIVE
1.36991,0.00028,-0.00028,11.8886,0.65532,-0.65532,1170.0,1.20653,-1.20653,7339.8,150.7,-150.7,3.64,0.15,-0.15,18625.3,,,3254.0,,,FALSE POSITIVE
3.66505,0.00011,-0.00011,7.19016,,,910.0,2.05749,-2.05749,6370.0,122.0,-122.0,2.32,,,555.083,,,1352.0,,,FALSE POSITIVE
2.0560153,2e-07,-2e-07,17.2767,0.743032,-0.743032,17453.0,61.2207,-61.2207,6485.0,136.0,-136.0,1.24,0.05,-0.05,1899.83,,,1839.0,,,CONFIRMED
1.902606,7.4e-06,-7.4e-06,19.576504,1.506559,-1.506559,8984.9897271,29.384718,-29.384718,9918.0,1388.8,-1388.8,1.82241,0.140201,-0.140201,17123.005499,,,2917.5260913,,,CONFIRMED
1.0960111,3.13e-05,-3.13e-05,9.05714,,,2150.0,94.9153,-94.9153,6083.0,116.7,-116.7,1.58,,,14474.6,,,,,,FALSE POSITIVE
7.00776,0.00315,-0.00315,8.1288,0.625284,-0.625284,3666.99,18.0,-18.0,6347.0,102.6,-102.6,1.22,0.04,-0.04,302.511,,,1161.0,,,FALSE POSITIVE
6.1461734,4.75e-05,-4.75e-05,6.96236,2.36488,-2.36488,1034.0,1192.06,-1192.06,6153.0,155.5,-155.5,1.5,0.07,-0.07,8177.52,,,2649.0,,,FALSE POSITIVE
4.1812866,2.8e-06,-2.8e-06,15.448,0.737738,-0.737738,4280.0,45.1245,-45.1245,6146.0,188.9,-188.9,2.31,0.11,-0.11,1049.28,,,1585.0,,,FALSE POSITIVE
2.9798592,9.1e-06,-9.1e-06,4.92227,0.332283,-0.332283,580.0,1.93891,-1.93891,9024.0,335.2,-335.2,1.89,0.06,-0.06,8878.81,,,2704.0,,,FALSE POSITIVE
6.72694,0.00104,-0.00104,5.19273,0.351604,-0.351604,1070.0,2.69667,-2.69667,6745.0,164.6,-164.6,1.53,0.06,-0.06,264.81,,,1123.0,,,FALSE POSITIVE
10.9554897,0.0001421,-0.0001421,22.7316,,,370.0,660.223,-660.223,8522.0,122.0,-122.0,6.79,,,20081.6,,,3316.0,,,FALSE POSITIVE
0.6171788,3.4e-06,-3.4e-06,7.26341,0.594516,-0.594516,519.0,62.902,-62.902,9603.0,251.9,-251.9,3.14,0.13,-0.13,18771.3,,,3260.0,,,FALSE POSITIVE
1.5309799,2.2e-06,-2.2e-06,6.01061,0.369914,-0.369914,654.0,44.7008,-44.7008,6298.0,299.8,-299.8,2.38,0.11,-0.11,1124.09,,,1613.0,,,FALSE POSITIVE
5.0625809,4.7e-06,-4.7e-06,15.2343,0.693857,-0.693857,2884.0,126.345,-126.345,7664.0,135.0,-135.0,2.76,0.1,-0.1,1582.94,,,1757.0,,,CANDIDATE
0.50261,2e-05,-2e-05,6.28067,,,1120.0,2.96692,-2.96692,6941.0,,,1.67,,,15525.5,,,,,,FALSE POSITIVE
8.905407,4.9e-06,-4.9e-06,12.3602,0.537587,-0.537587,6702.0,136.817,-136.817,6659.0,172.5,-172.5,1.41,0.06,-0.06,236.656,,,1092.0,,,CANDIDATE
3.6458046,7e-06,-7e-06,2.93272,0.198607,-0.198607,1168.0,60.0418,-60.0418,5053.0,119.9,-119.9,0.88,0.05,-0.05,173.908,,,1011.0,,,CANDIDATE
8.0637954,1.21e-05,-1.21e-05,9.29431,3.12643,-3.12643,2301.0,6112.54,-6112.54,5053.0,119.9,-119.9,0.88,0.05,-0.05,25.9007,,,628.0,,,CANDIDATE
1.41853,0.00029,-0.00029,3.93221,0.315846,-0.315846,560.0,1.95042,-1.95042,6329.0,158.7,-158.7,1.68,0.08,-0.08,6293.46,,,2481.0,,,FALSE POSITIVE
6.5344463,1.46e-05,-1.46e-05,15.3823,0.684556,-0.684556,3240.0,154.822,-154.822,7715.3,362.3,-362.3,2.67,0.09,-0.09,982.822,,,1559.0,,,FALSE POSITIVE
2.013653,0.0004876,-0.0004876,9.0269074,1.0058509,-1.0058509,822.8974252,76.83918,-76.83918,10310.0,617.1,-617.1,2.67713,0.257347,-0.257347,38859.7127334,,,3580.9202252,,,FALSE POSITIVE
6.4902646,2.88e-05,-2.88e-05,3.24146,0.208758,-0.208758,1080.0,80.1201,-80.1201,5999.0,169.8,-169.8,0.96,0.05,-0.05,159.69,,,990.0,,,CANDIDATE
6.54692,0.00492,-0.00492,5.62882,0.417552,-0.417552,2400.0,7.33841,-7.33841,6034.0,121.7,-121.7,1.12,0.05,-0.05,483.652,,,1306.0,,,CANDIDATE
2.590266,2.02e-05,-2.02e-05,9.54526,1.14071,-1.14071,700.0,157.551,-157.551,5855.0,146.4,-146.4,3.22,0.16,-0.16,13184.6,,,2985.0,,,FALSE POSITIVE
6.74657,1e-05,-1e-05,16.2785,0.919926,-0.919926,2970.0,2.71583,-2.71583,5910.7,162.8,-162.8,2.57,0.13,-0.13,80.0277,,,833.0,,,FALSE POSITIVE
3.7983639,4e-06,-4e-06,13.7263,,,3194.0,184.383,-184.383,9500.0,,,2.36,,,2113.11,,,,,,FALSE POSITIVE
5.13664,0.00317,-0.00317,7.04152,0.518367,-0.518367,930.0,3.21692,-3.21692,9238.0,145.1,-145.1,2.32,0.08,-0.08,5106.92,,,2355.0,,,FALSE POSITIVE
1.5166573,7e-06,-7e-06,7.73846,0.425139,-0.425139,1590.0,87.0534,-87.0534,6905.3,169.9,-169.9,2.0,0.08,-0.08,2422.33,,,1954.0,,,FALSE POSITIVE
1.13345,0.0006,-0.0006,3.03424,0.268139,-0.268139,490.0,1.8831,-1.8831,6223.0,106.3,-106.3,1.4,0.08,-0.08,3611.25,,,2159.0,,,CANDIDATE
0.71933,0.00023,-0.00023,3.45648,0.319342,-0.319342,478.823,2.62489,-2.62489,5758.0,162.6,-162.6,1.44,0.08,-0.08,3964.33,,,2210.0,,,FALSE POSITIVE
2.5798051,2.15e-05,-2.15e-05,25.2815,3.44346,-3.44346,5740.0,6116.27,-6116.27,6116.5,210.9,-210.9,1.49,0.07,-0.07,7814.19,,,2619.0,,,FALSE POSITIVE
5.4499753,7.9e-06,-7.9e-06,5.28759,0.246683,-0.246683,973.0,23.9056,-23.9056,6220.5,151.8,-151.8,1.79,0.08,-0.08,839.203,,,1499.0,,,CANDIDATE
1.6256942,2.9e-06,-2.9e-06,32.1007,11.2021,-11.2021,1720.0,3754.51,-3754.51,6628.0,293.4,-293.4,3.96,0.19,-0.19,16378.0,,,3151.0,,,FALSE POSITIVE
1.67546,0.00029,-0.00029,6.44889,0.417778,-0.417778,1250.0,2.65702,-2.65702,6745.5,110.1,-110.1,1.78,0.07,-0.07,855.787,,,1506.0,,,CANDIDATE
7.57193,0.00278,-0.00278,10.2119,0.852754,-0.852754,420.0,1.97351,-1.97351,9146.0,140.2,-140.2,4.72,0.2,-0.2,795.635,,,1479.0,,,FALSE POSITIVE
9.4341589,1.06e-05,-1.06e-05,6.3734064,0.4152163,-0.4152163,4001.924935,97.82721,-97.82721,5450.4,272.0,-272.0,0.938168,0.0554422,-0.0554422,96.5333103,,,799.4458445,,,CONFIRMED
2.09989,7e-05,-7e-05,10.1564,1.58125,-1.58125,27336.4,1202.42,-1202.42,6025.3,331.7,-331.7,1.04,0.11,-0.11,422.491,,,1263.0,,,FALSE POSITIVE
1.44127,2e-05,-2e-05,9.20279,0.314565,-0.314565,2750.0,0.512875,-0.512875,8009.0,436.9,-436.9,1.65,0.05,-0.05,22433.7,,,3409.0,,,FALSE POSITIVE
1.08697,0.00021,-0.00021,4.98445,0.414572,-0.414572,860.0,3.09574,-3.09574,5751.0,167.7,-167.7,1.69,0.09,-0.09,2889.01,,,2042.0,,,FALSE POSITIVE
3.4648951,6.9e-06,-6.9e-06,9.72728,0.677133,-0.677133,1339.0,121.107,-121.107,8455.3,109.4,-109.4,2.54,0.12,-0.12,374.648,,,1225.0,,,CANDIDATE
14.152,3e-05,-3e-05,10.6751,1.45569,-1.45569,3800.0,92.805,-92.805,5823.9,138.2,-138.2,1.28,0.06,-0.06,288.531,,,1148.0,,,FALSE POSITIVE
0.2580006,8.7e-06,-8.7e-06,6.2776081,2.2770362,-2.2770362,812.7310325,42.260746,-42.260746,9035.0,204.2,-204.2,2.08687,0.101281,-0.101281,238125.9359212,,,5634.0594403,,,CANDIDATE
2.27456,0.00108,-0.00108,13.266,3.23854,-3.23854,1020.0,74.4735,-74.4735,6777.0,159.7,-159.7,3.35,0.16,-0.16,21521.5,,,3374.0,,,FALSE POSITIVE
0.98999,0.00047,-0.00047,3.95137,0.349131,-0.349131,420.0,2.23588,-2.23588,6208.0,172.9,-172.9,1.84,0.08,-0.08,7729.29,,,2612.0,,,FALSE POSITIVE
1098.2258586,1.2e-06,-1.2e-06,5.13949,0.420189,-0.420189,4496.0,109.653,-109.653,4582.0,131.0,-131.0,0.74,0.06,-0.06,0.0125876,,,93.0,,,CANDIDATE
1099.2560385,0.0063003,-0.0063003,23.8658,,,2970.0,1130.33,-1130.33,8494.0,,,2.18,,,,,,,,,CANDIDATE
3.01106,0.0008,-0.0008,7.20703,1.30585,-1.30585,1617.22,2.33785,-2.33785,6516.0,559.8,-559.8,1.63,0.29,-0.29,1281.74,,,1666.0,,,FALSE POSITIVE
1.35932,6e-05,-6e-05,10.3751,2.44543,-2.44543,2840.0,524.238,-524.238,5421.0,130.6,-130.6,0.94,0.05,-0.05,15609.5,,,3113.0,,,FALSE POSITIVE
1.71614,0.00072,-0.00072,14.1349,0.928386,-0.928386,681.449,2.11556,-2.11556,5511.5,96.2,-96.2,4.92,0.17,-0.17,958.34,,,1550.0,,,FALSE POSITIVE
2.0845434,3e-07,-3e-07,13.4432705,0.7049504,-0.7049504,12504.825019,43.493595,-43.493595,5638.0,133.9,-133.9,1.10646,0.0579346,-0.0579346,1085.4942586,,,1463.9513087,,,CONFIRMED
1.74626,0.00163,-0.00163,5.62786,0.44852,-0.44852,1110.0,4.3667,-4.3667,8348.0,154.7,-154.7,1.8,0.06,-0.06,17804.9,,,3218.0,,,FALSE POSITIVE
1.2427,0.00049,-0.00049,6.05271,0.461873,-0.461873,663.745,2.69023,-2.69023,5624.8,119.0,-119.0,2.14,0.09,-0.09,1263.34,,,1660.0,,,FALSE POSITIVE
8.66698,0.00261,-0.00261,27.4804,9.09318,-9.09318,9854.3,1035.3,-1035.3,6322.2,217.0,-217.0,2.52,0.17,-0.17,2647.36,,,1998.0,,,FALSE POSITIVE
21.216464,3.24e-05,-3.24e-05,13.1431,0.688533,-0.688533,6499.0,154.155,-154.155,5925.0,89.5,-89.5,1.55,0.08,-0.08,18.9464,,,581.0,,,CONFIRMED
2.4611008,6.3e-06,-6.3e-06,12.3334,3.87047,-3.87047,1795.0,2933.58,-2933.58,5429.5,28.3,-28.3,1.63,0.09,-0.09,8632.97,,,2685.0,,,FALSE POSITIVE
0.783879,0.0001498,-0.0001498,9.6813253,7.4107375,-7.4107375,274.5156373,38.414635,-38.414635,4975.0,122.0,-122.0,5.3874698,,,6087.0682501,,,2252.7956163,,,FALSE POSITIVE
0.99837,7e-05,-7e-05,5.29489,0.268196,-0.268196,2730.0,0.743409,-0.743409,6082.0,141.4,-141.4,1.13,0.05,-0.05,2465.96,,,1963.0,,,FALSE POSITIVE
1.97741,0.00024,-0.00024,17.5768,0.859208,-0.859208,5470.0,2.98176,-2.98176,6742.0,156.0,-156.0,2.11,0.09,-0.09,46143.6,,,4083.0,,,FALSE POSITIVE
2.51266,0.00045,-0.00045,13.3617,0.731867,-0.731867,2790.01,2.71,-2.71,5988.0,137.8,-137.8,2.3,0.1,-0.1,793.471,,,1478.0,,,FALSE POSITIVE
4.7947749,2.3e-06,-2.3e-06,18.3428,0.821281,-0.821281,6864.0,61.2265,-61.2265,6333.0,152.2,-152.2,2.18,0.1,-0.1,1021.14,,,1574.0,,,CONFIRMED
1.8932775,1.4e-06,-1.4e-06,21.043,4.43507,-4.43507,3415.0,3647.99,-3647.99,6904.3,96.1,-96.1,2.04,0.07,-0.07,35143.2,,,3814.0,,,FALSE POSITIVE
3.77188,0.00076,-0.00076,10.0329,0.616291,-0.616291,450.0,1.02536,-1.02536,10097.0,249.5,-249.5,4.62,0.16,-0.16,5181.65,,,2363.0,,,FALSE POSITIVE
0.88654,0.00019,-0.00019,24.9348,7.63992,-7.63992,870.0,259.776,-259.776,6919.0,178.4,-178.4,4.27,0.17,-0.17,64431.5,,,4438.0,,,FALSE POSITIVE
1.83641,0.00032,-0.00032,10.6176,,,470.0,0.687592,-0.687592,9542.0,123.0,-123.0,5.03,,,9124.8,,,2722.0,,,FALSE POSITIVE
1.80794,0.00062,-0.00062,20.9267,,,540.0,3.4526,-3.4526,4628.0,122.0,-122.0,8.61,,,550.041,,,1349.0,,,CANDIDATE
12.5343031,7.81e-05,-7.81e-05,8.71775,0.52282,-0.52282,1517.0,96.6598,-96.6598,7275.0,123.0,-123.0,2.51,0.09,-0.09,463.57,,,1292.0,,,FALSE POSITIVE
3.581083,1e-05,-1e-05,17.1017,,,760.0,32.8629,-32.8629,9503.0,123.0,-123.0,5.96,,,6158.1,,,2467.0,,,CANDIDATE
35.4028219,0.0013918,-0.0013918,21.7639,2.59877,-2.59877,12666.0,2736.61,-2736.61,7455.0,409.9,-409.9,1.78,0.08,-0.08,57.342,,,766.0,,,FALSE POSITIVE
3.7628372,3.2e-06,-3.2e-06,17.3305867,0.7854587,-0.7854587,11360.0,0.18932,-0.18932,6979.2,136.5,-136.5,1.58746,0.0717136,-0.0717136,1797.8272074,,,1660.7594667,,,CANDIDATE
5.6318074,0.0012074,-0.0012074,4.8217692,1.5592829,-1.5592829,1186.1481873,81.28653,-81.28653,5669.9,133.9,-133.9,1.38826,0.0715829,-0.0715829,474.4919122,,,1190.3562406,,,FALSE POSITIVE
2.06313,0.00099,-0.00099,11.9118,0.988067,-0.988067,600.0,2.56623,-2.56623,6716.5,99.8,-99.8,4.77,0.21,-0.21,1866.39,,,1831.0,,,FALSE POSITIVE
1.51233,0.00057,-0.00057,11.1245,0.819877,-0.819877,640.0,1.33455,-1.33455,9447.0,218.6,-218.6,4.35,0.24,-0.24,18303.0,,,3240.0,,,FALSE POSITIVE
1.7498117,1.1e-06,-1.1e-06,8.13315,0.79861,-0.79861,2549.0,92.4288,-92.4288,6222.3,147.0,-147.0,1.53,0.15,-0.15,886.867,,,1520.0,,,FALSE POSITIVE
1.9734615,0.0007,-0.0007,16.6678,3.93183,-3.93183,1295.0,794.199,-794.199,7962.9,130.5,-130.5,3.62,0.23,-0.23,17275.6,,,3193.0,,,FALSE POSITIVE
0.73772,0.00018,-0.00018,4.68288,0.332822,-0.332822,980.0,2.19839,-2.19839,6001.0,133.4,-133.4,1.49,0.07,-0.07,1958.84,,,1853.0,,,FALSE POSITIVE
1.1020719,2.6e-06,-2.6e-06,4.33066,0.301666,-0.301666,580.0,54.9429,-54.9429,6011.0,194.8,-194.8,1.73,0.08,-0.08,958.145,,,1549.0,,,CANDIDATE
1.2198382,1.67e-05,-1.67e-05,18.2179311,0.6672307,-0.6672307,12160.1096043,102.21993,-102.21993,7398.5,157.7,-157.7,1.60242,0.0582111,-0.0582111,9392.0471009,,,2510.7866744,,,CONFIRMED
4.608,0.001,-0.001,7.99698,0.539026,-0.539026,3213.22,7.98,-7.98,5935.0,141.5,-141.5,1.28,0.06,-0.06,724.001,,,1445.0,,,FALSE POSITIVE
0.361112,5e-07,-5e-07,6.69136,0.509829,-0.509829,710.0,1658.72,-1658.72,6056.9,236.7,-236.7,1.95,0.15,-0.15,2677.39,,,2003.0,,,FALSE POSITIVE
5.33155,0.00052,-0.00052,14.6101,0.793698,-0.793698,4220.0,0.467679,-0.467679,5917.0,125.8,-125.8,2.22,0.12,-0.12,1071.42,,,1593.0,,,CONFIRMED
4.7321735,2.1e-06,-2.1e-06,14.269,0.652933,-0.652933,8121.0,149.37,-149.37,6739.0,107.5,-107.5,1.56,0.07,-0.07,379.567,,,1229.0,,,CONFIRMED
3.46608,0.00112,-0.00112,20.8363,7.04558,-7.04558,1620.0,443.03,-443.03,7249.8,123.1,-123.1,3.02,0.13,-0.13,23536.1,,,3450.0,,,FALSE POSITIVE
8.7094632,1.45e-05,-1.45e-05,20.9625,5.3577,-5.3577,4510.0,7151.72,-7151.72,5597.0,146.5,-146.5,1.59,0.08,-0.08,327.472,,,1185.0,,,CONFIRMED
1.0357235,5.5e-06,-5.5e-06,15.828,,,480.0,0.897231,-0.897231,4963.0,122.0,-122.0,7.83,,,1358.51,,,1691.0,,,FALSE POSITIVE
2.4727425,8e-06,-8e-06,23.6289,6.70968,-6.70968,2929.0,5724.26,-5724.26,6057.7,67.1,-67.1,2.13,0.09,-0.09,4630.82,,,2298.0,,,FALSE POSITIVE
2.7684331,5.5e-06,-5.5e-06,4.61938,,,3234.0971112,54.28633,-54.28633,5388.0,,,0.98,,,1330.16,,,,,,CANDIDATE
2.5287981,4.1e-06,-4.1e-06,2.29951,0.130737,-0.130737,387.0,19.3623,-19.3623,5740.2,119.6,-119.6,1.19,0.06,-0.06,228.804,,,1083.0,,,CANDIDATE
16.2016817,1.28e-05,-1.28e-05,2.38101,0.166184,-0.166184,885.0,20.2232,-20.2232,5071.0,141.3,-141.3,0.78,0.05,-0.05,28.0911,,,641.0,,,CONFIRMED
2.8641388,3.2e-06,-3.2e-06,15.5276,0.732644,-0.732644,9597.0,83.3868,-83.3868,6082.0,137.7,-137.7,1.53,0.07,-0.07,591.067,,,1373.0,,,CONFIRMED
5.2469991,0.0002597,-0.0002597,5.46087,0.343567,-0.343567,1180.0,105.379,-105.379,6651.0,139.9,-139.9,1.44,0.06,-0.06,604.151,,,1381.0,,,FALSE POSITIVE
0.7438074,1.1e-06,-1.1e-06,9.77911,,,633.0,25.414,-25.414,5182.0,122.0,-122.0,4.04,,,1705.03,,,1790.0,,,FALSE POSITIVE
3.9401791,8e-07,-8e-07,25.3897,2.96422,-2.96422,13317.0,5183.76,-5183.76,7170.0,213.8,-213.8,1.51,0.05,-0.05,1090.26,,,1600.0,,,FALSE POSITIVE
1.3433022,1.4e-06,-1.4e-06,4.72169,0.266822,-0.266822,1052.0,64.1497,-64.1497,6713.0,189.7,-189.7,1.45,0.06,-0.06,365.857,,,1218.0,,,CANDIDATE
1.4013505,1.3e-06,-1.3e-06,3.7143,0.233363,-0.233363,1532.0,96.9248,-96.9248,5521.0,182.2,-182.2,0.94,0.05,-0.05,1975.13,,,1857.0,,,FALSE POSITIVE
2.1679,0.00031,-0.00031,5.32848,0.574709,-0.574709,560.0,5.50695,-5.50695,10596.0,671.7,-671.7,2.0,0.1,-0.1,10508.5,,,2820.0,,,FALSE POSITIVE
2.3866952,3.3e-06,-3.3e-06,9.72386,,,586.0,20.5893,-20.5893,5017.0,122.0,-122.0,4.73,,,2334.78,,,1936.0,,,FALSE POSITIVE
1.5982014,8.1e-06,-8.1e-06,2.28827,0.190752,-0.190752,296.0,27.5458,-27.5458,6594.0,142.3,-142.3,1.49,0.07,-0.07,5992.53,,,2451.0,,,CANDIDATE
6.453624,0.0002925,-0.0002925,1.35756,0.123577,-0.123577,200.0,0.995244,-0.995244,7257.0,418.7,-418.7,1.02,0.04,-0.04,680.81,,,1423.0,,,CANDIDATE
1.7126115,7.6e-06,-7.6e-06,2.01928,0.114591,-0.114591,340.0,21.404,-21.404,5932.2,71.4,-71.4,1.0,0.05,-0.05,4528.0,,,2285.0,,,FALSE POSITIVE
0.7522775,4e-07,-4e-07,6.75509,,,1301.0,63.7966,-63.7966,7325.2,111.9,-111.9,1.77,,,13651.7,,,,,,FALSE POSITIVE
5.8089284,1.74e-05,-1.74e-05,3.79308,0.217623,-0.217623,1111.0,55.1725,-55.1725,6406.0,179.8,-179.8,1.27,0.06,-0.06,1275.72,,,1664.0,,,FALSE POSITIVE
1.49446,0.00023,-0.00023,4.21366,0.272462,-0.272462,890.0,1.6014,-1.6014,6587.0,163.9,-163.9,1.43,0.06,-0.06,3024.1,,,2065.0,,,FALSE POSITIVE
3.3326189,2.8e-06,-2.8e-06,15.6399082,0.8105998,-0.8105998,8310.5066162,96.32783,-96.32783,5768.2,140.0,-140.0,1.6948299,0.0842764,-0.0842764,1512.9973764,,,1590.6670806,,,CONFIRMED
5.0172146,1.9e-06,-1.9e-06,13.5478019,0.618605,-0.618605,14236.9594003,63.811466,-63.811466,5930.0,435.4,-435.4,1.10013,0.0500402,-0.0500402,404.711186,,,1143.9473896,,,CONFIRMED
2.1436364,7e-07,-7e-07,18.0537588,0.9524189,-0.9524189,9203.7552743,39.85365,-39.85365,6148.0,140.8,-140.8,1.77061,0.0931859,-0.0931859,3410.2601185,,,1949.0214829,,,CONFIRMED
4.5421594,4.8e-06,-4.8e-06,17.3816,0.944499,-0.944499,9760.0,2.06738,-2.06738,5939.3,133.1,-133.1,1.73,0.09,-0.09,821.405,,,1491.0,,,CONFIRMED
4.2311173,6e-07,-6e-07,14.6260711,0.6878666,-0.6878666,7261.2759361,19.817411,-19.817411,6671.0,130.6,-130.6,1.6640199,0.0781055,-0.0781055,1489.1126253,,,1584.3518526,,,CONFIRMED
12.0557353,2.24e-05,-2.24e-05,2.39173,0.147246,-0.147246,807.0,47.8582,-47.8582,5504.0,129.9,-129.9,0.83,0.04,-0.04,19.3677,,,584.0,,,CONFIRMED
8.2491871,0.0031995,-0.0031995,8.0476984,35.753082,-35.753082,117724.0282614,11101.498,-11101.498,2990.0,158.0,-158.0,0.165066,0.0050239,-0.0050239,1.1552603,,,264.4172054,,,FALSE POSITIVE
0.98933,0.0001055,-0.0001055,1.8303854,1.7299397,-1.7299397,1519.669587,132.89734,-132.89734,3455.0,157.0,-157.0,0.465258,0.0136292,-0.0136292,122.2150262,,,848.0098579,,,CONFIRMED
34.9270483,0.0001295,-0.0001295,18.8285063,15.250235,-15.250235,110264.9392094,1543.9479,-1543.9479,3496.0,63.0,-63.0,0.389199,0.0116133,-0.0116133,0.8171218,,,242.488665,,,FALSE POSITIVE
1.7729239,6e-07,-6e-07,14.9468862,1.8219693,-1.8219693,26694.3797428,289.91833,-289.91833,4769.0,128.627,-128.627,0.687841,0.0515126,-0.0515126,317.7796355,,,1076.8402129,,,FALSE POSITIVE
4.076684,1.9e-06,-1.9e-06,17.5223182,0.7767696,-0.7767696,10459.727229,85.59089,-85.59089,6531.44,109.703,-109.703,1.64302,0.0721885,-0.0721885,1443.0883389,,,1571.9653862,,,FALSE POSITIVE
0.9150623,8.9e-06,-8.9e-06,5.386904,0.3441965,-0.3441965,4304.9322224,324.28793,-324.28793,3810.0,157.0,-157.0,0.701237,0.0205528,-0.0205528,357.9484179,,,1109.3660254,,,CANDIDATE
0.901465,0.0001916,-0.0001916,3.4348127,0.9978432,-0.9978432,3156.5658264,241.35936,-241.35936,3896.0,157.0,-157.0,0.611023,0.0183221,-0.0183221,325.5470241,,,1083.3609617,,,FALSE POSITIVE
7.31898,0.00224,-0.00224,8.79673,0.51237,-0.51237,3809.3,10.2,-10.2,5926.0,79.5,-79.5,1.3,0.03,-0.03,468.718,,,1296.0,,,FALSE POSITIVE
1.9495403,3.2e-06,-3.2e-06,1.3929217,0.0707066,-0.0707066,2089.2444115,86.66906,-86.66906,3414.0,157.0,-157.0,0.260187,0.0078434,-0.0078434,23.3722044,,,560.7827791,,,CONFIRMED
1.8646725,3.3e-06,-3.3e-06,12.8352,2.0753,-2.0753,570.0,122.293,-122.293,9898.0,151.436,-151.436,3.4,0.52,-0.52,3903.88,,,2202.0,,,CANDIDATE
20.0795217,1.47e-05,-1.47e-05,2.7170462,0.5521061,-0.5521061,1065.5355707,37.188328,-37.188328,4763.0,130.968,-130.968,0.777584,0.0571432,-0.0571432,15.8594327,,,508.9693869,,,CANDIDATE
1.8497201,8.8e-06,-8.8e-06,11.2477,,,5750.0,7.70571,-7.70571,6019.0,,,1.24,,,2139.72,,,,,,FALSE POSITIVE
2.1721416,1.94e-05,-1.94e-05,18.0850347,0.8086398,-0.8086398,17864.5520776,76.04454,-76.04454,6198.0,125.762,-125.762,1.30937,0.0584171,-0.0584171,1872.5289135,,,1677.7485906,,,FALSE POSITIVE
6.9744232,2.44e-05,-2.44e-05,37.9891,12.0492,-12.0492,9189.0,21638.7,-21638.7,5821.7,96.2,-96.2,1.86,0.09,-0.09,245.906,,,1103.0,,,FALSE POSITIVE
7.3315684,1.4e-05,-1.4e-05,2.77433,0.240607,-0.240607,893.0,98.6813,-98.6813,4871.6,52.4,-52.4,0.84,0.06,-0.06,27.4026,,,637.0,,,CANDIDATE
3.4557863,1.5e-06,-1.5e-06,16.0772,0.62301,-0.62301,6423.0,303.276,-303.276,8170.0,258.8,-258.8,1.78,0.06,-0.06,2978.62,,,2058.0,,,FALSE POSITIVE
7.757643,1.8e-06,-1.8e-06,12.7936991,0.0707611,-0.0707611,7336.6908822,22.2534614,-22.2534614,6038.0,54.0,-54.0,1.91151,,,161.5793695,,,993.2304197,,,FALSE POSITIVE
9.1505,0.0034,-0.0034,11.1497,0.696148,-0.696148,1370.0,2.84901,-2.84901,7719.0,139.9,-139.9,3.02,0.11,-0.11,272.763,,,1132.0,,,FALSE POSITIVE
3.7649949,4e-07,-4e-07,17.8182,0.731822,-0.731822,14735.0,72.808,-72.808,6724.0,164.0,-164.0,1.42,0.06,-0.06,580.386,,,1367.0,,,CONFIRMED
0.6664948,1.6e-06,-1.6e-06,3.217,0.21665,-0.21665,260.0,0.281876,-0.281876,5329.0,131.1,-131.1,1.99,0.11,-0.11,2681.48,,,2004.0,,,FALSE POSITIVE
10.9568722,8.2e-06,-8.2e-06,21.7036,7.09833,-7.09833,4643.0,1263.06,-1263.06,7106.5,152.6,-152.6,2.5,0.78,-0.78,6376.83,,,2489.0,,,CANDIDATE
3.2786617,9.5e-06,-9.5e-06,3.61232,0.239387,-0.239387,1101.0,57.7447,-57.7447,5411.0,153.9,-153.9,1.15,0.06,-0.06,396.593,,,1243.0,,,CANDIDATE
5.6309047,1.78e-05,-1.78e-05,7.00844,1.77046,-1.77046,1683.0,3169.84,-3169.84,5304.0,123.0,-123.0,0.79,0.04,-0.04,2320.13,,,1933.0,,,FALSE POSITIVE
0.6803433,0.000126,-0.000126,8.1888041,0.6728079,-0.6728079,565.5754223,43.955204,-43.955204,7325.5,136.6,-136.6,2.97877,0.17593,-0.17593,71174.0244493,,,4165.8164478,,,FALSE POSITIVE
5.8775548,1.28e-05,-1.28e-05,2.1822904,0.3097249,-0.3097249,412.2881337,30.548046,-30.548046,5977.0,130.6,-130.6,1.00568,0.0478392,-0.0478392,267.1706249,,,1031.1383185,,,CONFIRMED
3.3985674,2.49e-05,-2.49e-05,1.18609,0.100029,-0.100029,171.0,16.0108,-16.0108,5977.0,130.6,-130.6,1.01,0.05,-0.05,456.908,,,1288.0,,,CANDIDATE
5.0611315,3.9e-06,-3.9e-06,9.1484302,1.1914712,-1.1914712,5276.0349302,262.57532,-262.57532,5254.0,152.9,-152.9,1.00217,0.0537965,-0.0537965,239.1418795,,,1002.9601068,,,CANDIDATE
1.3561596,4.3e-06,-4.3e-06,4.12493,0.368895,-0.368895,482.0,63.439,-63.439,6375.0,159.4,-159.4,1.86,0.08,-0.08,11881.9,,,2908.0,,,FALSE POSITIVE
2.6093167,2.5e-05,-2.5e-05,11.4272,,,1984.0,1499.48,-1499.48,7235.0,,,1.78,,,526.719,,,,,,FALSE POSITIVE
2.37532,0.00039,-0.00039,13.5855,3.05985,-3.05985,1940.0,150.099,-150.099,7895.7,147.4,-147.4,2.11,0.17,-0.17,24634.5,,,3490.0,,,FALSE POSITIVE
11.835079,2.24e-05,-2.24e-05,2.5354,0.13738,-0.13738,336.0,17.6188,-17.6188,6225.0,193.0,-193.0,1.34,0.06,-0.06,52.6622,,,750.0,,,CANDIDATE
1.76406,0.00029,-0.00029,12.3762,3.48063,-3.48063,870.0,205.882,-205.882,6481.7,362.6,-362.6,2.03,0.22,-0.22,40901.7,,,3961.0,,,FALSE POSITIVE
1.69433,0.00183,-0.00183,5.20733,0.47039,-0.47039,650.0,3.70354,-3.70354,7185.0,269.0,-269.0,2.0,0.08,-0.08,3651.29,,,2165.0,,,FALSE POSITIVE
3.32125,0.00032,-0.00032,25.5824,,,5760.0,1114.22,-1114.22,7174.0,,,1.76,,,12389.8,,,,,,FALSE POSITIVE
2.363311,7.5e-06,-7.5e-06,2.74038,0.16585,-0.16585,1121.0,38.3181,-38.3181,5420.0,119.5,-119.5,1.04,0.05,-0.05,1379.02,,,1697.0,,,FALSE POSITIVE
2.6800536,4.8e-06,-4.8e-06,2.3437,0.129152,-0.129152,456.0,21.0246,-21.0246,5550.0,134.2,-134.2,1.07,0.05,-0.05,342.997,,,1198.0,,,CONFIRMED
40.7501028,1.37e-05,-1.37e-05,10.1271,0.441178,-0.441178,6026.0,46.2246,-46.2246,6453.0,195.0,-195.0,1.31,0.06,-0.06,14.5514,,,544.0,,,CONFIRMED
10.9836724,4.17e-05,-4.17e-05,2.35616,0.177899,-0.177899,315.0,32.9562,-32.9562,6453.0,195.0,-195.0,1.31,0.06,-0.06,196.694,,,1043.0,,,CONFIRMED
123.0586028,0.0010505,-0.0010505,2.9538423,0.7356122,-0.7356122,485.2393663,43.751137,-43.751137,6453.0,195.0,-195.0,1.31225,0.0568342,-0.0568342,9.1430897,,,443.4993569,,,CANDIDATE
3.8954139,1.44e-05,-1.44e-05,5.15915,0.301122,-0.301122,911.0,40.5608,-40.5608,6064.0,132.1,-132.1,1.89,0.09,-0.09,566.299,,,1359.0,,,FALSE POSITIVE
1.08625,0.00036,-0.00036,4.65122,0.714178,-0.714178,1110.0,1.54697,-1.54697,5562.6,419.2,-419.2,1.4,0.21,-0.21,4081.88,,,2226.0,,,FALSE POSITIVE
7.45494,0.00138,-0.00138,15.1922,,,2280.0,71.4002,-71.4002,5029.7,16.7,-16.7,2.45,,,479.468,,,1303.0,,,FALSE POSITIVE
3.133084,4.9e-06,-4.9e-06,10.3743,2.76485,-2.76485,1192.0,1111.17,-1111.17,7478.0,216.5,-216.5,2.06,0.07,-0.07,2269.81,,,1922.0,,,CANDIDATE
3.1915257,2.4e-06,-2.4e-06,16.4091,1.63595,-1.63595,8587.0,165.663,-165.663,6673.0,150.4,-150.4,1.69,0.17,-0.17,1161.72,,,1626.0,,,CONFIRMED
0.6435807,3.88e-05,-3.88e-05,4.8452813,1.7552295,-1.7552295,876.6807794,61.314438,-61.314438,5919.7,109.0,-109.0,1.49305,0.088387,-0.088387,10949.2435224,,,2608.950134,,,CANDIDATE
13.7058173,2.36e-05,-2.36e-05,20.2141,,,5788.0,1723.07,-1723.07,8001.0,,,2.05,,,350.05,,,,,,FALSE POSITIVE
0.6565741,2e-06,-2e-06,5.01154,,,423.0,24.5127,-24.5127,5235.5,16.3,-16.3,2.68,,,4719.59,,,2309.0,,,FALSE POSITIVE
2.31446,1e-05,-1e-05,3.40668,0.294554,-0.294554,1190.0,4.56033,-4.56033,4801.5,126.2,-126.2,0.73,0.05,-0.05,176.692,,,1015.0,,,CANDIDATE
4.8026561,5.3e-06,-5.3e-06,1.4202459,0.3005025,-0.3005025,4358.1157678,180.45848,-180.45848,3231.0,157.0,-157.0,0.213459,0.0064024,-0.0064024,4.4510969,,,370.455897,,,CONFIRMED
1.5379237,2.4e-06,-2.4e-06,8.73996,2.88921,-2.88921,1135.0,4799.68,-4799.68,5672.5,145.4,-145.4,0.93,0.05,-0.05,1313.48,,,1677.0,,,CANDIDATE
2.7347651,2e-07,-2e-07,17.805,0.732869,-0.732869,9209.0,18.8635,-18.8635,6767.9,115.7,-115.7,1.77,0.07,-0.07,1775.39,,,1808.0,,,CONFIRMED
3.057524,3.8e-06,-3.8e-06,2.4878486,0.730607,-0.730607,1117.9638175,47.367954,-47.367954,4402.0,126.1,-126.1,0.695095,0.0594975,-0.0594975,122.3379291,,,848.2229732,,,CONFIRMED
1.1549925,1.2e-06,-1.2e-06,9.15106,,,739.0,43.744,-43.744,4815.0,122.0,-122.0,2.99,,,624.87,,,1392.0,,,CANDIDATE
0.6691449,9.7e-06,-9.7e-06,1.9200407,0.1498452,-0.1498452,1254.3711932,91.66477,-91.66477,3457.0,157.0,-157.0,0.462408,0.013731,-0.013731,204.6910522,,,964.704855,,,CONFIRMED
6.7053949,2.5e-05,-2.5e-05,3.7076274,1.0847344,-1.0847344,575.2056582,46.95258,-46.95258,6141.0,223.518,-223.518,1.45858,0.0689849,-0.0689849,505.2996309,,,1209.2246588,,,CANDIDATE
10.2596322,3.06e-05,-3.06e-05,3.9130735,0.2892359,-0.2892359,1080.9213165,95.767586,-95.767586,5734.0,157.223,-157.223,0.978325,0.0471558,-0.0471558,106.7468895,,,819.8012135,,,CANDIDATE
6.7171913,0.0004733,-0.0004733,22.875658,1.1757971,-1.1757971,9138.715071,98.50088,-98.50088,5843.0,170.189,-170.189,2.3529,0.118236,-0.118236,1148.7011293,,,1484.8121463,,,FALSE POSITIVE
2.2554459,4.5e-06,-4.5e-06,11.0535293,0.5730389,-0.5730389,5283.7103901,144.01193,-144.01193,5817.0,126.7,-126.7,1.29661,0.0621181,-0.0621181,1472.0095217,,,1579.7828847,,,CONFIRMED
16.7368995,4e-05,-4e-05,2.88015,0.155867,-0.155867,989.0,29.7876,-29.7876,5759.0,186.802,-186.802,1.0,0.05,-0.05,80.3869,,,834.0,,,CONFIRMED
17.7286608,4.73e-05,-4.73e-05,4.9572307,0.4043776,-0.4043776,1086.4618139,29.99085,-29.99085,6554.0,144.208,-144.208,1.45796,0.0685126,-0.0685126,161.7433903,,,909.5495957,,,CANDIDATE
32.2079698,9.92e-05,-9.92e-05,7.3178089,0.3977602,-0.3977602,2409.2943157,48.96818,-48.96818,6554.0,144.208,-144.208,1.45796,0.0685126,-0.0685126,72.9642265,,,793.0,,,CANDIDATE
1.766692,5.4e-06,-5.4e-06,1.5574734,0.1431515,-0.1431515,830.5082973,58.453926,-58.453926,3474.0,157.0,-157.0,0.46126,0.0137244,-0.0137244,57.0208084,,,700.8548645,,,CONFIRMED
3.7701296,0.0002696,-0.0002696,5.4800266,0.4619989,-0.4619989,4361.1801082,108.92766,-108.92766,5058.0,122.082,-122.082,0.81833,0.0476885,-0.0476885,195.2881696,,,953.4195932,,,CONFIRMED
3.1342946,5.9e-06,-5.9e-06,1.7992966,1.3256298,-1.3256298,1183.6060713,76.446625,-76.446625,3575.0,157.0,-157.0,0.516105,0.0153254,-0.0153254,34.5537033,,,618.3628631,,,CONFIRMED
2.5005291,0.0003706,-0.0003706,3.1713853,1.1981618,-1.1981618,12579.3504758,1583.843,-1583.843,3181.0,157.0,-157.0,0.280475,0.0085728,-0.0085728,13.8080731,,,491.6465759,,,CONFIRMED
10.716524,4.17e-05,-4.17e-05,2.34185,0.253242,-0.253242,1280.0,0.944507,-0.944507,4067.0,118.044,-118.044,0.65,0.07,-0.07,19.7169,,,587.0,,,CANDIDATE
4.5470055,5.25e-05,-5.25e-05,3.0070741,3.0622876,-3.0622876,813.7370725,96.38792,-96.38792,5654.4,132.3,-132.3,1.03909,0.0568342,-0.0568342,341.4514343,,,1096.3569775,,,CANDIDATE
3.7115129,2.2e-06,-2.2e-06,13.941,0.66669,-0.66669,12280.0,0.958993,-0.958993,5973.0,131.5,-131.5,1.22,0.06,-0.06,399.006,,,1245.0,,,CANDIDATE
1.12355,0.00039,-0.00039,3.49799,0.294974,-0.294974,1020.0,4.85789,-4.85789,5524.0,107.6,-107.6,1.01,0.05,-0.05,2963.42,,,2055.0,,,FALSE POSITIVE
1.3341738,4.9e-06,-4.9e-06,4.5073642,0.8345278,-0.8345278,2283.6562849,78.48246,-78.48246,4685.1,111.6,-111.6,0.878958,0.0575176,-0.0575176,719.3218467,,,1320.8410635,,,CANDIDATE
0.40312,0.0001,-0.0001,2.95177,0.440428,-0.440428,1000.0,14.6108,-14.6108,4252.9,105.3,-105.3,0.89,0.07,-0.07,1215.98,,,1645.0,,,FALSE POSITIVE
1.2016105,4.2e-06,-4.2e-06,5.3210497,2.8951168,-2.8951168,2414.8791188,122.17787,-122.17787,5747.6,140.5,-140.5,1.07532,0.0620201,-0.0620201,2266.0772453,,,1759.6991613,,,CANDIDATE
3.929983,1.51e-05,-1.51e-05,6.51515,0.363202,-0.363202,2270.0,1.5283,-1.5283,6621.9,137.7,-137.7,1.34,0.06,-0.06,398.651,,,1244.0,,,FALSE POSITIVE
13.2054538,7.68e-05,-7.68e-05,3.74642,0.205098,-0.205098,644.0,29.1797,-29.1797,6653.0,124.9,-124.9,1.67,0.07,-0.07,193.559,,,1039.0,,,FALSE POSITIVE
4.5156072,9.8e-06,-9.8e-06,2.07194,0.120761,-0.120761,449.0,20.8244,-20.8244,5617.0,125.1,-125.1,0.97,0.05,-0.05,470.034,,,1297.0,,,CANDIDATE
7.4057777,3.34e-05,-3.34e-05,1.67743,0.138978,-0.138978,325.0,32.3776,-32.3776,5617.0,125.1,-125.1,0.97,0.05,-0.05,253.592,,,1111.0,,,CANDIDATE
2.02365,0.00075,-0.00075,5.96472,0.381378,-0.381378,1710.0,2.40429,-2.40429,6582.0,123.8,-123.8,1.48,0.07,-0.07,2411.54,,,1952.0,,,FALSE POSITIVE
7.6288424,1.6e-05,-1.6e-05,18.0261,1.059,-1.059,10850.0,1.86229,-1.86229,6157.0,134.0,-134.0,1.6,0.09,-0.09,338.345,,,1194.0,,,CANDIDATE
1.238601,1.4e-06,-1.4e-06,12.1897562,0.7835738,-0.7835738,12167.5309178,254.57571,-254.57571,5237.0,183.0,-183.0,1.1072299,0.0651181,-0.0651181,1709.4569331,,,1639.963909,,,CANDIDATE
1.8135767,0.0001919,-0.0001919,7.660458,0.9441151,-0.9441151,4166.2802035,241.68144,-241.68144,5237.0,183.0,-183.0,1.1072299,0.0651181,-0.0651181,2590.3914807,,,1819.5378757,,,FALSE POSITIVE
24.2833782,1.82e-05,-1.82e-05,5.21152,0.25711,-0.25711,2844.0,37.9357,-37.9357,5675.0,125.8,-125.8,0.98,0.05,-0.05,30.5138,,,654.0,,,CONFIRMED
10.2558,0.0046,-0.0046,7.44683,0.405057,-0.405057,5740.0,0.923177,-0.923177,5326.0,120.0,-120.0,0.97,0.05,-0.05,126.859,,,934.0,,,FALSE POSITIVE
3.566276,4.4e-06,-4.4e-06,20.2251,0.859403,-0.859403,3870.0,0.317992,-0.317992,6831.4,98.6,-98.6,3.17,0.13,-0.13,1949.16,,,1851.0,,,FALSE POSITIVE
0.5572565,8.8e-06,-8.8e-06,3.2761782,3.6646776,-3.6646776,1198.7212417,87.37656,-87.37656,5097.6,102.7,-102.7,0.946,0.0538694,-0.0538694,3415.3727761,,,1949.7515652,,,CANDIDATE
3.4744763,1.9e-06,-1.9e-06,19.6131,0.810264,-0.810264,12920.0,0.0996836,-0.0996836,6642.3,107.3,-107.3,1.67,0.07,-0.07,1701.38,,,1789.0,,,CONFIRMED
2.8269356,2.6e-06,-2.6e-06,4.8112209,0.807548,-0.807548,950.9544382,29.205482,-29.205482,7072.0,131.2,-131.2,1.50581,0.0587262,-0.0587262,2458.6277073,,,1795.9446278,,,FALSE POSITIVE
8.082354,3.19e-05,-3.19e-05,2.72432,0.170119,-0.170119,559.0,24.0598,-24.0598,5878.6,140.7,-140.7,1.24,0.07,-0.07,140.474,,,959.0,,,CONFIRMED
4.052389,1.07e-05,-1.07e-05,13.1098,0.622556,-0.622556,8976.0,301.455,-301.455,6578.0,122.8,-122.8,1.36,0.06,-0.06,377.016,,,1227.0,,,CANDIDATE
5.5870396,2.6e-06,-2.6e-06,4.24332,0.249549,-0.249549,1907.0,16.9337,-16.9337,5378.0,134.6,-134.6,0.94,0.06,-0.06,134.155,,,948.0,,,CANDIDATE
2.7552586,4.7e-06,-4.7e-06,9.65945,1.09386,-1.09386,338.0,84.3411,-84.3411,6096.4,111.7,-111.7,4.17,0.26,-0.26,799.261,,,1481.0,,,CANDIDATE
9.47686,4e-05,-4e-05,9.80856,0.54867,-0.54867,2980.0,1.07525,-1.07525,5801.8,235.6,-235.6,1.79,0.09,-0.09,161.969,,,993.0,,,CONFIRMED
2.6158597,9e-07,-9e-07,13.1204,0.946292,-0.946292,13363.0,135.919,-135.919,5267.0,152.7,-152.7,1.08,0.08,-0.08,428.036,,,1267.0,,,CONFIRMED
4.1250429,9.3e-06,-9.3e-06,15.3479,0.884007,-0.884007,8804.0,209.761,-209.761,6304.0,139.5,-139.5,1.62,0.09,-0.09,1112.27,,,1608.0,,,CONFIRMED
9.6052235,1.69e-05,-1.69e-05,3.86469,0.188322,-0.188322,1437.0,36.3604,-36.3604,6137.0,125.2,-125.2,1.09,0.05,-0.05,136.86,,,952.0,,,CANDIDATE
13.7270395,4.97e-05,-4.97e-05,2.95921,0.167618,-0.167618,901.0,36.9618,-36.9618,5777.0,124.977,-124.977,1.09,0.05,-0.05,68.9542,,,802.0,,,CONFIRMED
0.6850808,9.91e-05,-9.91e-05,1.9806358,2.0170252,-2.0170252,2675.7176662,338.96216,-338.96216,3541.0,157.0,-157.0,0.380019,0.0113954,-0.0113954,170.8295335,,,922.0627729,,,FALSE POSITIVE
1.0914304,2e-07,-2e-07,22.6154555,1.0501168,-1.0501168,15377.7920504,38.79088,-38.79088,6154.0,105.682,-105.682,1.74942,0.0811608,-0.0811608,8220.5839513,,,2428.5408709,,,CONFIRMED
7.107934,8.5e-06,-8.5e-06,2.2881711,0.1527981,-0.1527981,501.6058242,16.939434,-16.939434,5694.11,153.429,-153.429,0.902932,0.0547111,-0.0547111,145.5706555,,,885.9071544,,,CONFIRMED
20.5438153,2.36e-05,-2.36e-05,2.5734283,0.3003505,-0.3003505,799.3817133,25.194975,-25.194975,5694.11,153.429,-153.429,0.902932,0.0547111,-0.0547111,35.3582059,,,621.931143,,,CONFIRMED
1.8308782,1.28e-05,-1.28e-05,2.1988321,2.1533735,-2.1533735,464.5713657,85.28502,-85.28502,5566.0,147.029,-147.029,0.98869,0.0525879,-0.0525879,990.6913333,,,1430.8837135,,,CANDIDATE
3.4913952,4.3e-06,-4.3e-06,4.9395,0.165713,-0.165713,5400.0,1.27243,-1.27243,3907.0,157.0,-157.0,0.63,0.02,-0.02,44.3221,,,718.0,,,CONFIRMED
29.7537451,1.07e-05,-1.07e-05,11.9868976,0.5028346,-0.5028346,6350.8299407,47.828358,-47.828358,6409.0,197.0,-197.0,1.46863,0.0610553,-0.0610553,86.5625631,,,777.9510591,,,CANDIDATE
9.1702265,2.34e-05,-2.34e-05,2.6317754,1.4249274,-1.4249274,305.9835677,25.12709,-25.12709,6409.0,197.0,-197.0,1.46863,0.0610553,-0.0610553,415.7946307,,,1151.7002703,,,CANDIDATE
6.2262315,2.77e-05,-2.77e-05,2.75524,0.963981,-0.963981,1488.0,1544.12,-1544.12,3691.0,157.0,-157.0,0.53,0.02,-0.02,114.271,,,910.0,,,CANDIDATE
2.1555232,9.2e-06,-9.2e-06,1.47809,0.113091,-0.113091,742.0,89.8839,-89.8839,3691.0,157.0,-157.0,0.53,0.02,-0.02,132.347,,,944.0,,,CANDIDATE
12.5739572,0.0012622,-0.0012622,2.4359,0.11049,-0.11049,2170.0,118.687,-118.687,3691.0,157.0,-157.0,0.53,0.02,-0.02,6.20302,,,439.0,,,CANDIDATE
3.9228042,4.3e-06,-4.3e-06,15.8493,0.873536,-0.873536,13970.0,1.33437,-1.33437,6193.0,137.448,-137.448,1.3,0.07,-0.07,583.697,,,1369.0,,,CONFIRMED
4.1192231,1.43e-05,-1.43e-05,2.2236629,1.6888051,-1.6888051,1236.5042452,93.31554,-93.31554,3876.0,157.0,-157.0,0.632571,0.0187445,-0.0187445,44.2458262,,,657.7908482,,,CANDIDATE
5.80322,0.00192,-0.00192,6.3744,0.474266,-0.474266,1710.0,4.65989,-4.65989,5846.0,128.1,-128.1,1.5,0.07,-0.07,61.8583,,,781.0,,,FALSE POSITIVE
28.8745078,0.0001177,-0.0001177,2.7122882,0.1963155,-0.1963155,584.5089133,30.241476,-30.241476,5773.0,119.624,-119.624,0.988898,0.0466307,-0.0466307,28.0202951,,,586.7970552,,,CANDIDATE
10.3857602,2.47e-05,-2.47e-05,2.37414,0.11662,-0.11662,380.0,15.0583,-15.0583,6439.0,119.798,-119.798,1.26,0.05,-0.05,110.973,,,904.0,,,CANDIDATE
7.0731057,1.88e-05,-1.88e-05,2.69175,0.153612,-0.153612,439.0,16.7755,-16.7755,5656.0,122.561,-122.561,1.41,0.07,-0.07,242.723,,,1099.0,,,CONFIRMED
14.4479828,4.19e-05,-4.19e-05,2.79468,0.143101,-0.143101,218.0,10.4626,-10.4626,6669.0,127.5,-127.5,1.95,0.08,-0.08,1104.29,,,1605.0,,,CANDIDATE
3.6985817,1.4e-05,-1.4e-05,4.3816478,0.4041094,-0.4041094,3061.8238445,318.57974,-318.57974,3948.0,157.0,-157.0,0.6692,0.0196139,-0.0196139,59.7654849,,,709.1406179,,,CANDIDATE
8.3033493,1.68e-05,-1.68e-05,1.95844,0.153494,-0.153494,571.0,39.411,-39.411,4814.0,124.993,-124.993,0.78,0.05,-0.05,36.5628,,,685.0,,,CONFIRMED
17.6671687,2.92e-05,-2.92e-05,1.87042,0.12665,-0.12665,854.0,34.8289,-34.8289,4813.0,111.0,-111.0,0.69,0.04,-0.04,7.60884,,,462.0,,,CONFIRMED
29.7975205,8.87e-05,-8.87e-05,1.60982,0.115321,-0.115321,671.0,33.2375,-33.2375,4813.0,111.0,-111.0,0.69,0.04,-0.04,3.2713,,,374.0,,,CONFIRMED
12.1623316,4.41e-05,-4.41e-05,1.15643,0.097689,-0.097689,317.0,26.885,-26.885,4813.0,111.0,-111.0,0.69,0.04,-0.04,27.5458,,,638.0,,,CONFIRMED
3.9766833,1.42e-05,-1.42e-05,0.757588,0.0655541,-0.0655541,142.0,12.1233,-12.1233,4813.0,111.0,-111.0,0.69,0.04,-0.04,89.0886,,,855.0,,,CONFIRMED
7.9076222,2.62e-05,-2.62e-05,0.969819,0.073197,-0.073197,217.0,14.3268,-14.3268,4813.0,111.0,-111.0,0.69,0.04,-0.04,44.8107,,,720.0,,,CONFIRMED
19.428419,0.0037161,-0.0037161,2.4616462,1.9440622,-1.9440622,850.4127883,108.72698,-108.72698,5366.0,157.99,-157.99,0.835173,0.0467638,-0.0467638,27.1745153,,,582.3179815,,,CANDIDATE
10.9406641,5.32e-05,-5.32e-05,1.36492,0.136596,-0.136596,440.0,37.4077,-37.4077,4324.0,126.843,-126.843,0.61,0.05,-0.05,10.665,,,503.0,,,CANDIDATE
21.2690422,8.07e-05,-8.07e-05,1.87711,0.100602,-0.100602,350.0,9.86603,-9.86603,5707.0,124.634,-124.634,1.16,0.06,-0.06,58.618,,,770.0,,,CONFIRMED
4.2660553,1.4e-05,-1.4e-05,3.30511,1.40785,-1.40785,1700.0,1591.15,-1591.15,3281.0,157.0,-157.0,0.32,0.01,-0.01,10.8837,,,506.0,,,CONFIRMED
22.3417286,6.26e-05,-6.26e-05,2.54102,0.137594,-0.137594,472.0,24.6829,-24.6829,6179.0,124.697,-124.697,1.14,0.05,-0.05,21.2584,,,598.0,,,CONFIRMED
5.984871,1.69e-05,-1.69e-05,3.4443503,4.0503216,-4.0503216,2583.7788262,195.18314,-195.18314,3759.0,157.0,-157.0,0.424468,0.0126086,-0.0126086,13.8196717,,,519.0,,,CANDIDATE
2.5253323,1.11e-05,-1.11e-05,1.4761503,1.7663056,-1.7663056,1258.5718559,144.11441,-144.11441,3340.0,157.0,-157.0,0.410465,0.0147749,-0.0147749,26.1017752,,,576.4840036,,,CANDIDATE
3.8776815,1.02e-05,-1.02e-05,1.365807,1.7800511,-1.7800511,1077.9105507,131.87047,-131.87047,3340.0,157.0,-157.0,0.410465,0.0147749,-0.0147749,14.7343811,,,499.6923767,,,CANDIDATE
2.7546548,3.1e-06,-3.1e-06,2.08088,0.315207,-0.315207,394.0,189.122,-189.122,4435.0,120.688,-120.688,0.7,0.06,-0.06,71.0366,,,808.0,,,CANDIDATE
1.8318623,5.1e-06,-5.1e-06,1.5299007,0.8987717,-0.8987717,403.1219726,27.372877,-27.372877,4837.0,178.0,-178.0,0.768226,0.0516382,-0.0516382,404.9227459,,,1144.0968579,,,CANDIDATE
4.4891367,8.2e-06,-8.2e-06,1.9980298,1.0064696,-1.0064696,1271.1867023,58.49921,-58.49921,3959.0,157.0,-157.0,0.561356,0.0165649,-0.0165649,36.1538988,,,625.4009463,,,CONFIRMED
9.0447039,1.67e-05,-1.67e-05,2.2493746,1.3561225,-1.3561225,1611.0010188,87.23222,-87.23222,3959.0,157.0,-157.0,0.561356,0.0165649,-0.0165649,14.2073509,,,495.1628187,,,CONFIRMED
2.3889051,1e-05,-1e-05,1.3399401,2.0260444,-2.0260444,569.8511771,66.292,-66.292,3959.0,157.0,-157.0,0.561356,0.0165649,-0.0165649,83.8378977,,,771.7556976,,,CONFIRMED
3.6906759,1e-06,-1e-06,1.36751,0.0448017,-0.0448017,1657.0,43.4539,-43.4539,3469.0,68.0,-68.0,0.31,0.01,-0.01,8.77401,,,479.0,,,CONFIRMED
7.4507305,3.2e-06,-3.2e-06,3.04528,0.856434,-0.856434,1542.0,4343.43,-4343.43,3469.0,68.0,-68.0,0.31,0.01,-0.01,1.96064,,,329.0,,,CONFIRMED
2.2531062,2e-06,-2e-06,0.826635,0.3891579,-0.3891579,682.3972723,22.426283,-22.426283,3469.0,68.0,-68.0,0.31416,0.0093238,-0.0093238,24.4782213,,,567.3025213,,,CONFIRMED
11.3373614,2.16e-05,-2.16e-05,2.619494,1.0738811,-1.0738811,1194.0451617,49.405815,-49.405815,4765.0,123.903,-123.903,0.768675,0.0541206,-0.0541206,33.3520232,,,612.9150641,,,CANDIDATE
37.4685042,0.0001639,-0.0001639,2.56325,0.14305,-0.14305,429.0,23.4654,-23.4654,6114.0,122.03,-122.03,1.27,0.06,-0.06,192.521,,,1037.0,,,CONFIRMED
0.9351891,5.8e-06,-5.8e-06,1.8032935,1.3499643,-1.3499643,1150.2871156,84.44421,-84.44421,3652.0,157.0,-157.0,0.526987,0.0156406,-0.0156406,194.1728744,,,952.065635,,,CANDIDATE
32.7135406,0.0004508,-0.0004508,2.4202837,0.249756,-0.249756,1469.2598788,184.0885,-184.0885,3652.0,157.0,-157.0,0.526987,0.0156406,-0.0156406,1.6972705,,,291.1102616,,,CANDIDATE
5.3846239,1.18e-05,-1.18e-05,2.6170633,0.2518194,-0.2518194,630.6901313,25.18058,-25.18058,5700.0,130.299,-130.299,0.959022,0.0498041,-0.0498041,237.9959598,,,1001.7564461,,,CONFIRMED
16.2143217,6.85e-05,-6.85e-05,2.8235075,0.1413681,-0.1413681,1553.7064339,82.28461,-82.28461,3849.0,157.0,-157.0,0.593295,0.0175759,-0.0175759,6.3061639,,,404.1671972,,,CANDIDATE
2.7830114,8.9e-06,-8.9e-06,1.7104603,1.8643507,-1.8643507,916.2640701,78.660675,-78.660675,3756.0,157.0,-157.0,0.562607,0.0165054,-0.0165054,55.5823764,,,696.3924073,,,CANDIDATE
2.125687,5.9e-06,-5.9e-06,1.6780073,0.9058506,-0.9058506,570.6858828,36.686863,-36.686863,4428.0,128.048,-128.048,0.707159,0.0603317,-0.0603317,209.8814988,,,970.7631647,,,CANDIDATE
5.0097113,1.43e-05,-1.43e-05,1.6316574,2.202738,-2.202738,560.4159621,68.14584,-68.14584,4428.0,128.048,-128.048,0.707159,0.0603317,-0.0603317,66.920057,,,729.4723335,,,CANDIDATE
20.7051499,3.88e-05,-3.88e-05,3.39245,0.204885,-0.204885,1822.0,53.3816,-53.3816,5169.0,121.543,-121.543,0.81,0.05,-0.05,13.1989,,,531.0,,,CONFIRMED
18.8500438,2.47e-05,-2.47e-05,3.09094,0.104833,-0.104833,2610.0,67.1008,-67.1008,3960.0,157.0,-157.0,0.63,0.02,-0.02,5.95531,,,435.0,,,CONFIRMED
16.155373,0.000103,-0.000103,10.424281,7.728964,-7.728964,71225.723174,1623.8068,-1623.8068,3270.0,63.0,-63.0,0.271,0.047,-0.047,1.8460086,,,297.2885497,,,FALSE POSITIVE
11.062666,0.0004897,-0.0004897,2.6437021,4.0930066,-4.0930066,4957.8780942,704.5552,-704.5552,3212.0,157.0,-157.0,0.254522,0.0077084,-0.0077084,1.7628857,,,293.8838939,,,FALSE POSITIVE
11.5922513,4.04e-05,-4.04e-05,2.4230886,0.6848606,-0.6848606,373.1625573,27.45041,-27.45041,6311.0,146.415,-146.415,1.19407,0.0529648,-0.0529648,174.3466841,,,926.7725725,,,CANDIDATE
24.141229,6.83e-05,-6.83e-05,4.0770689,0.4369835,-0.4369835,1612.7795426,142.89993,-142.89993,6156.0,262.277,-262.277,0.94842,0.0468844,-0.0468844,38.9416122,,,637.122924,,,CANDIDATE
3.797872,8.8e-06,-8.8e-06,1.9296055,0.8389614,-0.8389614,1501.0825028,129.16754,-129.16754,3520.0,157.0,-157.0,0.472869,0.0139803,-0.0139803,22.3746156,,,554.7006125,,,CANDIDATE
47.3860753,3.75e-05,-3.75e-05,9.77368,0.91955,-0.91955,19550.0,39.2758,-39.2758,4415.0,124.062,-124.062,0.62,0.05,-0.05,0.636581,,,248.0,,,CANDIDATE
3.493958,3.8e-06,-3.8e-06,5.65971,0.346438,-0.346438,3650.0,0.859075,-0.859075,5203.4,186.0,-186.0,0.9,0.05,-0.05,156.241,,,984.0,,,CANDIDATE
2.7033942,5.1e-06,-5.1e-06,16.72,0.893416,-0.893416,10340.0,1.90766,-1.90766,6518.0,123.7,-123.7,1.61,0.08,-0.08,1704.57,,,1790.0,,,CONFIRMED
4.3532339,0.0001972,-0.0001972,16.2509,0.937069,-0.937069,10270.0,1.16817,-1.16817,5914.0,145.7,-145.7,1.59,0.09,-0.09,617.309,,,1388.0,,,CONFIRMED
7.3377236,4.02e-05,-4.02e-05,3.2807,0.221167,-0.221167,795.0,74.5104,-74.5104,5994.0,121.0,-121.0,1.1,0.05,-0.05,998.435,,,1566.0,,,CONFIRMED
2.8531016,1.7e-06,-1.7e-06,2.02068,0.114301,-0.114301,1395.0,120.577,-120.577,3703.0,66.0,-66.0,0.52,0.02,-0.02,23.0419,,,610.0,,,CONFIRMED
1.0924536,3.9e-06,-3.9e-06,6.5935026,3.981952,-3.981952,874.580104,62.854668,-62.854668,6273.0,117.4,-117.4,1.4487799,0.0595603,-0.0595603,5898.9818226,,,2235.1877779,,,FALSE POSITIVE
3.2122302,3e-07,-3e-07,13.0356,0.657419,-0.657419,14429.0,86.9302,-86.9302,5357.7,112.4,-112.4,1.04,0.05,-0.05,325.569,,,1183.0,,,CONFIRMED
8.0542207,3.3e-05,-3.3e-05,2.8337706,0.4985287,-0.4985287,706.8165307,52.987804,-52.987804,5583.1,110.4,-110.4,0.995254,0.04551,-0.04551,140.2332705,,,877.6725493,,,CONFIRMED
0.7365463,9e-07,-9e-07,2.0231121,0.1825726,-0.1825726,384.6733121,4.190644,-4.190644,5250.0,147.6,-147.6,0.963515,0.0654472,-0.0654472,2657.8322415,,,1831.2668801,,,CONFIRMED
16.7100422,0.0032803,-0.0032803,2.7396616,0.7620626,-0.7620626,615.2873631,46.144043,-46.144043,5853.7,106.531,-106.531,1.09271,0.0444724,-0.0444724,73.7609475,,,747.4400609,,,CONFIRMED
10.2405483,1.4e-05,-1.4e-05,8.69623,0.527794,-0.527794,9950.0,1.37762,-1.37762,5251.0,129.898,-129.898,0.84,0.05,-0.05,55.4426,,,760.0,,,CONFIRMED
2.8009915,0.0005895,-0.0005895,1.4033915,1.9496018,-1.9496018,204.8553325,27.656855,-27.656855,5723.87,104.62,-104.62,0.945408,0.0387764,-0.0387764,560.3349224,,,1240.8853925,,,CONFIRMED
14.6503935,0.0002236,-0.0002236,1.81908,0.174393,-0.174393,330.0,2.15699,-2.15699,5859.45,101.754,-101.754,0.98,0.04,-0.04,18.7938,,,580.0,,,CONFIRMED
6.5273884,2.92e-05,-2.92e-05,2.8972637,0.5336485,-0.5336485,415.430891,26.054834,-26.054834,6023.0,126.762,-126.762,1.32944,0.0616834,-0.0616834,413.1007903,,,1149.830319,,,CONFIRMED
1.8817191,9e-07,-9e-07,10.9698,0.330624,-0.330624,99270.0,0.740199,-0.740199,3138.0,157.0,-157.0,0.31,0.01,-0.01,22.5072,,,606.0,,,CONFIRMED
6.5578513,1.06e-05,-1.06e-05,2.54474,0.244377,-0.244377,1596.0,80.6229,-80.6229,4111.0,171.0,-171.0,0.66,0.06,-0.06,24.9125,,,622.0,,,CONFIRMED
20.708504,0.003165,-0.003165,3.751004,1.518233,-1.518233,1657.067907,446.14713,-446.14713,4111.0,171.0,-171.0,0.701202,0.152166,-0.152166,19.4977725,,,535.9397866,,,CONFIRMED
9.9616347,2.27e-05,-2.27e-05,2.2807327,0.9848358,-0.9848358,1084.4327062,94.1892,-94.1892,4111.0,171.0,-171.0,0.660806,0.0596206,-0.0596206,21.8201851,,,551.2319188,,,CONFIRMED
3.2384253,2.43e-05,-2.43e-05,1.5148369,1.6900105,-1.6900105,532.7580623,69.12007,-69.12007,4111.0,171.0,-171.0,0.660806,0.0596206,-0.0596206,97.6159379,,,801.6779386,,,CONFIRMED
15.2321843,0.0010774,-0.0010774,2.6196767,0.6747493,-0.6747493,1228.5332287,142.37302,-142.37302,4111.0,171.0,-171.0,0.660806,0.0596206,-0.0596206,0.6070922,,,225.1300261,,,CONFIRMED
1.7063264,1.1e-06,-1.1e-06,10.1999,0.689338,-0.689338,10980.0,1.80935,-1.80935,4974.0,130.639,-130.639,0.9,0.06,-0.06,235.772,,,1091.0,,,CONFIRMED
2.9720774,8.9e-06,-8.9e-06,15.6498,0.946034,-0.946034,6440.0,2.16409,-2.16409,6101.12,142.809,-142.809,1.95,0.11,-0.11,1939.51,,,1848.0,,,CONFIRMED
4.9877056,1.02e-05,-1.02e-05,2.4703077,0.3998005,-0.3998005,1192.3398198,63.814247,-63.814247,4336.0,121.303,-121.303,0.668693,0.0560352,-0.0560352,56.0452278,,,697.8376698,,,CONFIRMED
1.8290294,6.3e-06,-6.3e-06,2.1268375,0.2407967,-0.2407967,704.8493933,52.384716,-52.384716,4336.0,121.303,-121.303,0.668693,0.0560352,-0.0560352,213.5233995,,,974.9472494,,,CONFIRMED
18.7559765,0.0001019,-0.0001019,2.9737536,0.4100799,-0.4100799,1506.818331,138.04994,-138.04994,4336.0,121.303,-121.303,0.668693,0.0560352,-0.0560352,9.5841474,,,448.7537809,,,CANDIDATE
1.4198659,0.0002172,-0.0002172,2.2822776,1.6871891,-1.6871891,465.2106205,47.49546,-47.49546,5406.0,128.465,-128.465,0.984511,0.0541985,-0.0541985,1263.1832531,,,1520.4997021,,,CANDIDATE
11.0023133,8.42e-05,-8.42e-05,4.25882,0.254562,-0.254562,298.0,13.466,-13.466,6264.0,192.0,-192.0,2.87,0.13,-0.13,261.664,,,1120.0,,,CANDIDATE
9.573548,2.65e-05,-2.65e-05,15.6118,2.45677,-2.45677,2788.0,1808.04,-1808.04,6505.0,129.6,-129.6,1.83,0.08,-0.08,275.837,,,1135.0,,,FALSE POSITIVE
8.7046669,9.6e-06,-9.6e-06,28.8458,4.96891,-4.96891,9660.0,653.691,-653.691,6427.0,130.1,-130.1,1.67,0.1,-0.1,313.381,,,1172.0,,,CANDIDATE
5.34326,0.00028,-0.00028,10.4171,0.594114,-0.594114,6980.0,3.43158,-3.43158,5776.0,131.0,-131.0,1.26,0.06,-0.06,52.9343,,,751.0,,,FALSE POSITIVE
3.2087149,1.5e-05,-1.5e-05,12.3921,0.5772,-0.5772,1960.0,90.4639,-90.4639,5971.4,110.4,-110.4,2.26,0.1,-0.1,455.479,,,1287.0,,,CONFIRMED
4.1374379,4.2e-06,-4.2e-06,2.6757659,0.701669,-0.701669,1125.5354645,32.49457,-32.49457,5058.0,181.0,-181.0,0.802633,0.0479623,-0.0479623,168.3361754,,,918.6796864,,,CONFIRMED
8.8164887,0.0002842,-0.0002842,1.28915,0.158338,-0.158338,170.0,1.80002,-1.80002,5502.5,112.2,-112.2,0.99,0.05,-0.05,149.167,,,973.0,,,CANDIDATE
55.087,0.02,-0.02,4.36639,0.243913,-0.243913,2509.0,91.5469,-91.5469,5175.0,51.9,-51.9,0.87,0.04,-0.04,16.5899,,,562.0,,,CONFIRMED
8.7655468,3.39e-05,-3.39e-05,3.3302665,0.5798505,-0.5798505,572.6986983,32.282974,-32.282974,5707.0,115.695,-115.695,1.29921,0.0613468,-0.0613468,228.9130329,,,992.0587214,,,CONFIRMED
2.7917911,0.0006135,-0.0006135,6.0002066,14.255544,-14.255544,1018.9771433,175.08829,-175.08829,6071.0,120.4,-120.4,1.16271,0.0536282,-0.0536282,1003.8358436,,,1435.6065273,,,FALSE POSITIVE
2.6438856,3.16e-05,-3.16e-05,3.812114,0.1189198,-0.1189198,6404.7051471,64.446434,-64.446434,3456.0,157.0,-157.0,0.425432,0.0125187,-0.0125187,29.4322068,,,594.0533593,,,CONFIRMED
3.6451549,1.4e-05,-1.4e-05,2.99324,0.165456,-0.165456,780.0,0.628693,-0.628693,5922.0,120.4,-120.4,1.05,0.05,-0.05,283.719,,,1143.0,,,CONFIRMED
1.0376109,8.2e-06,-8.2e-06,1.53671,0.120057,-0.120057,210.0,0.706273,-0.706273,5922.0,120.4,-120.4,1.05,0.05,-0.05,2287.71,,,1926.0,,,CONFIRMED
8.0214735,2.81e-05,-2.81e-05,2.3381058,2.054148,-2.054148,882.3089291,67.50628,-67.50628,5165.2,103.5,-103.5,0.784618,0.0392965,-0.0392965,69.7589934,,,737.0887807,,,CONFIRMED
0.4378083,7.1e-06,-7.1e-06,1.374002,1.1048404,-1.1048404,290.8856184,25.678078,-25.678078,5165.2,103.5,-103.5,0.784618,0.0392965,-0.0392965,3369.4605233,,,1943.1657306,,,CONFIRMED
7.093853,0.0020861,-0.0020861,1.6277147,3.3778024,-3.3778024,284.2381135,46.032337,-46.032337,5690.0,122.747,-122.747,0.956941,0.0464397,-0.0464397,163.4661355,,,911.9619079,,,CONFIRMED
4.1244833,4.4e-06,-4.4e-06,12.4249,0.670575,-0.670575,9590.0,1.24726,-1.24726,5634.0,125.032,-125.032,1.26,0.07,-0.07,459.542,,,1289.0,,,CONFIRMED
10.6439385,6.87e-05,-6.87e-05,1.98891,0.107449,-0.107449,1240.0,2.21031,-2.21031,3815.0,157.0,-157.0,0.55,0.02,-0.02,10.7276,,,504.0,,,CONFIRMED
16.7961107,0.0057962,-0.0057962,2.5066457,1.018664,-1.018664,1816.2755985,202.90366,-202.90366,3859.0,157.0,-157.0,0.582436,0.0172029,-0.0172029,5.9204002,,,397.8391483,,,CANDIDATE
12.8858629,6.25e-05,-6.25e-05,4.21693,0.450434,-0.450434,3170.0,12.5594,-12.5594,4868.61,159.921,-159.921,0.69,0.06,-0.06,18.3406,,,576.0,,,CANDIDATE
6.2932111,3.97e-05,-3.97e-05,2.98555,0.292688,-0.292688,1810.0,3.50736,-3.50736,4868.61,159.921,-159.921,0.69,0.06,-0.06,58.2524,,,769.0,,,CANDIDATE
4.9246365,2.04e-05,-2.04e-05,2.74529,0.161443,-0.161443,803.0,42.7786,-42.7786,5428.81,99.5484,-99.5484,1.06,0.05,-0.05,210.206,,,1060.0,,,CANDIDATE
24.0510453,5.8e-05,-5.8e-05,2.9822257,1.5054251,-1.5054251,1194.9103544,83.521484,-83.521484,5232.43,112.583,-112.583,0.855433,0.0442764,-0.0442764,19.9084441,,,538.7398234,,,CANDIDATE
15.1512051,0.0001358,-0.0001358,2.8411799,0.830512,-0.830512,4955.304292,547.35736,-547.35736,3272.0,157.0,-157.0,0.401575,0.0119287,-0.0119287,2.1462129,,,308.7009384,,,CONFIRMED
8.1960758,2.92e-05,-2.92e-05,2.7663658,1.1999038,-1.1999038,4699.5344472,480.3587,-480.3587,3272.0,157.0,-157.0,0.401575,0.0119287,-0.0119287,4.8692389,,,378.8654659,,,CANDIDATE
0.5019031,1.87e-05,-1.87e-05,1.8451862,0.2417205,-0.2417205,1536.5683135,211.42867,-211.42867,3272.0,157.0,-157.0,0.401575,0.0119287,-0.0119287,201.7325126,,,961.1999156,,,CANDIDATE
0.54937,1.5e-06,-1.5e-06,1.53904,0.139876,-0.139876,370.0,1.62646,-1.62646,4612.99,99.6652,-99.6652,0.74,0.05,-0.05,1407.22,,,1706.0,,,CONFIRMED
2.1075001,0.0002032,-0.0002032,11.7706128,0.8820462,-0.8820462,4256.1743008,186.66696,-186.66696,6351.66,143.862,-143.862,1.59204,0.108061,-0.108061,3058.1088297,,,1896.6316071,,,FALSE POSITIVE
4.6170519,5.3e-06,-5.3e-06,12.4681,0.680313,-0.680313,12210.0,2.86261,-2.86261,5797.0,121.229,-121.229,1.11,0.06,-0.06,447.82,,,1281.0,,,CONFIRMED
4.5320502,3e-06,-3e-06,7.0590799,0.5248592,-0.5248592,7874.5852788,93.59567,-93.59567,4983.0,180.0,-180.0,0.805573,0.0550251,-0.0550251,123.9023995,,,850.9218562,,,CONFIRMED
1.3273482,6e-07,-6e-07,15.4709,0.750927,-0.750927,18850.0,0.448136,-0.448136,5555.05,115.611,-115.611,1.07,0.05,-0.05,1378.13,,,1697.0,,,CONFIRMED
3.7130701,1.8e-06,-1.8e-06,11.7215,0.817683,-0.817683,19610.0,3.30322,-3.30322,4719.0,120.376,-120.376,0.81,0.06,-0.06,55.9743,,,762.0,,,CONFIRMED
11.6098182,4.18e-05,-4.18e-05,2.7371461,1.1333301,-1.1333301,1391.5795455,97.39971,-97.39971,5059.36,146.23,-146.23,0.738692,0.0529272,-0.0529272,35.6962064,,,623.412155,,,CANDIDATE
48.3320223,0.0040631,-0.0040631,5.0923959,0.5702999,-0.5702999,4780.0505501,232.32579,-232.32579,5059.36,146.23,-146.23,0.738692,0.0529272,-0.0529272,2.1152872,,,307.5828267,,,CANDIDATE
0.798,2e-05,-2e-05,2.95586,0.469302,-0.469302,190.0,5.01007,-5.01007,6194.2,220.2,-220.2,1.84,0.08,-0.08,898.537,,,1525.0,,,FALSE POSITIVE
6.3684627,7.11e-05,-7.11e-05,5.1407901,1.8813915,-1.8813915,461.2506691,28.370127,-28.370127,4971.0,122.0,-122.0,2.3894999,,,216.0619339,,,977.8321546,,,CANDIDATE
2.555332,9e-07,-9e-07,20.5128,0.940547,-0.940547,6550.0,0.0361902,-0.0361902,6454.0,121.9,-121.9,2.48,0.11,-0.11,4328.46,,,2259.0,,,FALSE POSITIVE
13.3983724,6.86e-05,-6.86e-05,6.0631073,0.5993923,-0.5993923,1329.4475111,119.63212,-119.63212,6131.3,131.5,-131.5,1.45244,0.0728417,-0.0728417,198.2873611,,,957.0695694,,,CANDIDATE
5.5115114,1.74e-05,-1.74e-05,10.0325305,0.5377234,-0.5377234,3342.8070054,108.607994,-108.607994,6236.9,103.1,-103.1,1.63332,0.0699799,-0.0699799,853.2145726,,,1378.4287279,,,CANDIDATE
4.860673,6.4e-06,-6.4e-06,11.4272,0.5893,-0.5893,6140.0,3.15035,-3.15035,5778.2,106.3,-106.3,1.4,0.06,-0.06,292.245,,,1151.0,,,CONFIRMED
9.4893231,3.57e-05,-3.57e-05,2.4304,0.147205,-0.147205,940.0,0.598519,-0.598519,5120.0,112.4,-112.4,0.77,0.04,-0.04,41.924,,,708.0,,,CONFIRMED
38.8135498,3.51e-05,-3.51e-05,8.20695,0.564151,-0.564151,9593.0,307.406,-307.406,4760.0,117.2,-117.2,0.82,0.05,-0.05,9.29717,,,486.0,,,CONFIRMED
22.8085719,6.06e-05,-6.06e-05,2.45459,0.154326,-0.154326,977.0,30.2312,-30.2312,5182.0,127.3,-127.3,0.82,0.05,-0.05,14.6287,,,544.0,,,CONFIRMED
10.1824299,5.8e-06,-5.8e-06,10.7723,0.593857,-0.593857,10610.0,5.4561,-5.4561,5450.0,99.5,-99.5,1.01,0.05,-0.05,57.9125,,,768.0,,,CANDIDATE
4.1419805,9e-07,-9e-07,12.9812632,0.6613404,-0.6613404,10130.9411804,39.502014,-39.502014,5418.3,109.0,-109.0,1.15614,0.058794,-0.058794,462.8529919,,,1182.988488,,,CONFIRMED
1.467119,2.5e-06,-2.5e-06,1.3241394,0.3301907,-0.3301907,1550.632368,46.27417,-46.27417,3297.0,157.0,-157.0,0.331472,0.0098315,-0.0098315,39.492214,,,639.3631768,,,CONFIRMED
9.0941239,1.37e-05,-1.37e-05,8.09838,0.410657,-0.410657,2570.0,0.188625,-0.188625,5759.8,165.5,-165.5,1.56,0.08,-0.08,180.272,,,1020.0,,,CONFIRMED
6.2895835,3.4e-06,-3.4e-06,15.9901,0.838556,-0.838556,24300.0,1.75643,-1.75643,5565.0,123.891,-123.891,1.02,0.05,-0.05,124.221,,,930.0,,,CANDIDATE
3.4307565,6.39e-05,-6.39e-05,29.7749124,1.3656207,-1.3656207,9664.2985634,56.35966,-56.35966,6270.0,196.0,-196.0,2.72192,0.124462,-0.124462,4956.2460141,,,2139.9713716,,,FALSE POSITIVE
9.7815625,2.01e-05,-2.01e-05,18.205,0.838453,-0.838453,20040.0,7.51099,-7.51099,6327.16,117.066,-117.066,1.21,0.05,-0.05,225.192,,,1079.0,,,FALSE POSITIVE
4.1508569,4.1e-06,-4.1e-06,7.61178,0.587876,-0.587876,8700.0,2.15203,-2.15203,4652.0,127.88,-127.88,0.78,0.06,-0.06,81.7443,,,837.0,,,CANDIDATE
3.6935997,1.6e-06,-1.6e-06,17.0086591,0.9107161,-0.9107161,8580.4318905,44.036106,-44.036106,6097.47,137.577,-137.577,1.78076,0.0949749,-0.0949749,1639.1071763,,,1622.8246189,,,CONFIRMED
5.6419598,0.001147,-0.001147,1.8245844,1.2838765,-1.2838765,543.838848,72.83464,-72.83464,5297.0,107.552,-107.552,0.782479,0.0380352,-0.0380352,119.4171181,,,843.1141848,,,CANDIDATE
20.3807824,1.78e-05,-1.78e-05,8.2227994,0.3622537,-0.3622537,2371.5221505,26.712173,-26.712173,6351.0,118.9,-118.9,1.61988,0.0676734,-0.0676734,153.5184581,,,897.7592727,,,CONFIRMED
1.7727505,4.1e-06,-4.1e-06,2.73549,0.187474,-0.187474,243.0,25.6082,-25.6082,6351.0,118.9,-118.9,1.62,0.07,-0.07,2981.98,,,2058.0,,,FALSE POSITIVE
2.1747062,1.8e-06,-1.8e-06,14.231871,0.7647216,-0.7647216,11173.1929564,135.44063,-135.44063,6046.76,142.639,-142.639,1.2561899,0.0667387,-0.0667387,1622.2528254,,,1618.6367047,,,CONFIRMED
1.4238067,6.7e-06,-6.7e-06,2.6855348,0.2759538,-0.2759538,721.0458571,62.314243,-62.314243,5382.69,146.214,-146.214,0.848099,0.0548492,-0.0548492,921.846663,,,1405.3497526,,,CANDIDATE
4.8170684,3e-07,-3e-07,24.4342674,1.0329372,-1.0329372,23137.3629965,31.129509,-31.129509,6380.0,197.0,-197.0,1.44956,0.0612664,-0.0612664,952.2769628,,,1416.8065929,,,FALSE POSITIVE
7.8456075,9.6e-06,-9.6e-06,14.2866,0.615803,-0.615803,7020.0,1.38932,-1.38932,6266.0,104.702,-104.702,1.65,0.07,-0.07,718.188,,,1442.0,,,CONFIRMED
4.3011975,3.6e-06,-3.6e-06,15.3684,1.05306,-1.05306,22050.0,2.5858,-2.5858,5115.16,138.182,-138.182,1.03,0.07,-0.07,185.119,,,1027.0,,,CONFIRMED
9.5739531,2e-05,-2e-05,12.4956,0.586497,-0.586497,3170.0,0.502035,-0.502035,6115.0,119.063,-119.063,2.05,0.09,-0.09,354.639,,,1208.0,,,CONFIRMED
9.1469122,0.0002954,-0.0002954,12.7002634,0.6583673,-0.6583673,8770.0961182,206.0101,-206.0101,5954.0,124.6,-124.6,1.2752,0.0605402,-0.0605402,235.6892132,,,999.320223,,,FALSE POSITIVE
3.2130578,1e-06,-1e-06,11.0975,0.77922,-0.77922,22530.0,0.808113,-0.808113,4652.87,115.904,-115.904,0.7,0.05,-0.05,118.075,,,918.0,,,CONFIRMED
3.6610026,1.2e-06,-1.2e-06,13.3480688,0.7621915,-0.7621915,18701.4218317,106.03056,-106.03056,5271.0,124.2,-124.2,0.943402,0.0535628,-0.0535628,305.2117259,,,1066.031538,,,CANDIDATE
3.9306746,7.2e-06,-7.2e-06,1.7902006,0.2476961,-0.2476961,1637.1984269,85.50518,-85.50518,3512.0,157.0,-157.0,0.411452,0.0121252,-0.0121252,17.7418678,,,523.4432264,,,CONFIRMED
35.4557945,0.0001427,-0.0001427,8.9807,0.695996,-0.695996,9890.0,20.4331,-20.4331,5076.0,127.7,-127.7,0.83,0.05,-0.05,9.24196,,,485.0,,,CONFIRMED
12.7645811,0.000144,-0.000144,4.21676,0.359359,-0.359359,3000.0,7.19069,-7.19069,5076.0,127.7,-127.7,0.83,0.05,-0.05,15.1947,,,550.0,,,CANDIDATE
5.4809161,1.97e-05,-1.97e-05,8.64837,0.48336,-0.48336,2770.0,1.72638,-1.72638,5923.0,127.2,-127.2,1.62,0.08,-0.08,856.944,,,1507.0,,,FALSE POSITIVE
0.9414525,1e-07,-1e-07,15.342,0.801605,-0.801605,11445.0,260.648,-260.648,6400.0,,,1.35,0.07,-0.07,4266.74,,,2251.0,,,CONFIRMED
2.3601883,5.7e-06,-5.7e-06,13.4654,,,21460.0,8.50863,-8.50863,5356.0,122.0,-122.0,0.9,,,505.623,,,1321.0,,,CANDIDATE
1.2436239,4.6e-06,-4.6e-06,3.89334,0.284458,-0.284458,1790.0,3.81382,-3.81382,4968.8,107.5,-107.5,0.84,0.05,-0.05,435.33,,,1272.0,,,CONFIRMED
2.5267353,0.000297,-0.000297,12.697976,0.4260542,-0.4260542,17543.876912,701.709,-701.709,4836.0,122.0,-122.0,0.871731,,,333.0417477,,,1089.5431103,,,CANDIDATE
1.3641482,8e-07,-8e-07,19.5876,5.28743,-5.28743,7820.0,1902.16,-1902.16,5347.0,121.0,-121.0,1.08,0.06,-0.06,852.162,,,1505.0,,,CONFIRMED
197.0336254,0.0003266,-0.0003266,12.0713,0.58185,-0.58185,11900.0,0.467556,-0.467556,5616.4,135.1,-135.1,1.0,0.05,-0.05,1.65744,,,316.0,,,FALSE POSITIVE
2.0912089,2.5e-06,-2.5e-06,18.3695,4.64625,-4.64625,20760.0,2648.32,-2648.32,4220.9,119.2,-119.2,0.77,0.07,-0.07,126.014,,,933.0,,,CANDIDATE
63.4839358,0.0002256,-0.0002256,11.1495,0.511611,-0.511611,5357.0,139.844,-139.844,6415.0,131.3,-131.3,1.4,0.06,-0.06,23.786,,,615.0,,,CONFIRMED
35.6134391,3.24e-05,-3.24e-05,3.12194,0.291907,-0.291907,1575.0,80.9712,-80.9712,4628.53,91.9226,-91.9226,0.71,0.06,-0.06,10.8612,,,505.0,,,CONFIRMED
7.7897726,1.93e-05,-1.93e-05,1.00084,0.107854,-0.107854,194.0,19.6709,-19.6709,4628.53,91.9226,-91.9226,0.71,0.06,-0.06,144.765,,,966.0,,,CONFIRMED
1.0662082,1.8e-06,-1.8e-06,1.0883,0.0625888,-0.0625888,151.0,8.97283,-8.97283,5668.0,104.7,-104.7,0.93,0.04,-0.04,876.703,,,1515.0,,,CONFIRMED
742.5142746,0.0001166,-0.0001166,11.1888239,0.5905501,-0.5905501,8486.4050981,98.86666,-98.86666,5490.0,148.2,-148.2,1.06113,0.0552212,-0.0552212,11.1474457,,,466.0296958,,,CANDIDATE
5.6442112,4.7e-06,-4.7e-06,11.4462895,0.5574402,-0.5574402,4136.2010063,55.54282,-55.54282,6310.0,141.7,-141.7,1.63591,0.0772688,-0.0772688,854.7074229,,,1379.0312841,,,CONFIRMED
1.42611,1e-05,-1e-05,9.21032,2.0725,-2.0725,1890.0,195.734,-195.734,6404.0,125.9,-125.9,1.32,0.06,-0.06,11388.0,,,2877.0,,,FALSE POSITIVE
1.6453265,3e-07,-3e-07,19.0536,0.849766,-0.849766,19310.0,0.137604,-0.137604,6023.0,120.7,-120.7,1.32,0.06,-0.06,1816.48,,,1818.0,,,CONFIRMED
2.1863095,1.98e-05,-1.98e-05,10.9791817,0.6909835,-0.6909835,2983.5525823,112.34668,-112.34668,6728.0,125.0,-125.0,1.92153,0.0863015,-0.0863015,4908.3013736,,,2134.7771952,,,CANDIDATE
18.10671,0.00039,-0.00039,19.3734,1.90146,-1.90146,10340.0,82.9463,-82.9463,6615.0,132.5,-132.5,1.65,0.08,-0.08,199.63,,,1047.0,,,FALSE POSITIVE
8.8263579,1.33e-05,-1.33e-05,12.1777996,0.9154001,-0.9154001,5877.74804,111.40541,-111.40541,6016.0,127.5,-127.5,1.56043,0.098877,-0.098877,381.1216482,,,1126.900714,,,CANDIDATE
1.6024387,7.5e-06,-7.5e-06,5.5640916,1.3158159,-1.3158159,1372.6016905,81.64774,-81.64774,5435.9,5567.0,-5567.0,1.39294,0.0587311,-0.0587311,2819.6338493,,,1858.5229504,,,CANDIDATE
2.7633917,1.3e-06,-1.3e-06,16.4097207,1.1075944,-1.1075944,12405.1873299,80.754776,-80.754776,6511.0,126.6,-126.6,1.43103,0.0962086,-0.0962086,1824.5880178,,,1666.9054026,,,CANDIDATE
3.40612,0.0003,-0.0003,8.60495,1.64429,-1.64429,1740.0,75.9188,-75.9188,5955.3,102.7,-102.7,1.67,0.08,-0.08,985.653,,,1560.0,,,FALSE POSITIVE
2.2349708,2.2e-06,-2.2e-06,11.1799,,,3870.0,5.04998,-5.04998,6305.2,383.5,-383.5,1.57,,,3419.38,,,,,,CANDIDATE
24.9341884,0.0001389,-0.0001389,3.93465,0.232854,-0.232854,1390.0,1.55996,-1.55996,5699.0,141.1,-141.1,0.97,0.05,-0.05,34.0216,,,672.0,,,CANDIDATE
900.1930987,0.0069492,-0.0069492,3.6185236,0.8518884,-0.8518884,1344.4884882,119.18114,-119.18114,5699.0,141.1,-141.1,0.971675,0.0471155,-0.0471155,0.2651017,,,183.0091807,,,CANDIDATE
7.0056805,2.42e-05,-2.42e-05,3.1039232,0.2248645,-0.2248645,766.894462,39.187603,-39.187603,5699.0,141.1,-141.1,0.971675,0.0471155,-0.0471155,171.8935756,,,923.4952393,,,CANDIDATE
11.3091849,1.42e-05,-1.42e-05,15.4356,0.956218,-0.956218,11960.0,17.5386,-17.5386,5817.0,128.5,-128.5,1.25,0.06,-0.06,26.4473,,,631.0,,,CANDIDATE
6.4827647,6.7e-06,-6.7e-06,11.487382,0.8030515,-0.8030515,4140.8329483,100.21352,-100.21352,6748.0,125.2,-125.2,1.73025,0.0862312,-0.0862312,941.0164562,,,1412.5995193,,,CANDIDATE
3.801591,1.9e-06,-1.9e-06,14.4297,0.657427,-0.657427,18950.0,0.984908,-0.984908,6051.0,127.3,-127.3,1.01,0.05,-0.05,395.697,,,1242.0,,,FALSE POSITIVE
3.2351013,4.3e-06,-4.3e-06,6.9705803,1.1605136,-1.1605136,3974.2319128,173.1015,-173.1015,5976.0,131.5,-131.5,1.06446,0.053701,-0.053701,662.3022648,,,1293.8496408,,,CANDIDATE
13.7045951,4.98e-05,-4.98e-05,17.0437214,0.8148566,-0.8148566,10116.0470111,211.98935,-211.98935,6531.0,126.2,-126.2,1.49611,0.0684875,-0.0684875,237.5404319,,,1001.2767573,,,CANDIDATE
1.7263781,2.8e-06,-2.8e-06,8.0540139,3.7754233,-3.7754233,10118.353972,407.8076,-407.8076,3631.4,504.9,-504.9,0.556058,0.016711,-0.016711,46.8519157,,,667.2699818,,,CANDIDATE
1.1203828,1.2e-06,-1.2e-06,5.96207,0.339687,-0.339687,1901.0,106.0,-106.0,6564.4,178.0,-178.0,1.47,0.06,-0.06,4388.96,,,2267.0,,,FALSE POSITIVE
3.0898836,2.6e-06,-2.6e-06,18.4456585,6.2533746,-6.2533746,5784.3735169,131.19261,-131.19261,8828.7,271.0,-271.0,1.63132,0.0630352,-0.0630352,6037.4156662,,,2248.1874488,,,CANDIDATE
4.5063838,1.03e-05,-1.03e-05,5.5521734,0.5160709,-0.5160709,12522.9613662,602.1286,-602.1286,3477.0,157.0,-157.0,0.493576,0.0149633,-0.0149633,17.943561,,,524.924579,,,CONFIRMED
6.7822781,3.5e-06,-3.5e-06,9.0508641,0.5439509,-0.5439509,10143.2450255,91.6376,-91.6376,5225.0,130.9,-130.9,0.882285,0.0513769,-0.0513769,114.1304957,,,833.6239348,,,CANDIDATE
6.5440665,8e-06,-8e-06,14.1513,0.65761,-0.65761,6060.0,0.506475,-0.506475,6232.0,123.2,-123.2,1.76,0.08,-0.08,318.224,,,1176.0,,,CONFIRMED
2.5128483,2e-06,-2e-06,12.8342008,0.2398161,-0.2398161,18573.9655629,287.92004,-287.92004,5744.0,122.0,-122.0,0.924044,,,623.3463235,,,1274.3892523,,,CANDIDATE
2.2001583,4.4e-06,-4.4e-06,2.5006782,1.031505,-1.031505,1295.5985443,53.239758,-53.239758,4250.0,171.0,-171.0,0.705729,0.0664121,-0.0664121,164.3262502,,,913.1591724,,,CANDIDATE
5.547485,2.54e-05,-2.54e-05,11.48,0.43171,-0.43171,3350.0,1.43696,-1.43696,7397.0,237.3,-237.3,2.04,0.06,-0.06,3368.08,,,2122.0,,,FALSE POSITIVE
19.9676936,4.18e-05,-4.18e-05,10.0136343,0.5156611,-0.5156611,6084.3435425,78.46292,-78.46292,5857.0,153.6,-153.6,1.26949,0.061191,-0.061191,78.6890952,,,759.6234924,,,CANDIDATE
1837.8897313,6.97e-05,-6.97e-05,2.231604,1.7418982,-1.7418982,784.5879336,67.64698,-67.64698,5256.0,183.0,-183.0,0.795285,0.0424071,-0.0424071,22.7830749,,,557.2150449,,,CANDIDATE
739.2389832,0.009475,-0.009475,6.2876421,0.2443085,-0.2443085,3106.7675633,103.06988,-103.06988,5611.0,187.0,-187.0,1.0692,,,0.362353,,,197.8803761,,,CANDIDATE
748.0739416,0.0011631,-0.0011631,9.5710516,0.4543167,-0.4543167,4627.3105593,111.289764,-111.289764,6762.0,202.0,-202.0,1.37387,0.0567035,-0.0567035,1.0296947,,,256.91938,,,CANDIDATE
48.5340395,0.0003159,-0.0003159,26.827,1.24227,-1.24227,62170.0,0.995212,-0.995212,5937.0,142.24,-142.24,1.03,0.05,-0.05,0.0730269,,,144.0,,,FALSE POSITIVE
48.5338626,0.0021795,-0.0021795,7.9008,0.415699,-0.415699,4730.0,3.1286,-3.1286,5937.0,142.24,-142.24,1.03,0.05,-0.05,2.2453,,,341.0,,,FALSE POSITIVE
45.5221456,4.76e-05,-4.76e-05,9.7055757,0.4855426,-0.4855426,3028.5453279,26.94963,-26.94963,6303.91,141.811,-141.811,1.61034,0.079598,-0.079598,51.0073705,,,681.5974916,,,CONFIRMED
29.0902271,7.39e-05,-7.39e-05,12.1826517,0.412919,-0.412919,37562.3332736,656.51215,-656.51215,3854.0,157.0,-157.0,0.617863,0.0181815,-0.0181815,2.600601,,,323.8830195,,,CONFIRMED
10.0205998,4.6e-06,-4.6e-06,11.7679183,0.5424184,-0.5424184,8218.1442865,36.541595,-36.541595,6038.0,,,1.27527,0.0584674,-0.0584674,211.7916534,,,972.9644217,,,CONFIRMED
3.0566277,0.000122,-0.000122,12.5182693,0.311359,-0.311359,12517.5203529,335.84195,-335.84195,5735.0,122.0,-122.0,1.03865,,,606.6634527,,,1265.7755651,,,CONFIRMED
1.3666563,1.2e-06,-1.2e-06,15.437,,,21070.0,2.25504,-2.25504,5790.4,89.4,-89.4,1.02,,,1310.22,,,1676.0,,,CONFIRMED
1.6091845,2.9e-06,-2.9e-06,16.7675,,,13450.0,9.03782,-9.03782,6393.0,122.0,-122.0,1.43,,,1054.66,,,1587.0,,,CONFIRMED
3.8404319,9.7e-06,-9.7e-06,12.3434,0.592897,-0.592897,3580.0,0.518387,-0.518387,5909.0,61.2,-61.2,2.04,0.09,-0.09,1599.92,,,1761.0,,,CONFIRMED
4.3247708,7.2e-06,-7.2e-06,17.0257,0.853523,-0.853523,6380.0,0.972063,-0.972063,6457.0,134.1,-134.1,2.13,0.1,-0.1,1080.87,,,1597.0,,,CONFIRMED
5.72226,0.00011,-0.00011,12.8433,0.928107,-0.928107,25549.0,1.30739,-1.30739,4233.2,164.2,-164.2,0.73,0.05,-0.05,37.0251,,,687.0,,,CONFIRMED
9.6246665,1.75e-05,-1.75e-05,12.3182,0.681292,-0.681292,10230.0,2.72051,-2.72051,5473.0,123.4,-123.4,1.2,0.06,-0.06,121.918,,,925.0,,,CONFIRMED
5.4774433,4.4e-06,-4.4e-06,20.3433,0.98964,-0.98964,9010.0,0.165807,-0.165807,6942.0,195.8,-195.8,2.09,0.1,-0.1,1506.5,,,1735.0,,,CONFIRMED
3.65688,0.00053,-0.00053,12.8031,0.709584,-0.709584,7040.0,2.33649,-2.33649,6239.0,126.7,-126.7,1.53,0.08,-0.08,903.013,,,1527.0,,,CONFIRMED
4.1536624,2.7e-06,-2.7e-06,12.7595,0.652224,-0.652224,12310.0,5.14588,-5.14588,5818.8,409.4,-409.4,1.09,0.05,-0.05,278.886,,,1138.0,,,CONFIRMED
8.1587261,1.2e-06,-1.2e-06,12.7393,0.745852,-0.745852,15337.0,160.266,-160.266,5600.0,,,1.0,0.06,-0.06,209.118,,,1059.0,,,CONFIRMED
5.4161129,1.65e-05,-1.65e-05,13.3752,,,14310.0,4.59249,-4.59249,5652.0,122.0,-122.0,1.1,,,232.397,,,1087.0,,,CONFIRMED
7.8181434,6.37e-05,-6.37e-05,9.95177,0.589713,-0.589713,3650.0,3.05663,-3.05663,5549.0,123.1,-123.1,1.64,0.08,-0.08,266.851,,,1125.0,,,CONFIRMED
5.4053583,9.2e-06,-9.2e-06,13.4237,0.628467,-0.628467,6770.0,0.487159,-0.487159,6410.0,128.8,-128.8,1.59,0.07,-0.07,857.119,,,1507.0,,,CONFIRMED
3.3489038,7.05e-05,-7.05e-05,13.011038,0.6761063,-0.6761063,10987.1747675,135.40771,-135.40771,5711.0,124.0,-124.0,1.2295901,0.0607839,-0.0607839,740.224566,,,1330.3337928,,,CONFIRMED
4.1933422,0.0001751,-0.0001751,11.5425702,1.4339011,-1.4339011,4804.157266,196.71211,-196.71211,6405.0,128.2,-128.2,1.6277601,0.0730402,-0.0730402,1300.3125192,,,1531.5517841,,,CONFIRMED
2.2920348,8.13e-05,-8.13e-05,13.2497142,0.346368,-0.346368,10585.2906021,207.89972,-207.89972,6208.0,122.0,-122.0,1.26526,,,1637.2058065,,,1622.3537935,,,CONFIRMED
1.888231,5.5e-06,-5.5e-06,14.4776426,0.9534359,-0.9534359,4358.3260875,97.941025,-97.941025,8549.0,152.1,-152.1,2.12128,0.118809,-0.118809,14536.662674,,,2800.5022616,,,CONFIRMED
1.82069,0.00016,-0.00016,15.6593,0.791515,-0.791515,12340.0,2.69921,-2.69921,6155.0,132.9,-132.9,1.35,0.07,-0.07,2440.7,,,1958.0,,,CONFIRMED
3.39829,0.00088,-0.00088,7.06633,0.581413,-0.581413,4340.0,15.7058,-15.7058,6271.0,133.8,-133.8,1.09,0.05,-0.05,662.808,,,1413.0,,,FALSE POSITIVE
4.2337078,6.9e-06,-6.9e-06,19.6222,4.72969,-4.72969,7690.0,825.43,-825.43,6333.7,125.3,-125.3,1.46,0.08,-0.08,822.444,,,1491.0,,,CONFIRMED
3.9227122,9e-07,-9e-07,7.23153,0.475318,-0.475318,11953.0,124.583,-124.583,4800.0,,,0.64,0.04,-0.04,235.573,,,1091.0,,,CONFIRMED
2.5441537,1.13e-05,-1.13e-05,10.5577,,,6780.0,7.67643,-7.67643,5652.0,122.0,-122.0,1.31,,,476.965,,,1301.0,,,CONFIRMED
5.17958,0.00122,-0.00122,14.829,0.819083,-0.819083,7620.0,2.24479,-2.24479,6116.0,124.8,-124.8,1.65,0.09,-0.09,669.018,,,1416.0,,,CONFIRMED
4.5768651,0.0007201,-0.0007201,19.1571223,1.9461098,-1.9461098,10869.4903086,517.9199,-517.9199,6687.0,136.3,-136.3,1.78295,0.166623,-0.166623,1547.1013862,,,1599.5559785,,,CONFIRMED
4.2042078,1.04e-05,-1.04e-05,12.1025,0.809459,-0.809459,12080.0,28.1462,-28.1462,6781.0,133.6,-133.6,1.07,0.05,-0.05,355.909,,,1210.0,,,CONFIRMED
2.8240691,5e-07,-5e-07,17.7861,0.566327,-0.566327,8970.0,0.0125358,-0.0125358,8004.2,205.1,-205.1,1.84,0.06,-0.06,4913.69,,,2332.0,,,CONFIRMED
2.3447752,1.7e-06,-1.7e-06,13.4487,0.743905,-0.743905,15340.0,2.49835,-2.49835,5515.0,133.4,-133.4,1.04,0.06,-0.06,320.327,,,1178.0,,,CONFIRMED
1.3372349,0.0001162,-0.0001162,3.0265786,3.7305796,-3.7305796,1226.6760556,125.75308,-125.75308,5111.9,121.9,-121.9,0.860256,0.050804,-0.050804,886.9841113,,,1391.8701134,,,CONFIRMED
4.1117731,2.9e-06,-2.9e-06,15.4112805,0.7490635,-0.7490635,22017.8853537,292.72113,-292.72113,5424.8,104.8,-104.8,0.916164,0.0434171,-0.0434171,268.7176151,,,1032.6277308,,,CONFIRMED
2.278575,0.0001318,-0.0001318,14.7731999,1.1305058,-1.1305058,13638.9588751,271.81192,-271.81192,4879.0,4879.8,-4879.8,1.21163,0.0878214,-0.0878214,775.8848566,,,1346.0744113,,,CONFIRMED
3.8537616,6.9e-06,-6.9e-06,14.7144,,,18650.0,3.75954,-3.75954,5697.0,122.0,-122.0,1.06,,,471.61,,,1298.0,,,CONFIRMED
0.7920646,2e-07,-2e-07,12.9674,,,1464.0,4471.23,-4471.23,5422.0,185.0,-185.0,0.98,,,1013.69,,,1571.0,,,CONFIRMED
2.8786641,4.8e-06,-4.8e-06,12.863,0.793497,-0.793497,8710.0,4.03981,-4.03981,6017.0,133.0,-133.0,1.35,0.08,-0.08,471.142,,,1297.0,,,CONFIRMED
3.8186276,1.7e-05,-1.7e-05,11.3749,0.650895,-0.650895,3240.0,1.58294,-1.58294,6090.0,126.9,-126.9,2.03,0.1,-0.1,1200.24,,,1639.0,,,CONFIRMED
5.6107737,0.0008925,-0.0008925,18.3701736,1.0335122,-1.0335122,6651.6899169,167.96667,-167.96667,6013.5,210.8,-210.8,2.21327,0.111191,-0.111191,1486.8578958,,,1583.7517779,,,CONFIRMED
3.2633165,0.000827,-0.000827,15.0902486,1.2484235,-1.2484235,5011.5725027,244.95656,-244.95656,6561.0,127.4,-127.4,2.08347,0.100789,-0.100789,3163.3762217,,,1912.7466985,,,CONFIRMED
4.5111234,3e-06,-3e-06,18.5483,0.961946,-0.961946,11170.0,0.216648,-0.216648,6540.6,261.8,-261.8,1.71,0.09,-0.09,1085.35,,,1599.0,,,CONFIRMED
4.4352884,1.28e-05,-1.28e-05,11.2110231,1.5134789,-1.5134789,6410.0,5.22977,-5.22977,6245.0,124.1,-124.1,1.38,0.07,-0.07,196.663,,,1365.1232387,,,CONFIRMED
2.3506186,1e-06,-1e-06,12.801,0.662199,-0.662199,15940.0,0.319376,-0.319376,5593.0,124.5,-124.5,0.97,0.05,-0.05,570.233,,,1361.0,,,CONFIRMED
0.9466787,5e-07,-5e-07,14.6661,0.836152,-0.836152,16490.0,9.93893,-9.93893,5707.0,135.9,-135.9,1.07,0.05,-0.05,1220.35,,,1646.0,,,CONFIRMED
4.8996461,1e-06,-1e-06,15.9746,,,10957.0,115.235,-115.235,5940.0,,,1.5,,,259.864,,,,,,CONFIRMED
3.4158668,3.8e-06,-3.8e-06,19.3376794,9.503918,-9.503918,2841.7825532,65.27697,-65.27697,5986.0,105.7,-105.7,2.19052,0.110736,-0.110736,2831.3869926,,,1860.4566612,,,CANDIDATE
1.13305,1e-05,-1e-05,2.16887,0.435629,-0.435629,100.0,3.35467,-3.35467,5883.8,133.8,-133.8,2.1,0.1,-0.1,925.999,,,1536.0,,,FALSE POSITIVE
1.6563738,6.4e-06,-6.4e-06,1.42047,0.0911265,-0.0911265,246.0,14.2743,-14.2743,5614.1,76.6,-76.6,1.02,0.05,-0.05,1000.88,,,1566.0,,,FALSE POSITIVE
1.742573,5.8e-06,-5.8e-06,3.2459,0.508043,-0.508043,947.0,285.044,-285.044,5309.7,81.2,-81.2,0.95,0.05,-0.05,3594.0,,,2157.0,,,CANDIDATE
6.0988471,0.0019955,-0.0019955,24.9943945,11.290005,-11.290005,8857.7284148,558.46826,-558.46826,7023.2,108.8,-108.8,1.82219,0.0691734,-0.0691734,1423.581832,,,1566.6261042,,,FALSE POSITIVE
1.57363,0.00018,-0.00018,7.59717,2.4985,-2.4985,710.0,182.72,-182.72,5342.5,239.4,-239.4,1.66,0.09,-0.09,18801.9,,,3262.0,,,FALSE POSITIVE
10.8458712,2.35e-05,-2.35e-05,21.6846,4.33655,-4.33655,3120.0,222.468,-222.468,6670.3,270.7,-270.7,2.56,0.13,-0.13,878.752,,,1516.0,,,FALSE POSITIVE
3.6473383,1.5e-05,-1.5e-05,1.9083777,2.081486,-2.081486,162.7642577,12.695944,-12.695944,5928.0,161.5,-161.5,1.47579,0.073995,-0.073995,1104.8893752,,,1470.447248,,,FALSE POSITIVE
4.6211026,2.26e-05,-2.26e-05,15.4381,0.776216,-0.776216,11700.0,8.41362,-8.41362,6531.7,121.1,-121.1,1.45,0.06,-0.06,948.955,,,1546.0,,,CANDIDATE
2.0727598,4e-07,-4e-07,14.2954,0.701783,-0.701783,14761.0,345.413,-345.413,5640.0,,,1.13,0.05,-0.05,1414.87,,,1708.0,,,CONFIRMED
4.829406,1.8e-06,-1.8e-06,19.9103402,0.881327,-0.881327,8222.9837003,43.320633,-43.320633,5877.5,123.4,-123.4,1.95583,0.0862714,-0.0862714,1628.9232666,,,1620.2980383,,,CANDIDATE
6.89132,0.00069,-0.00069,11.3151,0.581361,-0.581361,5940.0,1.94454,-1.94454,5488.0,84.4,-84.4,1.41,0.07,-0.07,673.704,,,1419.0,,,FALSE POSITIVE
0.6923563,1.3e-06,-1.3e-06,10.6207,3.58922,-3.58922,810.0,304.396,-304.396,6422.1,205.8,-205.8,1.85,0.08,-0.08,14950.4,,,3080.0,,,FALSE POSITIVE
4.9064175,0.000833,-0.000833,9.7548163,0.5171183,-0.5171183,1704.6576752,88.63729,-88.63729,7119.5,299.0,-299.0,1.98083,0.0830704,-0.0830704,1908.1975034,,,1685.6817323,,,CANDIDATE
16.3152,0.00125,-0.00125,2.23088,0.616582,-0.616582,2500.0,321.08,-321.08,3625.0,65.0,-65.0,0.31,0.01,-0.01,26.312,,,630.0,,,FALSE POSITIVE
0.88958,0.00029,-0.00029,3.8492,0.281552,-0.281552,1240.0,3.24587,-3.24587,5586.2,77.6,-77.6,1.11,0.05,-0.05,4433.23,,,2273.0,,,FALSE POSITIVE
14.5187891,8.88e-05,-8.88e-05,3.60283,0.277583,-0.277583,429.0,40.3516,-40.3516,5844.8,50.4,-50.4,1.79,0.09,-0.09,43.2598,,,714.0,,,FALSE POSITIVE
14.6483913,5.01e-05,-5.01e-05,33.3954,,,1323.0,2518.76,-2518.76,4851.6,190.4,-190.4,5.42,,,93.0211,,,865.0,,,CANDIDATE
3.2242808,0.0016209,-0.0016209,8.5752112,1.4759883,-1.4759883,868.6214414,84.414024,-84.414024,4866.2,129.7,-129.7,2.62415,,,527.6121099,,,1222.3580538,,,FALSE POSITIVE
1.1630372,3.1e-06,-3.1e-06,8.4237328,2.3373525,-2.3373525,409.6006588,16.455883,-16.455883,6495.0,198.0,-198.0,4.0595698,0.175,-0.175,49141.0122425,,,3797.3512801,,,CANDIDATE
5.3418199,8.19e-05,-8.19e-05,5.7387,0.384384,-0.384384,330.0,0.714033,-0.714033,6466.2,149.8,-149.8,3.28,0.13,-0.13,1467.54,,,1724.0,,,CANDIDATE
6.7018963,3.37e-05,-3.37e-05,5.02216,,,950.0,1.58124,-1.58124,6231.8,183.8,-183.8,1.52,,,109.429,,,,,,CANDIDATE
1.76447,0.00012,-0.00012,27.921,,,2640.0,0.633562,-0.633562,8049.0,395.5,-395.5,5.08,,,17578.1,,,3207.0,,,FALSE POSITIVE
12.6534664,6.5e-06,-6.5e-06,20.5105778,1.0747972,-1.0747972,27095.439949,148.04051,-148.04051,5394.6,115.6,-115.6,1.18915,0.0621106,-0.0621106,106.7171624,,,819.7441326,,,FALSE POSITIVE
0.6466988,5.2e-06,-5.2e-06,5.8435673,2.1488483,-2.1488483,1063.700888,52.18728,-52.18728,6308.3,161.0,-161.0,1.71404,0.0765577,-0.0765577,18610.0980659,,,2978.9067943,,,CANDIDATE
0.6227257,4.4e-06,-4.4e-06,6.3159749,0.4783944,-0.4783944,565.9410837,24.777515,-24.777515,6390.7,260.2,-260.2,2.30849,0.103769,-0.103769,35846.7581896,,,3509.3947426,,,CANDIDATE
2.6855915,0.0005546,-0.0005546,3.5729712,1.3209385,-1.3209385,488.2401788,47.81683,-47.81683,5796.0,107.5,-107.5,1.51715,0.176909,-0.176909,1856.700481,,,1674.1918061,,,FALSE POSITIVE
14.278122,0.0033388,-0.0033388,8.3566078,0.8052116,-0.8052116,827.9264426,44.459335,-44.459335,5105.0,181.0,-181.0,2.90324,,,91.6541814,,,789.1468373,,,CONFIRMED
2.5599667,1.3e-06,-1.3e-06,17.5040682,0.8922312,-0.8922312,11049.7594662,62.59314,-62.59314,6432.2,218.0,-218.0,1.56996,0.0796985,-0.0796985,2669.4348198,,,1833.2621832,,,CANDIDATE
3.217824,7.4e-06,-7.4e-06,5.84702,0.35263,-0.35263,1288.0,62.4203,-62.4203,5418.0,169.6,-169.6,1.67,0.09,-0.09,227.191,,,1081.0,,,FALSE POSITIVE
4.7631,0.00115,-0.00115,4.06445,0.421733,-0.421733,850.0,5.31129,-5.31129,6105.1,328.2,-328.2,1.48,0.07,-0.07,184.105,,,1026.0,,,CANDIDATE
2.8319354,2.14e-05,-2.14e-05,4.18335,0.276048,-0.276048,780.0,1.06792,-1.06792,5408.7,62.5,-62.5,1.48,0.08,-0.08,914.113,,,1531.0,,,FALSE POSITIVE
17.0614756,7.55e-05,-7.55e-05,17.1048027,10.311735,-10.311735,2730.0,55.776,-55.776,9184.7,290.3,-290.3,2.14183,,,425.8669904,,,1158.6125921,,,FALSE POSITIVE
6.0783344,0.0009106,-0.0009106,16.9877965,2.356609,-2.356609,16168.288913,709.9779,-709.9779,8719.5,297.6,-297.6,1.0,,,235.1310083,,,998.7280008,,,FALSE POSITIVE
10.2150168,5.24e-05,-5.24e-05,1.4777754,0.5843396,-0.5843396,994.1089045,86.780266,-86.780266,3763.0,65.0,-65.0,0.447336,0.0133167,-0.0133167,7.4195034,,,420.9334696,,,CONFIRMED
9.27898,0.00103,-0.00103,15.0807,0.893189,-0.893189,9020.0,2.52091,-2.52091,5898.8,138.4,-138.4,1.45,0.08,-0.08,1058.72,,,1589.0,,,FALSE POSITIVE
2.4763492,1.24e-05,-1.24e-05,4.72716,0.258132,-0.258132,593.0,36.3048,-36.3048,8749.3,281.8,-281.8,2.14,0.07,-0.07,14633.4,,,3064.0,,,CANDIDATE
17.1725007,3.7e-05,-3.7e-05,9.89011,0.430682,-0.430682,3610.0,0.822301,-0.822301,6617.0,235.2,-235.2,1.41,0.06,-0.06,107.942,,,897.0,,,CANDIDATE
6.1110945,0.0039656,-0.0039656,5.873208,11.9655285,-11.9655285,1098.152672,155.97885,-155.97885,5725.0,235.6,-235.6,1.07235,0.0504698,-0.0504698,249.203041,,,1013.3467617,,,FALSE POSITIVE
0.5646193,2.1e-06,-2.1e-06,3.01498,0.181048,-0.181048,510.0,0.803011,-0.803011,6237.0,102.5,-102.5,1.3,0.06,-0.06,8493.1,,,2674.0,,,FALSE POSITIVE
2.2818488,3.8e-06,-3.8e-06,7.2854,0.417761,-0.417761,1483.0,30.2245,-30.2245,5368.0,124.8,-124.8,2.15,0.12,-0.12,2351.9,,,1940.0,,,FALSE POSITIVE
104.8729635,4.14e-05,-4.14e-05,10.223,0.600463,-0.600463,12183.0,167.187,-167.187,5350.0,184.0,-184.0,0.88,0.05,-0.05,2.75278,,,358.0,,,CONFIRMED
3.7899524,0.0010899,-0.0010899,11.7871267,6.0611277,-6.0611277,4345.4373432,315.7013,-315.7013,5579.5,213.4,-213.4,1.10456,0.0517186,-0.0517186,602.1590809,,,1263.4194534,,,FALSE POSITIVE
6.6570835,3e-06,-3e-06,14.8934,0.684568,-0.684568,7164.0,59.8202,-59.8202,5805.6,289.6,-289.6,1.73,0.08,-0.08,528.884,,,1336.0,,,FALSE POSITIVE
4.31224,0.00013,-0.00013,12.3576,0.582863,-0.582863,4990.0,1.84687,-1.84687,,,,1.72,0.07,-0.07,664.873,,,1414.0,,,FALSE POSITIVE
3.9416903,1.6e-06,-1.6e-06,19.6321,1.01213,-1.01213,12840.0,7.0183,-7.0183,6190.4,202.4,-202.4,1.48,0.07,-0.07,1460.48,,,1722.0,,,FALSE POSITIVE
4.0337201,3.3e-06,-3.3e-06,11.5159,0.399353,-0.399353,2868.0,43.9533,-43.9533,7369.0,219.0,-219.0,2.22,0.07,-0.07,1910.26,,,1841.0,,,CONFIRMED
3.1056464,1.47e-05,-1.47e-05,13.2277,0.741141,-0.741141,800.0,1.51611,-1.51611,7804.8,128.2,-128.2,4.44,0.15,-0.15,949.504,,,1546.0,,,CANDIDATE
7.72433,0.00083,-0.00083,20.0285,0.96118,-0.96118,7120.0,0.551711,-0.551711,6249.4,386.5,-386.5,2.32,0.11,-0.11,1173.53,,,1630.0,,,FALSE POSITIVE
1.8359766,2.8e-06,-2.8e-06,5.11603,0.349134,-0.349134,1073.0,79.2446,-79.2446,6311.5,192.6,-192.6,1.61,0.08,-0.08,573.168,,,1363.0,,,CANDIDATE
1.10833,0.00032,-0.00032,4.58274,0.286178,-0.286178,1060.0,1.75155,-1.75155,5972.0,208.3,-208.3,1.4,0.06,-0.06,4415.23,,,2270.0,,,FALSE POSITIVE
8.1382222,3e-06,-3e-06,6.1757682,0.4727386,-0.4727386,3852.0299874,95.07076,-95.07076,5414.0,161.0,-161.0,0.951985,0.0705779,-0.0705779,115.8275563,,,836.7056912,,,CONFIRMED
9.1270519,6.4e-06,-6.4e-06,8.34235,0.436191,-0.436191,4568.0,108.143,-108.143,5400.0,283.3,-283.3,1.18,0.06,-0.06,147.466,,,970.0,,,CONFIRMED
3.098367,1.53e-05,-1.53e-05,2.47118,0.187677,-0.187677,496.0,40.9804,-40.9804,5400.0,283.3,-283.3,1.18,0.06,-0.06,328.067,,,1185.0,,,CONFIRMED
2.7435213,4.2e-06,-4.2e-06,22.0496668,6.7674932,-6.7674932,1518.9012847,84.0957,-84.0957,7896.3,247.0,-247.0,3.9611499,0.166342,-0.166342,22630.1553062,,,3128.1792663,,,CANDIDATE
2.3330349,3.6e-06,-3.6e-06,15.6213,4.39727,-4.39727,2795.0,4627.01,-4627.01,5986.5,131.0,-131.0,1.56,0.07,-0.07,12107.6,,,2951.0,,,FALSE POSITIVE
1.79988,0.00056,-0.00056,3.32197,0.225957,-0.225957,180.0,0.452551,-0.452551,6136.9,97.0,-97.0,2.46,0.1,-0.1,6540.68,,,2505.0,,,FALSE POSITIVE
17.3057923,0.0002883,-0.0002883,12.4978402,0.986715,-0.986715,2807.066874,100.74734,-100.74734,6995.5,239.3,-239.3,2.2275901,0.084603,-0.084603,525.9409472,,,1221.3889754,,,CANDIDATE
723.8345008,0.0025789,-0.0025789,13.1361697,0.7173174,-0.7173174,3119.2983693,64.100075,-64.100075,5463.0,186.0,-186.0,1.94771,0.102432,-0.102432,1.3572621,,,275.2869842,,,FALSE POSITIVE
1071.0898448,0.0003717,-0.0003717,2.2407785,0.91658,-0.91658,865.169438,59.917755,-59.917755,4755.33,99.563,-99.563,0.701499,0.0400754,-0.0400754,1.3880259,,,276.8338183,,,CANDIDATE
52.9781419,1.38e-05,-1.38e-05,11.4471492,0.5471959,-0.5471959,6347.2690959,24.65142,-24.65142,6461.8,83.0,-83.0,1.33031,0.0634748,-0.0634748,30.2653161,,,598.2132842,,,CONFIRMED
5.8492379,3.93e-05,-3.93e-05,1.18919,0.0767895,-0.0767895,109.0,5.7467,-5.7467,6461.8,83.0,-83.0,1.33,0.06,-0.06,389.669,,,1237.0,,,CANDIDATE
1134.6723963,5.09e-05,-5.09e-05,11.7582195,0.5836612,-0.5836612,11679.2159464,82.38331,-82.38331,5842.0,129.228,-129.228,1.0735199,0.0529397,-0.0529397,8.6347102,,,437.2015486,,,CONFIRMED
11.5778362,1.84e-05,-1.84e-05,1.5422129,0.716135,-0.716135,217.3994918,11.614346,-11.614346,5739.0,25.0,-25.0,1.02607,0.0451056,-0.0451056,99.9013415,,,806.3295569,,,CONFIRMED
27.5920718,2.66e-05,-2.66e-05,2.7050278,0.1508972,-0.1508972,555.3352929,14.799067,-14.799067,5739.0,25.0,-25.0,1.02607,0.0451056,-0.0451056,31.3830711,,,603.6616824,,,CONFIRMED
3.0565259,2.6e-06,-2.6e-06,15.1633,0.70524,-0.70524,8800.0,0.371658,-0.371658,5981.0,117.3,-117.3,1.6,0.07,-0.07,1438.0,,,1715.0,,,CONFIRMED
2.6162769,0.0001133,-0.0001133,1.0972867,1.1053865,-1.1053865,1120.6014184,90.019485,-90.019485,3352.0,157.0,-157.0,0.325635,0.0097184,-0.0097184,19.1060128,,,533.2271643,,,CONFIRMED
4.8099755,5.45e-05,-5.45e-05,22.6223,1.00294,-1.00294,6965.0,31.0115,-31.0115,6417.0,122.6,-122.6,2.65,0.12,-0.12,2029.17,,,1869.0,,,CONFIRMED
3.3491408,1.6e-05,-1.6e-05,5.37673,2.27494,-2.27494,7210.0,4050.29,-4050.29,3223.0,157.0,-157.0,0.32,0.01,-0.01,31.0153,,,657.0,,,CONFIRMED
6.8161105,1.52e-05,-1.52e-05,2.98458,0.200667,-0.200667,1377.0,58.8145,-58.8145,5175.0,128.9,-128.9,0.84,0.05,-0.05,86.7877,,,850.0,,,CANDIDATE
2.4590369,4.1e-06,-4.1e-06,2.74738,0.185035,-0.185035,1179.0,50.3274,-50.3274,5175.0,128.9,-128.9,0.84,0.05,-0.05,301.374,,,1160.0,,,CANDIDATE
25.3369848,0.0005021,-0.0005021,3.23582,0.439412,-0.439412,1330.0,18.1536,-18.1536,5175.0,128.9,-128.9,0.84,0.05,-0.05,25.3267,,,624.0,,,CANDIDATE
5.49826,9e-07,-9e-07,16.2801,,,12929.0,575.928,-575.928,6362.6,,,1.34,,,232.345,,,,,,FALSE POSITIVE
7.4355709,1.57e-05,-1.57e-05,2.2761564,0.6408871,-0.6408871,1310.6803156,65.53177,-65.53177,4218.9,162.8,-162.8,0.622512,0.0766281,-0.0766281,26.0757607,,,576.3403106,,,CONFIRMED
15.3468182,0.000101,-0.000101,3.99579,0.250903,-0.250903,665.0,31.0605,-31.0605,5588.0,124.973,-124.973,1.8,0.09,-0.09,126.052,,,933.0,,,CONFIRMED
1.7386695,5.2e-06,-5.2e-06,9.455763,2.7382448,-2.7382448,13710.7615026,898.478,-898.478,4746.0,178.0,-178.0,0.820258,,,418.9214934,,,1153.8594476,,,CANDIDATE
5.633477,1e-06,-1e-06,13.2583,0.519371,-0.519371,5651.0,22.2349,-22.2349,6412.8,106.4,-106.4,1.7,0.07,-0.07,588.518,,,1372.0,,,CONFIRMED
3.9415041,1.9e-06,-1.9e-06,13.8352,0.594068,-0.594068,21330.0,0.712596,-0.712596,5729.0,103.1,-103.1,0.92,0.04,-0.04,321.85,,,1179.0,,,CONFIRMED
0.4487349,2.8e-06,-2.8e-06,5.8054498,1.7503514,-1.7503514,3572.0328032,106.911674,-106.911674,3975.0,157.0,-157.0,0.627144,0.0183442,-0.0183442,928.877466,,,1408.021727,,,FALSE POSITIVE
2.8758831,1.08e-05,-1.08e-05,8.33267,0.442252,-0.442252,3152.0,99.4912,-99.4912,6084.0,139.9,-139.9,1.46,0.07,-0.07,1095.91,,,1602.0,,,CONFIRMED
8.8720542,1.15e-05,-1.15e-05,11.9849813,0.5755136,-0.5755136,6144.296801,58.206493,-58.206493,6042.0,136.0,-136.0,1.47996,0.06901,-0.06901,343.7177625,,,1098.1716895,,,CONFIRMED
7.1925327,3.5e-05,-3.5e-05,2.5719,0.226756,-0.226756,1180.0,117.064,-117.064,5050.0,146.8,-146.8,0.77,0.05,-0.05,75.7071,,,821.0,,,CANDIDATE
1.46329,2e-05,-2e-05,3.54656,0.217751,-0.217751,750.0,1.03585,-1.03585,6168.0,232.5,-232.5,1.28,0.06,-0.06,3541.21,,,2149.0,,,FALSE POSITIVE
0.77871,1e-05,-1e-05,6.16036,0.315609,-0.315609,670.0,0.957405,-0.957405,7751.0,349.7,-349.7,2.25,0.07,-0.07,10057.7,,,2789.0,,,FALSE POSITIVE
2.57134,8e-05,-8e-05,10.7406,0.826123,-0.826123,920.0,2.66768,-2.66768,7125.0,162.4,-162.4,3.56,0.17,-0.17,5344.87,,,2382.0,,,FALSE POSITIVE
5.7156075,0.0001693,-0.0001693,13.6015651,0.5721648,-0.5721648,12240.9298817,90.70415,-90.70415,6664.0,265.1,-265.1,1.18444,0.0492463,-0.0492463,503.1185454,,,1207.9176608,,,CANDIDATE
18.8243063,3.82e-05,-3.82e-05,8.51397,0.362098,-0.362098,1915.0,59.2904,-59.2904,7014.0,163.9,-163.9,1.95,0.07,-0.07,90.9855,,,860.0,,,CANDIDATE
2.89453,0.00019,-0.00019,6.20845,0.56928,-0.56928,550.0,2.32422,-2.32422,9714.0,228.9,-228.9,2.68,0.15,-0.15,9411.16,,,2743.0,,,FALSE POSITIVE
8.51226,0.00054,-0.00054,5.90105,,,620.0,2.25319,-2.25319,9387.0,,,2.35,,,872.772,,,,,,CANDIDATE
1.261045,3.7e-06,-3.7e-06,4.24615,0.335857,-0.335857,384.0,41.6434,-41.6434,6549.0,134.3,-134.3,2.18,0.09,-0.09,1770.66,,,1807.0,,,CANDIDATE
11.1516668,0.0001378,-0.0001378,2.91771,0.182861,-0.182861,580.0,1.01531,-1.01531,6319.0,123.0,-123.0,1.19,0.05,-0.05,206.982,,,1056.0,,,CANDIDATE
5.5470937,4.41e-05,-4.41e-05,2.8717764,1.924432,-1.924432,550.6948044,53.98658,-53.98658,6319.0,123.0,-123.0,1.1913199,0.0516508,-0.0516508,464.0413077,,,1183.747051,,,CANDIDATE
11.2479927,3.12e-05,-3.12e-05,4.96692,0.268031,-0.268031,1277.0,62.3313,-62.3313,6308.0,190.4,-190.4,1.48,0.06,-0.06,106.719,,,895.0,,,CANDIDATE
43.8297863,0.0001458,-0.0001458,2.8243863,0.6702957,-0.6702957,647.2685163,54.201218,-54.201218,5605.0,187.0,-187.0,1.03654,0.0544523,-0.0544523,15.6569489,,,507.3369958,,,CANDIDATE
3.8608551,1.3e-06,-1.3e-06,11.2224,0.679003,-0.679003,14670.0,0.625001,-0.625001,5019.0,166.0,-166.0,0.92,0.06,-0.06,163.361,,,995.0,,,CANDIDATE
1.37477,3e-05,-3e-05,3.0101,0.184631,-0.184631,960.0,0.918522,-0.918522,5825.0,155.6,-155.6,1.02,0.05,-0.05,1122.82,,,1612.0,,,FALSE POSITIVE
2.41872,9e-05,-9e-05,7.23529,0.483918,-0.483918,1160.0,2.03758,-2.03758,6535.0,459.3,-459.3,2.16,0.1,-0.1,1660.52,,,1778.0,,,FALSE POSITIVE
12.0135752,4.77e-05,-4.77e-05,3.7307,0.216191,-0.216191,1171.0,55.9347,-55.9347,6178.0,254.9,-254.9,1.23,0.06,-0.06,143.432,,,964.0,,,CANDIDATE
4.1207509,1.52e-05,-1.52e-05,7.46471,0.54253,-0.54253,973.0,80.9931,-80.9931,9953.0,965.5,-965.5,2.38,0.13,-0.13,2466.19,,,1963.0,,,FALSE POSITIVE
9.07763,2.5e-05,-2.5e-05,12.6842,0.708204,-0.708204,5912.0,176.262,-176.262,6125.9,120.7,-120.7,1.72,0.09,-0.09,388.441,,,1236.0,,,CANDIDATE
1.4971447,1.81e-05,-1.81e-05,16.2528494,0.7567245,-0.7567245,16266.2491958,71.29483,-71.29483,6081.0,137.7,-137.7,1.2431901,0.0575628,-0.0575628,2643.654975,,,1828.8199186,,,CONFIRMED
7.4072602,2.9e-06,-2.9e-06,14.7857,0.754304,-0.754304,14765.0,170.01,-170.01,5887.0,183.3,-183.3,1.14,0.06,-0.06,258.039,,,1116.0,,,FALSE POSITIVE
13.7905315,9.1e-05,-9.1e-05,2.60168,0.17953,-0.17953,1140.0,1.89262,-1.89262,5021.6,104.2,-104.2,0.76,0.04,-0.04,29.035,,,646.0,,,CONFIRMED
5.30329,0.00022,-0.00022,11.7443,0.924438,-0.924438,1200.0,2.43495,-2.43495,6054.7,145.0,-145.0,3.48,0.21,-0.21,473.142,,,1299.0,,,CANDIDATE
4.2529842,1.61e-05,-1.61e-05,2.26991,0.146195,-0.146195,283.0,16.4901,-16.4901,6222.5,83.0,-83.0,1.45,0.07,-0.07,636.914,,,1399.0,,,CANDIDATE
13.5970194,4.84e-05,-4.84e-05,2.03572,0.123962,-0.123962,604.0,34.9028,-34.9028,5985.0,155.5,-155.5,0.88,0.04,-0.04,41.8338,,,708.0,,,CANDIDATE
1.1633325,9.62e-05,-9.62e-05,5.5717234,1.2488548,-1.2488548,384.9566815,34.33966,-34.33966,11265.0,684.1,-684.1,2.61707,0.15687,-0.15687,102177.3532273,,,4559.9324771,,,CANDIDATE
1.62263,0.0003,-0.0003,4.33692,1.05517,-1.05517,1630.0,6.54313,-6.54313,5016.1,577.2,-577.2,1.01,0.24,-0.24,713.443,,,1439.0,,,FALSE POSITIVE
4.27808,0.00013,-0.00013,17.8096125,13.428784,-13.428784,1096.6013542,112.49688,-112.49688,4772.0,122.0,-122.0,5.2787499,,,528.551257,,,1222.901639,,,FALSE POSITIVE
3.5684459,2.74e-05,-2.74e-05,5.87762,4.13876,-4.13876,939.0,82.5405,-82.5405,8124.0,221.0,-221.0,2.08,1.46,-1.46,2297.53,,,1928.0,,,FALSE POSITIVE
5.5986337,1.77e-05,-1.77e-05,9.9822897,0.308877,-0.308877,2541.1751726,93.02916,-93.02916,6081.3,,,1.83732,,,482.2991657,,,1195.2228223,,,CANDIDATE
1.51567,5e-05,-5e-05,14.18,,,750.0,1.58325,-1.58325,4963.0,122.0,-122.0,4.96,,,1102.82,,,1605.0,,,FALSE POSITIVE
3.7543552,1.71e-05,-1.71e-05,4.6716,0.282353,-0.282353,470.0,59.0334,-59.0334,8398.0,145.4,-145.4,1.75,0.06,-0.06,931.407,,,1539.0,,,FALSE POSITIVE
0.7363132,4.8e-06,-4.8e-06,1.5332682,0.1028587,-0.1028587,1322.5461054,78.30821,-78.30821,3358.0,,,0.351676,0.0105659,-0.0105659,117.7581671,,,840.1706554,,,CONFIRMED
2.2657506,1.2e-05,-1.2e-05,8.00485,0.521967,-0.521967,388.0,30.5848,-30.5848,10125.0,419.5,-419.5,4.14,0.18,-0.18,18671.1,,,3256.0,,,FALSE POSITIVE
1.45655,4e-05,-4e-05,1.83776,0.18558,-0.18558,580.0,2.34658,-2.34658,4475.0,122.2,-122.2,0.7,0.05,-0.05,436.167,,,1273.0,,,FALSE POSITIVE
4.04163,6e-05,-6e-05,13.1608,0.733872,-0.733872,3100.0,2.87669,-2.87669,6895.0,380.1,-380.1,2.36,0.11,-0.11,304.098,,,1163.0,,,FALSE POSITIVE
21.07626,0.00082,-0.00082,11.6504,0.84431,-0.84431,1890.0,7.43208,-7.43208,7577.0,491.6,-491.6,2.46,0.09,-0.09,31.6166,,,660.0,,,CANDIDATE
8.8036803,1.36e-05,-1.36e-05,8.9006,0.49633,-0.49633,8360.0,2.59361,-2.59361,5701.0,188.0,-188.0,0.94,0.05,-0.05,72.699,,,813.0,,,CONFIRMED
1.76442,5e-05,-5e-05,23.0,0.785358,-0.785358,8800.0,2.10075,-2.10075,9277.7,290.0,-290.0,2.26,0.07,-0.07,17176.2,,,3189.0,,,FALSE POSITIVE
8.8128067,3.11e-05,-3.11e-05,2.33219,0.165847,-0.165847,787.0,55.7412,-55.7412,5491.0,126.682,-126.682,0.88,0.05,-0.05,52.4568,,,749.0,,,CANDIDATE
7.7690887,3.89e-05,-3.89e-05,2.3663308,0.2054201,-0.2054201,1416.7912077,130.64777,-130.64777,3700.0,157.0,-157.0,0.542573,0.0161303,-0.0161303,12.6577686,,,481.070845,,,CONFIRMED
5.9214229,1.43e-05,-1.43e-05,1.0470381,0.3157508,-0.3157508,140.4285921,11.2766285,-11.2766285,5268.0,125.279,-125.279,0.823126,0.0473618,-0.0473618,122.1004834,,,847.8110943,,,CANDIDATE
5.6492853,2.74e-05,-2.74e-05,26.5608527,26.561123,-26.561123,44346.559983,270.59085,-270.59085,5963.0,190.0,-190.0,1.21025,1.21025,-1.21025,405.0881542,,,1144.213679,,,FALSE POSITIVE
6.3839247,1.56e-05,-1.56e-05,2.2843976,2.1950235,-2.1950235,358.7464972,30.361868,-30.361868,5849.0,123.43,-123.43,1.16353,0.0553267,-0.0553267,301.4805095,,,1062.7584328,,,CANDIDATE
5.6739336,1.02e-05,-1.02e-05,2.587582,0.907476,-0.907476,641.2779235,30.072529,-30.072529,5873.3,139.832,-139.832,1.00286,0.0538995,-0.0538995,265.3024804,,,1029.3310585,,,CANDIDATE
53.1991439,0.0003934,-0.0003934,2.8396233,1.1687869,-1.1687869,591.4602835,49.0575,-49.0575,5729.0,120.914,-120.914,1.15632,0.0541909,-0.0541909,16.568599,,,514.56613,,,CANDIDATE
177.5830512,0.0050337,-0.0050337,3.5953731,0.7190103,-0.7190103,456.0908234,58.929592,-58.929592,6594.0,133.174,-133.174,1.59978,0.0666708,-0.0666708,9.1603487,,,443.7085028,,,CANDIDATE
4.7981694,2.85e-05,-2.85e-05,2.3133532,0.8039021,-0.8039021,1051.0675882,101.38171,-101.38171,4065.0,120.25,-120.25,0.667797,0.0638743,-0.0638743,47.3415434,,,669.0065237,,,CANDIDATE
10.3563596,2.08e-05,-2.08e-05,2.4103206,0.3509292,-0.3509292,923.942127,66.21998,-66.21998,5149.6,81.7,-81.7,0.772148,0.0454673,-0.0454673,48.1191014,,,671.7367777,,,CONFIRMED
35.1257472,9.92e-05,-9.92e-05,3.17021,0.207547,-0.207547,2066.0,1.14053,-1.14053,5149.6,81.7,-81.7,0.77,0.05,-0.05,3.78846,,,388.0,,,CONFIRMED
21.0153047,5.72e-05,-5.72e-05,3.78219,0.24189,-0.24189,2072.0,1.23514,-1.23514,5149.6,81.7,-81.7,0.77,0.05,-0.05,28.033,,,641.0,,,CONFIRMED
6.1155829,2.35e-05,-2.35e-05,1.56167,0.117786,-0.117786,322.0,29.1633,-29.1633,5284.0,122.558,-122.558,0.85,0.05,-0.05,152.993,,,979.0,,,CANDIDATE
1.4923179,7.9e-06,-7.9e-06,1.2607994,1.5026435,-1.5026435,669.71826,79.03957,-79.03957,3577.0,157.0,-157.0,0.480553,0.0140953,-0.0140953,84.6732757,,,773.6710387,,,CANDIDATE
9.3174113,2.28e-05,-2.28e-05,2.0623382,1.6071008,-1.6071008,1790.5546209,168.6067,-168.6067,3577.0,157.0,-157.0,0.480553,0.0140953,-0.0140953,7.3649163,,,420.1570972,,,CANDIDATE
22.4586196,8.18e-05,-8.18e-05,2.1229458,0.5853561,-0.5853561,445.0003089,25.28392,-25.28392,5493.0,186.0,-186.0,0.978381,0.0512915,-0.0512915,33.8973151,,,615.4050768,,,CANDIDATE
63.5809449,0.0004494,-0.0004494,3.0597346,0.5072698,-0.5072698,1446.5029644,168.50865,-168.50865,4868.0,119.716,-119.716,0.72252,0.046196,-0.046196,3.1507778,,,339.8006415,,,CANDIDATE
10.5054362,2.15e-05,-2.15e-05,1.947929,0.3443212,-0.3443212,1320.6016253,66.876884,-66.876884,3742.0,157.0,-157.0,0.515547,0.0153071,-0.0153071,8.2567001,,,432.3359777,,,CONFIRMED
5.1097197,1.95e-05,-1.95e-05,1.3996848,0.2179084,-0.2179084,540.1814411,63.78863,-63.78863,3742.0,157.0,-157.0,0.515547,0.0153071,-0.0153071,21.5855207,,,549.743853,,,CANDIDATE
30.2004765,0.0001124,-0.0001124,2.6056,0.141332,-0.141332,520.0,26.3148,-26.3148,6004.0,117.657,-117.657,1.15,0.05,-0.05,33.1236,,,668.0,,,CANDIDATE
17.969639,8.35e-05,-8.35e-05,3.0570342,0.3580759,-0.3580759,1231.0381518,70.8589,-70.8589,4410.0,124.828,-124.828,0.767286,0.0642211,-0.0642211,14.1574455,,,494.7274115,,,CANDIDATE
6.0784031,6.58e-05,-6.58e-05,2.07448,0.16522,-0.16522,1810.0,8.91158,-8.91158,3630.0,157.0,-157.0,0.47,0.01,-0.01,15.739,,,554.0,,,CONFIRMED
8.1490285,0.0001847,-0.0001847,2.5781465,0.6007387,-0.6007387,2850.6795113,246.58076,-246.58076,3630.0,157.0,-157.0,0.466766,0.0138789,-0.0138789,8.990204,,,441.633629,,,FALSE POSITIVE
41.7540004,0.0004176,-0.0004176,2.75297,0.201589,-0.201589,820.0,71.1892,-71.1892,5337.0,124.039,-124.039,0.91,0.05,-0.05,7.9761,,,468.0,,,CANDIDATE
20.261655,9.31e-05,-9.31e-05,2.4206095,0.7309021,-0.7309021,612.9485468,54.577297,-54.577297,5337.0,124.039,-124.039,0.914083,0.0509548,-0.0509548,30.2935939,,,598.3529678,,,CANDIDATE
124.72987,0.0005675,-0.0005675,3.5130935,0.4456943,-0.4456943,1781.9160024,67.559074,-67.559074,4902.0,123.229,-123.229,0.831423,0.0533367,-0.0533367,1.7337719,,,292.6629465,,,CONFIRMED
49.9950015,0.0004592,-0.0004592,2.65286,0.201283,-0.201283,1080.0,89.8372,-89.8372,5274.27,126.47,-126.47,0.78,0.05,-0.05,5.92112,,,434.0,,,CANDIDATE
230.92212,0.0152682,-0.0152682,3.6785805,0.9528093,-0.9528093,284.9247434,38.032257,-38.032257,6395.0,125.712,-125.712,2.1204,0.0945779,-0.0945779,10.5095659,,,459.2148716,,,CANDIDATE
177.2188871,0.0077568,-0.0077568,2.0323111,1.1323239,-1.1323239,294.429628,37.251976,-37.251976,5809.0,121.651,-121.651,1.15025,0.0543668,-0.0543668,3.4452852,,,347.4769843,,,CANDIDATE
4.3032642,1.31e-05,-1.31e-05,2.66568,0.201109,-0.201109,710.7656808,57.577896,-57.577896,5468.73,114.582,-114.582,1.05,0.05,-0.05,195.793,,,1042.0,,,CANDIDATE
53.8108713,0.0002349,-0.0002349,2.2249096,1.1120877,-1.1120877,965.1696621,64.578354,-64.578354,4455.0,125.547,-125.547,0.730261,0.0598493,-0.0598493,3.0646979,,,337.4556203,,,CANDIDATE
18.7931749,3.84e-05,-3.84e-05,1.7151271,0.6854407,-0.6854407,1844.6985474,175.24152,-175.24152,3457.0,157.0,-157.0,0.376775,0.0112267,-0.0112267,1.8563658,,,297.7046646,,,CANDIDATE
17.664866,4.8e-05,-4.8e-05,1.2984859,0.4881291,-0.4881291,736.3925122,50.7959,-50.7959,3746.0,157.0,-157.0,0.463205,0.0135918,-0.0135918,3.5982457,,,351.2711274,,,CONFIRMED
28.1722501,8.85e-05,-8.85e-05,1.4475246,0.5186841,-0.5186841,950.5653623,57.165684,-57.165684,3746.0,157.0,-157.0,0.463205,0.0135918,-0.0135918,1.9311199,,,300.6575117,,,CONFIRMED
3.1190716,1.29e-05,-1.29e-05,1.6229796,0.2075826,-0.2075826,2964.5828911,503.0731,-503.0731,3285.0,157.0,-157.0,0.247331,0.0073474,-0.0073474,10.0845871,,,454.5004101,,,CONFIRMED
6.3878202,1.4e-05,-1.4e-05,2.041471,0.1852531,-0.1852531,5857.0164704,425.97147,-425.97147,3285.0,157.0,-157.0,0.247331,0.0073474,-0.0073474,3.8775285,,,357.8973634,,,CONFIRMED
1.7890217,3.63e-05,-3.63e-05,1.6741803,1.1330742,-1.1330742,391.6251669,41.727295,-41.727295,5264.0,133.906,-133.906,0.791524,0.0447689,-0.0447689,554.8261181,,,1237.8242135,,,FALSE POSITIVE
19.5078657,0.0001229,-0.0001229,3.92839,0.454226,-0.454226,1770.0,17.4455,-17.4455,4316.0,115.142,-115.142,0.71,0.06,-0.06,61.4917,,,780.0,,,FALSE POSITIVE
9.0105414,9.4e-06,-9.4e-06,2.1513682,0.2008962,-0.2008962,4125.0713,102.422775,-102.422775,3275.0,,,0.330146,0.0099659,-0.0099659,3.3568205,,,345.2246743,,,CANDIDATE
23.6573994,8.07e-05,-8.07e-05,3.0681221,0.7170393,-0.7170393,1180.9350567,72.99173,-72.99173,5535.0,122.408,-122.408,0.846615,0.0426985,-0.0426985,23.5564568,,,561.884745,,,CANDIDATE
9.0753271,1.93e-05,-1.93e-05,2.5831328,0.3101369,-0.3101369,586.9172699,25.177786,-25.177786,5619.0,133.1,-133.1,0.997589,0.0532186,-0.0532186,122.8680194,,,849.1403218,,,CANDIDATE
6.7060238,1.81e-05,-1.81e-05,2.12647,0.4621417,-0.4621417,542.9365808,45.642166,-45.642166,5292.0,125.791,-125.791,0.807811,0.0452136,-0.0452136,100.7791488,,,808.0950027,,,CANDIDATE
2.6620728,1.19e-05,-1.19e-05,1.2172175,0.9033179,-0.9033179,220.9994213,20.053398,-20.053398,4884.0,123.5,-123.5,0.799716,0.0531859,-0.0531859,267.4349792,,,1031.3932912,,,CANDIDATE
20.2926468,0.0001656,-0.0001656,1.7004976,0.2695093,-0.2695093,319.9395199,37.72366,-37.72366,4884.0,123.5,-123.5,0.799716,0.0531859,-0.0531859,17.826244,,,524.0644631,,,CANDIDATE
3.2723118,9.4e-06,-9.4e-06,1.46772,0.109967,-0.109967,464.0,26.1257,-26.1257,4907.0,121.6,-121.6,0.72,0.05,-0.05,133.517,,,947.0,,,CANDIDATE
5.904369,2.45e-05,-2.45e-05,1.35959,0.110126,-0.110126,351.0,28.7206,-28.7206,4907.0,121.6,-121.6,0.72,0.05,-0.05,85.3357,,,846.0,,,CANDIDATE
15.1808746,8.43e-05,-8.43e-05,1.86864,0.151508,-0.151508,689.0,54.3988,-54.3988,4907.0,121.6,-121.6,0.72,0.05,-0.05,18.1396,,,574.0,,,CANDIDATE
1.9803146,7.3e-06,-7.3e-06,1.16969,0.0963535,-0.0963535,306.0,22.2215,-22.2215,4907.0,121.6,-121.6,0.72,0.05,-0.05,301.491,,,1160.0,,,CANDIDATE
9.56111,8.35e-05,-8.35e-05,1.6790876,0.2766555,-0.2766555,381.556764,47.67415,-47.67415,4907.0,121.6,-121.6,0.723757,0.0465477,-0.0465477,40.5800926,,,643.7214903,,,CANDIDATE
15.9152686,5.44e-05,-5.44e-05,2.2277479,2.4513698,-2.4513698,652.5574248,72.58472,-72.58472,4718.0,121.745,-121.745,0.821067,0.0576634,-0.0576634,23.4115602,,,561.0187018,,,CANDIDATE
0.6332593,1.31e-05,-1.31e-05,5.3027904,3.7474084,-3.7474084,1191.4597195,75.69162,-75.69162,5590.0,122.048,-122.048,0.976212,0.0483266,-0.0483266,4030.7512475,,,2032.1990726,,,FALSE POSITIVE
2.45457,,,14.183,0.745426,-0.745426,19250.0,3.89327,-3.89327,5565.0,124.9,-124.9,0.97,0.05,-0.05,508.468,,,1322.0,,,CONFIRMED
0.67249,2e-05,-2e-05,15.7288,0.739851,-0.739851,7890.0,2.01878,-2.01878,6647.0,135.1,-135.1,1.7,0.07,-0.07,14429.0,,,3053.0,,,CONFIRMED
1.2680452,1.9e-06,-1.9e-06,2.24707,0.158627,-0.158627,538.0,44.8627,-44.8627,5477.0,121.4,-121.4,0.95,0.05,-0.05,504.879,,,1320.0,,,FALSE POSITIVE
14.0120582,0.0001565,-0.0001565,4.4835127,0.2879591,-0.2879591,751.5203056,42.59862,-42.59862,7184.0,121.9,-121.9,1.58046,0.0573015,-0.0573015,335.0295174,,,1091.1652269,,,CANDIDATE
155.8237,0.0019447,-0.0019447,5.5521957,0.3103744,-0.3103744,1164.4006092,77.46202,-77.46202,7184.0,121.9,-121.9,1.58046,0.0573015,-0.0573015,156.5032302,,,902.0914695,,,CANDIDATE
5.24612,0.004,-0.004,5.61881,1.29107,-1.29107,1030.0,3.56524,-3.56524,5286.9,691.4,-691.4,1.76,0.39,-0.39,368.522,,,1220.0,,,FALSE POSITIVE
6.2099619,6e-06,-6e-06,14.369,0.682371,-0.682371,4090.0,0.618771,-0.618771,6382.0,131.3,-131.3,2.1,0.1,-0.1,1293.02,,,1670.0,,,CANDIDATE
3.6944323,1.83e-05,-1.83e-05,3.05838,0.152623,-0.152623,312.0,13.2984,-13.2984,8153.0,224.6,-224.6,2.11,0.07,-0.07,5824.87,,,2433.0,,,FALSE POSITIVE
5.3089937,2.1e-05,-2.1e-05,3.29803,0.164169,-0.164169,531.0,15.3344,-15.3344,6927.0,319.6,-319.6,1.65,0.07,-0.07,2090.71,,,1883.0,,,FALSE POSITIVE
28.6620782,0.0005842,-0.0005842,12.4971,2.06455,-2.06455,2600.0,109.426,-109.426,6280.0,503.0,-503.0,1.72,0.08,-0.08,119.851,,,921.0,,,FALSE POSITIVE
2.34483,0.00033,-0.00033,4.2647,0.322806,-0.322806,370.0,1.27335,-1.27335,6398.0,126.4,-126.4,2.13,0.09,-0.09,580.577,,,1367.0,,,FALSE POSITIVE
7.2008611,1.9e-06,-1.9e-06,12.0629,0.774635,-0.774635,50063.0,5514.49,-5514.49,3606.0,157.0,-157.0,0.5,0.01,-0.01,9.67439,,,491.0,,,CONFIRMED
5.7998189,1.4e-05,-1.4e-05,2.6346124,0.3922637,-0.3922637,8567.3390223,1317.3026,-1317.3026,3179.0,157.0,-157.0,0.240233,0.0072819,-0.0072819,3.7367095,,,354.6027378,,,CONFIRMED
3.5852284,3.3e-06,-3.3e-06,14.5431829,0.7277281,-0.7277281,16909.228538,202.52211,-202.52211,5852.0,126.792,-126.792,1.06725,0.0521709,-0.0521709,547.1719916,,,1233.5328348,,,CONFIRMED
10.3088514,3.34e-05,-3.34e-05,4.0217464,0.456746,-0.456746,2122.245998,143.40858,-143.40858,5432.0,127.165,-127.165,0.843702,0.0455954,-0.0455954,66.7917777,,,729.1224998,,,CANDIDATE
3.5539283,2.1e-06,-2.1e-06,21.2028076,1.1076765,-1.1076765,9368.3887704,55.471012,-55.471012,6184.0,138.383,-138.383,2.0085199,0.104535,-0.104535,2276.2950187,,,1761.6794429,,,CONFIRMED
5.0316347,2.4e-06,-2.4e-06,15.3999,0.707425,-0.707425,4912.0,34.6008,-34.6008,6350.0,133.7,-133.7,2.16,0.1,-0.1,1248.65,,,1656.0,,,CONFIRMED
1.306188,3e-07,-3e-07,16.758883,1.2310016,-1.2310016,24746.2794438,145.69313,-145.69313,5489.0,139.399,-139.399,0.820181,0.0486935,-0.0486935,1025.5021895,,,1443.2894048,,,CONFIRMED
5.5080682,7.17e-05,-7.17e-05,10.7299795,0.7361982,-0.7361982,21584.7573167,193.81427,-193.81427,4790.0,117.624,-117.624,0.740113,0.0496683,-0.0496683,82.2406616,,,768.0533689,,,CONFIRMED
16.3413889,0.0001279,-0.0001279,2.629079,0.1474621,-0.1474621,372.0970618,23.872057,-23.872057,5991.11,101.692,-101.692,1.12506,0.042211,-0.042211,86.231465,,,777.2060824,,,CONFIRMED
4.627664,5.5e-06,-5.5e-06,14.3694,1.29133,-1.29133,6190.0,43.3954,-43.3954,6727.6,123.7,-123.7,1.55,0.07,-0.07,1038.78,,,1581.0,,,CONFIRMED
23.5199045,6.22e-05,-6.22e-05,2.30502,0.206315,-0.206315,1243.0,89.763,-89.763,4566.4,64.0,-64.0,0.67,0.05,-0.05,10.453,,,500.0,,,CANDIDATE
7.7565534,2.86e-05,-2.86e-05,1.1359985,1.1623749,-1.1623749,286.2558604,33.037277,-33.037277,4566.4,64.0,-64.0,0.672062,0.0515351,-0.0515351,37.2050274,,,629.8978948,,,CANDIDATE
5.0052605,7.1e-06,-7.1e-06,13.6314528,0.5997112,-0.5997112,7641.404098,82.416824,-82.416824,6115.0,128.697,-128.697,1.46701,0.0633166,-0.0633166,746.902456,,,1333.3240765,,,CONFIRMED
1.8468345,1.5e-06,-1.5e-06,16.4012,0.862733,-0.862733,13237.0,222.632,-222.632,6352.0,144.2,-144.2,1.36,0.07,-0.07,1845.3,,,1825.0,,,CONFIRMED
3.2440454,5.4e-06,-5.4e-06,21.0498466,1.2848113,-1.2848113,15011.9381969,235.3968,-235.3968,5703.0,99.1,-99.1,1.38951,0.0603015,-0.0603015,983.3097556,,,1428.2108779,,,CONFIRMED
3.8266587,1.59e-05,-1.59e-05,2.4536347,1.5022432,-1.5022432,1181.8154296,93.22662,-93.22662,4175.0,123.3,-123.3,0.716312,0.0671683,-0.0671683,81.1071602,,,765.3931102,,,CANDIDATE
9.2292078,5.6e-06,-5.6e-06,3.21883,0.268606,-0.268606,1606.0,20.3972,-20.3972,4406.0,123.336,-123.336,0.77,0.06,-0.06,37.6631,,,690.0,,,CONFIRMED
95.8531625,3.29e-05,-3.29e-05,5.95763,0.497263,-0.497263,5975.0,71.9695,-71.9695,4406.0,123.336,-123.336,0.77,0.06,-0.06,2.69104,,,356.0,,,CONFIRMED
2.7884723,1e-06,-1e-06,13.9432645,0.7793897,-0.7793897,14467.6854046,72.36582,-72.36582,5833.0,144.943,-144.943,1.12956,0.0628719,-0.0628719,850.6754194,,,1377.4020358,,,CONFIRMED
7.8519082,3.67e-05,-3.67e-05,2.1705803,0.5446732,-0.5446732,3873.9591492,266.78912,-266.78912,3384.0,157.0,-157.0,0.34388,0.0103308,-0.0103308,4.8904688,,,379.2777558,,,CONFIRMED
1.4821845,7e-07,-7e-07,27.5079498,6.821365,-6.821365,16269.2562793,140.9483,-140.9483,6835.31,137.219,-137.219,1.31284,0.0728443,-0.0728443,4005.675856,,,2029.0310837,,,FALSE POSITIVE
1.4013784,9e-07,-9e-07,13.9977478,0.9058741,-0.9058741,19735.2001267,226.22255,-226.22255,4984.0,124.134,-124.134,0.934977,0.0597739,-0.0597739,917.4100949,,,1403.6558119,,,CONFIRMED
18.5537012,2.93e-05,-2.93e-05,1.57606,0.102251,-0.102251,448.0,12.2195,-12.2195,5346.2,141.5,-141.5,0.8,0.05,-0.05,25.0891,,,623.0,,,CANDIDATE
9.695961,4.61e-05,-4.61e-05,0.808552,0.0723759,-0.0723759,122.0,10.9414,-10.9414,5346.2,141.5,-141.5,0.8,0.05,-0.05,66.2914,,,794.0,,,CANDIDATE
2.4706114,6e-07,-6e-07,13.7703405,0.5475148,-0.5475148,14310.7159758,72.29766,-72.29766,5854.0,101.6,-101.6,1.01613,0.0402412,-0.0402412,817.5658193,,,1363.7991993,,,CONFIRMED
18.2616878,5.45e-05,-5.45e-05,2.85973,0.178756,-0.178756,971.0,55.936,-55.936,5674.0,123.907,-123.907,0.94,0.05,-0.05,57.4643,,,767.0,,,CONFIRMED
9.3004351,5.1e-05,-5.1e-05,1.5550304,0.341754,-0.341754,1595.2088627,170.11354,-170.11354,3472.0,157.0,-157.0,0.363966,0.0108484,-0.0108484,4.6279256,,,374.0815959,,,CANDIDATE
5.5899401,7.9e-06,-7.9e-06,12.1202,0.480443,-0.480443,3840.0,1.33946,-1.33946,7437.0,138.2,-138.2,1.95,0.07,-0.07,1816.63,,,1818.0,,,CANDIDATE
37.3415931,0.0001724,-0.0001724,2.1417,0.137999,-0.137999,766.0,34.4906,-34.4906,5452.0,126.524,-126.524,0.88,0.05,-0.05,12.9381,,,528.0,,,CANDIDATE
10.2611329,1.4e-05,-1.4e-05,12.2521,0.562841,-0.562841,1900.0,0.130946,-0.130946,6202.0,129.8,-129.8,2.78,0.13,-0.13,515.939,,,1327.0,,,CONFIRMED
5.8924856,1.1e-05,-1.1e-05,17.4655,1.16352,-1.16352,4530.0,16.6706,-16.6706,7272.0,126.3,-126.3,2.13,0.08,-0.08,1958.56,,,1853.0,,,FALSE POSITIVE
26.2049782,9.28e-05,-9.28e-05,10.15497,0.534976,-0.534976,5593.1821784,95.09231,-95.09231,6115.0,128.3,-128.3,1.3363301,0.0628392,-0.0628392,68.292759,,,733.1847347,,,CANDIDATE
23.48522,0.00014,-0.00014,14.0152,1.01956,-1.01956,6020.0,19.3491,-19.3491,5930.0,123.1,-123.1,1.51,0.08,-0.08,62.0856,,,782.0,,,FALSE POSITIVE
0.5842495,3e-07,-3e-07,5.50799,0.191528,-0.191528,1041.0,96.3527,-96.3527,6020.0,139.3,-139.3,1.34,,,1217.74,,,1645.0,,,CANDIDATE
26.2851404,6.17e-05,-6.17e-05,3.082863,2.7605717,-2.7605717,975.2076991,88.379875,-88.379875,5821.0,190.0,-190.0,0.96445,0.0476683,-0.0476683,29.1144876,,,592.4436342,,,CANDIDATE
2.2263798,1.23e-05,-1.23e-05,6.51393,0.326362,-0.326362,1270.0,0.905012,-0.905012,6446.3,103.4,-103.4,1.84,0.07,-0.07,2064.9,,,1877.0,,,FALSE POSITIVE
15.64643,0.0022,-0.0022,16.1126,0.887288,-0.887288,6010.0,1.17312,-1.17312,5660.0,128.7,-128.7,1.95,0.1,-0.1,323.367,,,1181.0,,,FALSE POSITIVE
3.3772835,0.0001472,-0.0001472,15.3058361,0.7087468,-0.7087468,7216.4961357,105.75039,-105.75039,6688.0,148.6,-148.6,1.73235,0.0773467,-0.0773467,2195.7879328,,,1745.8918919,,,CONFIRMED
2.7180835,2.27e-05,-2.27e-05,4.2423946,0.3834439,-0.3834439,329.1728205,22.274033,-22.274033,5668.0,127.1,-127.1,2.1805999,0.110729,-0.110729,3009.1075587,,,1888.9879062,,,FALSE POSITIVE
3.8240826,2.6e-06,-2.6e-06,16.0547024,0.7449469,-0.7449469,10096.1098633,71.32192,-71.32192,6243.0,133.5,-133.5,1.38719,0.0639749,-0.0639749,1005.8946259,,,1436.3420387,,,CONFIRMED
3.7246883,4.5e-06,-4.5e-06,10.8811,0.506214,-0.506214,3320.0,0.321945,-0.321945,6144.0,131.6,-131.6,1.74,0.08,-0.08,686.503,,,1426.0,,,CONFIRMED
0.67554,0.00016,-0.00016,15.6973,,,680.0,468.16,-468.16,4872.0,122.0,-122.0,2.74,,,7493.17,,,2591.0,,,FALSE POSITIVE
8.4249043,6.8e-06,-6.8e-06,15.0361,0.817265,-0.817265,21600.0,925.102,-925.102,5756.0,125.4,-125.4,0.93,0.05,-0.05,92.8193,,,864.0,,,FALSE POSITIVE
8.6007557,1.68e-05,-1.68e-05,10.7988,0.607636,-0.607636,5090.0,1.44629,-1.44629,5389.0,122.6,-122.6,1.5,0.08,-0.08,81.4989,,,837.0,,,CONFIRMED
34.5059318,9.2e-06,-9.2e-06,10.4625162,0.6855942,-0.6855942,17387.9834231,75.03255,-75.03255,5025.77,125.0,-125.0,0.801736,0.0521859,-0.0521859,9.5814512,,,448.7222169,,,CONFIRMED
17.3890454,4.79e-05,-4.79e-05,6.4840125,3.0092702,-3.0092702,2971.7532268,162.89523,-162.89523,5025.77,125.0,-125.0,0.801736,0.0521859,-0.0521859,23.8921547,,,563.8759593,,,CONFIRMED
2.2390502,1.13e-05,-1.13e-05,2.73215,0.206098,-0.206098,490.0,1.45282,-1.45282,6021.0,127.8,-127.8,1.25,0.06,-0.06,640.033,,,1401.0,,,CANDIDATE
1.5873866,1.2e-05,-1.2e-05,1.09083,0.11201,-0.11201,110.0,1.0107,-1.0107,5028.0,122.7,-122.7,0.81,0.05,-0.05,466.553,,,1294.0,,,FALSE POSITIVE
12.9773004,3.49e-05,-3.49e-05,7.75284,2.17784,-2.17784,997.0,999.736,-999.736,6610.0,126.1,-126.1,1.66,0.07,-0.07,1521.69,,,1740.0,,,FALSE POSITIVE
5.2132496,2.44e-05,-2.44e-05,3.72907,0.237371,-0.237371,750.0,47.8717,-47.8717,6318.0,129.5,-129.5,1.47,0.07,-0.07,657.521,,,1410.0,,,CANDIDATE
1.09333,0.00037,-0.00037,12.2642,,,1250.0,3.70573,-3.70573,5274.0,122.0,-122.0,3.39,,,2102.07,,,1886.0,,,FALSE POSITIVE
5.1354577,1.37e-05,-1.37e-05,3.3405,0.168765,-0.168765,353.0,11.9756,-11.9756,6515.0,121.0,-121.0,1.99,0.09,-0.09,882.558,,,1518.0,,,CANDIDATE
23.0531698,7.28e-05,-7.28e-05,9.12613,1.86455,-1.86455,2940.0,192.49,-192.49,5752.0,126.2,-126.2,1.19,0.06,-0.06,7.85406,,,466.0,,,FALSE POSITIVE
37.83633,0.0004,-0.0004,13.5094,0.802617,-0.802617,8240.0,16.4745,-16.4745,6641.0,158.8,-158.8,1.26,0.05,-0.05,80.1971,,,833.0,,,FALSE POSITIVE
8.2148505,4.72e-05,-4.72e-05,10.4375,0.545261,-0.545261,3140.0,1.31225,-1.31225,6183.0,149.7,-149.7,1.81,0.09,-0.09,216.17,,,1068.0,,,CANDIDATE
3.1385875,3.2e-06,-3.2e-06,4.70639,0.523086,-0.523086,584.0,155.904,-155.904,6278.0,196.0,-196.0,1.55,0.07,-0.07,17444.7,,,3201.0,,,FALSE POSITIVE
9.2786686,5.8e-05,-5.8e-05,2.23168,0.131041,-0.131041,527.0,24.316,-24.316,6018.0,138.2,-138.2,1.12,0.05,-0.05,240.688,,,1097.0,,,CANDIDATE
0.6856225,1.8e-06,-1.8e-06,3.35129,0.226641,-0.226641,723.0,80.18,-80.18,5829.0,132.5,-132.5,1.06,0.05,-0.05,2492.49,,,1968.0,,,FALSE POSITIVE
2.9601848,1.23e-05,-1.23e-05,4.21067,0.243144,-0.243144,960.0,1.0928,-1.0928,6069.0,123.9,-123.9,1.33,0.06,-0.06,463.247,,,1292.0,,,CANDIDATE
4.4379727,9.6e-06,-9.6e-06,20.3565337,1.0926616,-1.0926616,16222.5125043,178.68088,-178.68088,5967.0,137.8,-137.8,1.5696599,0.0825728,-0.0825728,944.8725135,,,1414.0444235,,,CONFIRMED
7.8914271,3.31e-05,-3.31e-05,12.9299942,0.7944591,-0.7944591,9822.0002486,213.92288,-213.92288,5883.0,146.4,-146.4,1.27992,0.0708593,-0.0708593,278.9767986,,,1042.3456808,,,CONFIRMED
3.5224751,1.51e-05,-1.51e-05,15.9014832,0.3171249,-0.3171249,8602.325645,208.79324,-208.79324,6179.0,25.0,-25.0,1.5817,,,1423.8679407,,,1566.7048126,,,CONFIRMED
3.024111,1.22e-05,-1.22e-05,12.0899079,0.6376047,-0.6376047,7558.6411086,241.25273,-241.25273,6041.0,143.0,-143.0,1.36388,,,1227.3844251,,,1509.6104781,,,CONFIRMED
15.1689723,0.000588,-0.000588,11.7952966,0.7515523,-0.7515523,7818.5475582,392.22015,-392.22015,5713.0,131.3,-131.3,1.12898,0.055691,-0.055691,83.3855897,,,770.7126737,,,CONFIRMED
0.4384814,2.84e-05,-2.84e-05,0.6505972,1.154087,-1.154087,486.4774785,188.86397,-188.86397,3146.0,,,0.284538,0.0085297,-0.0085297,155.7120176,,,900.9491556,,,CANDIDATE
8.3522143,1.45e-05,-1.45e-05,1.8017268,0.612744,-0.612744,3924.642229,296.2833,-296.2833,3146.0,,,0.284538,0.0085297,-0.0085297,3.0609406,,,337.3521453,,,CANDIDATE
260.1740061,0.0004755,-0.0004755,11.3192423,0.5783491,-0.5783491,4747.959592,31.649464,-31.649464,5739.0,129.5,-129.5,1.62762,0.0825628,-0.0825628,3.9769164,,,360.169028,,,CONFIRMED
8.379057,1.82e-05,-1.82e-05,4.97002,0.279444,-0.279444,2930.0,135.808,-135.808,5574.0,121.3,-121.3,0.91,0.04,-0.04,85.2468,,,846.0,,,CANDIDATE
3.5484481,1.62e-05,-1.62e-05,15.2165016,0.8731938,-0.8731938,7022.0056891,158.92531,-158.92531,6295.0,102.6,-102.6,1.78185,0.0870553,-0.0870553,1875.0117415,,,1678.3044553,,,CONFIRMED
6.9067868,9.7e-06,-9.7e-06,13.4176028,0.8840088,-0.8840088,1751.7778572,26.057346,-26.057346,5731.8,64.7,-64.7,3.1513801,0.169143,-0.169143,1864.9741402,,,1676.0537927,,,CONFIRMED
7.2147718,0.0013355,-0.0013355,10.1239555,0.874891,-0.874891,8580.1836801,415.94083,-415.94083,5440.3,5485.6,-5485.6,1.08637,0.0558869,-0.0558869,191.6045333,,,948.9016343,,,CANDIDATE
4.476922,5.9e-06,-5.9e-06,14.3955457,0.3062811,-0.3062811,9095.8829177,221.86465,-221.86465,5772.2,5876.6,-5876.6,1.37148,,,636.8120268,,,1281.2166202,,,CANDIDATE
2.7492277,2.1e-06,-2.1e-06,12.683,,,11250.0,2.66235,-2.66235,5344.0,5585.9,-5585.9,1.14,,,271.924,,,1131.0,,,CANDIDATE
3.735051,5e-06,-5e-06,14.2690959,0.3359148,-0.3359148,8964.0239073,247.25046,-247.25046,5829.0,5828.4,-5828.4,1.36818,,,830.1076146,,,1368.9996875,,,CANDIDATE
4.4343277,4.4e-06,-4.4e-06,11.8751226,0.3020886,-0.3020886,13087.3233045,258.4209,-258.4209,4979.4,5033.5,-5033.5,1.00254,,,261.8830502,,,1025.9981962,,,CANDIDATE
4.4617755,1.2e-06,-1.2e-06,31.9660922,1.6226319,-1.6226319,18854.6431909,83.481445,-83.481445,6354.0,191.0,-191.0,2.23892,0.113417,-0.113417,2086.0189812,,,1723.6509122,,,FALSE POSITIVE
5.3160704,9.6e-06,-9.6e-06,19.5006469,1.1298759,-1.1298759,14202.6126293,375.48447,-375.48447,5477.0,5459.7,-5459.7,1.5522701,0.0841433,-0.0841433,621.3098726,,,1273.3471283,,,CANDIDATE
4.0115394,0.0004694,-0.0004694,15.3487909,0.8884081,-0.8884081,14587.5117969,536.80414,-536.80414,5741.0,5721.1,-5721.1,1.13908,0.0581909,-0.0581909,550.5706841,,,1235.4438742,,,CANDIDATE
6.2643442,6.5e-06,-6.5e-06,11.6261491,0.7083704,-0.7083704,10552.2490654,152.54376,-152.54376,5262.0,5242.7,-5242.7,1.12916,0.0613819,-0.0613819,223.3157822,,,985.937996,,,CANDIDATE
2.1223673,0.0001355,-0.0001355,12.9814367,1.458274,-1.458274,8056.3340252,400.92908,-400.92908,6079.0,128.674,-128.674,1.19653,0.055015,-0.055015,1534.9059997,,,1596.3943994,,,CONFIRMED
15.3419095,4.54e-05,-4.54e-05,1.7005,0.139896,-0.139896,683.0,41.1762,-41.1762,4669.0,121.9,-121.9,0.69,0.05,-0.05,14.2526,,,541.0,,,CONFIRMED
4.164514,1.4e-06,-1.4e-06,8.9598265,0.4945822,-0.4945822,7675.7705005,63.928463,-63.928463,5101.7,5154.0,-5154.0,0.933443,0.0508141,-0.0508141,254.5595417,,,1018.7487636,,,CANDIDATE
1.1953968,0.0002673,-0.0002673,3.5030245,4.726927,-4.726927,1127.2344564,156.07317,-156.07317,5728.0,129.238,-129.238,1.02917,0.0498618,-0.0498618,2072.5203184,,,1720.8556767,,,CONFIRMED
4.954648,1.8e-06,-1.8e-06,13.0889,0.584736,-0.584736,7357.0,53.0286,-53.0286,6562.0,117.8,-117.8,1.47,0.07,-0.07,612.686,,,1386.0,,,CONFIRMED
4.9549631,0.0004805,-0.0004805,18.4504689,0.8623694,-0.8623694,8236.2566801,141.72084,-141.72084,6282.4,105.629,-105.629,1.99207,0.0877286,-0.0877286,1489.5542795,,,1584.4693148,,,CONFIRMED
3.3771114,0.0003257,-0.0003257,8.6110106,1.0350502,-1.0350502,4515.155077,164.13101,-164.13101,5614.86,109.556,-109.556,1.28017,0.0636181,-0.0636181,756.2609502,,,1337.4811458,,,CONFIRMED
10.6953083,1.22e-05,-1.22e-05,2.84818,0.165318,-0.165318,920.0,44.1205,-44.1205,5272.71,45.6,-45.6,0.88,0.05,-0.05,66.8553,,,796.0,,,CONFIRMED
2.9360281,2.9e-06,-2.9e-06,7.18912,0.425714,-0.425714,6790.0,0.22715,-0.22715,4983.6,34.8,-34.8,0.83,0.05,-0.05,288.087,,,1147.0,,,CANDIDATE
1.3477642,3.1e-06,-3.1e-06,6.61528,2.97358,-2.97358,762.0,1498.57,-1498.57,6252.0,136.1,-136.1,1.47,0.07,-0.07,6992.14,,,2547.0,,,CANDIDATE
11.9124942,9.2e-06,-9.2e-06,11.3754057,0.7072209,-0.7072209,19304.2778014,198.8726,-198.8726,5064.0,125.418,-125.418,0.823883,0.049985,-0.049985,42.7254261,,,652.0656914,,,CONFIRMED
2.2250514,0.0002006,-0.0002006,10.0926189,0.5832302,-0.5832302,13144.590055,400.49127,-400.49127,5103.0,122.0,-122.0,0.883426,,,470.7466523,,,1188.0003255,,,CONFIRMED
0.8891483,1e-06,-1e-06,14.8249782,0.4989428,-0.4989428,44722.5890994,623.0692,-623.0692,3653.0,157.0,-157.0,0.649887,0.0207052,-0.0207052,280.571145,,,1043.8317455,,,FALSE POSITIVE
1.7690121,4.56e-05,-4.56e-05,10.5045599,3.8474433,-3.8474433,10110.2139841,233.03137,-233.03137,4683.0,128.9,-128.9,0.701795,0.0530779,-0.0530779,313.4011658,,,1073.1116296,,,CONFIRMED
8.000489,1.85e-05,-1.85e-05,10.9709265,0.6638135,-0.6638135,4606.7419685,159.38469,-159.38469,6146.0,131.4,-131.4,1.55738,0.0751005,-0.0751005,455.1446051,,,1178.0320316,,,CONFIRMED
0.6743453,1.1e-06,-1.1e-06,12.4716613,2.2434363,-2.2434363,103652.0705638,2057.6394,-2057.6394,3228.0,157.0,-157.0,0.321846,0.0108865,-0.0108865,98.7994686,,,804.0969257,,,CANDIDATE
3.4391152,9.4e-06,-9.4e-06,13.6350253,0.2253504,-0.2253504,12391.7493402,139.06079,-139.06079,4955.0,5004.6,-5004.6,1.21438,,,688.3062667,,,1306.3669377,,,CANDIDATE
0.62425,3.3e-05,-3.3e-05,1.671618,2.989466,-2.989466,954.060325,141.39258,-141.39258,3765.0,73.0,-73.0,0.525,0.079,-0.079,353.894099,,,1106.2112728,,,FALSE POSITIVE
12.7846809,2.3e-05,-2.3e-05,11.7994875,0.3158999,-0.3158999,19658.0816662,427.10944,-427.10944,5077.7,5123.9,-5123.9,0.836244,,,49.2454527,,,675.6336681,,,CANDIDATE
3.0911721,0.0009293,-0.0009293,1.666703,1.3173378,-1.3173378,349.193899,42.76278,-42.76278,5253.0,123.391,-123.391,0.834386,0.0474272,-0.0474272,295.0992437,,,1057.0895356,,,CONFIRMED
5.1293855,3.4e-06,-3.4e-06,8.9112749,0.5775418,-0.5775418,9414.7547938,112.105446,-112.105446,5116.3,138.1,-138.1,0.920804,0.0529649,-0.0529649,181.6592422,,,936.3411803,,,CANDIDATE
5.179282,1.15e-05,-1.15e-05,9.3730831,1.0476848,-1.0476848,5746.9651279,272.8583,-272.8583,5784.0,5730.4,-5730.4,1.21172,,,430.1391198,,,1161.5074108,,,CANDIDATE
5.7772122,1.28e-05,-1.28e-05,2.8693434,0.8500409,-0.8500409,1470.3821261,100.14597,-100.14597,4882.7,114.8,-114.8,0.729818,0.0520703,-0.0520703,75.3605118,,,751.4597253,,,CONFIRMED
5.6807412,1.64e-05,-1.64e-05,6.2844217,0.8017377,-0.8017377,1892.9692302,89.58673,-89.58673,6295.0,6319.5,-6319.5,1.38612,0.0675905,-0.0675905,601.257159,,,1262.9460957,,,CANDIDATE
3.8300359,4.4e-06,-4.4e-06,11.7278481,0.6118209,-0.6118209,7753.4083536,135.57632,-135.57632,5916.0,5868.8,-5868.8,1.3126301,0.0594222,-0.0594222,810.4382547,,,1360.8170209,,,CANDIDATE
10.1688722,8.08e-05,-8.08e-05,12.8424534,0.6503974,-0.6503974,7366.339761,163.638,-163.638,5161.7,5229.8,-5229.8,1.3986,0.0649649,-0.0649649,258.7751983,,,1022.940591,,,CANDIDATE
1.3926549,6e-07,-6e-07,13.3635819,0.9378267,-0.9378267,7098.4535786,62.895287,-62.895287,5615.0,271.6,-271.6,1.2094899,0.0652513,-0.0652513,2439.8676565,,,1792.5088851,,,CANDIDATE
8.4536777,,,4.0269258,0.2118907,-0.2118907,2872.2887525,217.04503,-217.04503,3588.0,87.0,-87.0,0.698009,0.0210957,-0.0210957,76.6379132,,,754.6240935,,,CONFIRMED
2.2456869,1e-06,-1e-06,17.5083,0.760297,-0.760297,12600.0,0.201959,-0.201959,6381.0,6543.8,-6543.8,1.5,0.06,-0.06,2366.82,,,1943.0,,,CANDIDATE
6.9309657,3.2e-05,-3.2e-05,13.513657,0.6902577,-0.6902577,6887.4200394,122.40133,-122.40133,5847.0,5846.6,-5846.6,1.59136,0.0734145,-0.0734145,586.1868131,,,1254.9567552,,,CANDIDATE
0.5055105,2.9e-06,-2.9e-06,4.9709812,1.7097,-1.7097,2269.199137,80.891884,-80.891884,4996.3,5017.6,-5017.6,1.01489,0.0569648,-0.0569648,4944.3687757,,,2138.6881512,,,CANDIDATE
0.9017685,3e-07,-3e-07,4.77441,0.251646,-0.251646,958.0,53.675,-53.675,5828.0,5824.8,-5824.8,1.36,0.06,-0.06,446.986,,,1280.0,,,CANDIDATE
3.36296,7e-05,-7e-05,2.69668,0.229997,-0.229997,750.0,3.13635,-3.13635,5420.0,131.4,-131.4,0.9,0.05,-0.05,414.8,,,1257.0,,,FALSE POSITIVE
4.98668,0.00011,-0.00011,5.51463,0.494476,-0.494476,860.0,5.31209,-5.31209,6046.0,130.3,-130.3,1.64,0.08,-0.08,339.923,,,1196.0,,,CANDIDATE
1.79217,0.00039,-0.00039,21.4342,,,1710.0,3.44327,-3.44327,4884.0,122.0,-122.0,4.7,,,436.663,,,1273.0,,,FALSE POSITIVE
3.5315897,3.1e-06,-3.1e-06,14.2116,0.644345,-0.644345,7230.0,0.391653,-0.391653,6209.0,127.2,-127.2,1.62,0.07,-0.07,551.242,,,1349.0,,,CONFIRMED
0.49642,0.00011,-0.00011,5.57222,0.734314,-0.734314,1000.0,17.0583,-17.0583,7000.0,205.8,-205.8,1.41,0.09,-0.09,2758.3,,,2018.0,,,FALSE POSITIVE
3.3904897,1.38e-05,-1.38e-05,2.40673,0.126479,-0.126479,260.0,0.237363,-0.237363,6113.8,107.4,-107.4,1.43,0.06,-0.06,764.344,,,1464.0,,,CANDIDATE
92.1950921,0.000233,-0.000233,18.9408,,,3760.0,1.95018,-1.95018,5030.6,69.0,-69.0,3.0,,,1.49663,,,308.0,,,FALSE POSITIVE
3.06555,2e-05,-2e-05,5.41363,0.951451,-0.951451,2920.0,134.644,-134.644,5285.0,130.2,-130.2,0.71,0.04,-0.04,1605.05,,,1763.0,,,FALSE POSITIVE
3.3243,4e-05,-4e-05,21.7252,1.34786,-1.34786,1150.0,1.83968,-1.83968,4779.7,114.5,-114.5,5.76,0.28,-0.28,181.989,,,1023.0,,,CANDIDATE
6.53144,0.00545,-0.00545,6.77621,0.521014,-0.521014,700.0,2.29402,-2.29402,6037.2,102.6,-102.6,2.58,0.11,-0.11,808.553,,,1485.0,,,CANDIDATE
5.46377,0.00043,-0.00043,12.894,3.12636,-3.12636,4010.0,4.35819,-4.35819,5286.9,747.5,-747.5,1.95,0.47,-0.47,23.3924,,,612.0,,,CANDIDATE
3.7981107,1.83e-05,-1.83e-05,4.13478,0.23043,-0.23043,750.0,0.428236,-0.428236,5042.0,59.3,-59.3,1.51,0.07,-0.07,911.152,,,1530.0,,,CANDIDATE
2.9663437,1.84e-05,-1.84e-05,2.02837,0.121919,-0.121919,206.0,10.2948,-10.2948,5807.0,126.2,-126.2,1.59,0.07,-0.07,2291.32,,,1927.0,,,FALSE POSITIVE
62.1624516,0.0001656,-0.0001656,10.3408,0.375351,-0.375351,3710.0,0.744657,-0.744657,7546.0,137.6,-137.6,1.66,0.05,-0.05,10.4285,,,500.0,,,CANDIDATE
1.27349,0.00032,-0.00032,13.6856,,,920.0,1.69855,-1.69855,4982.0,122.0,-122.0,4.35,,,891.053,,,1522.0,,,FALSE POSITIVE
0.8153098,2.2e-06,-2.2e-06,1.19041,0.0856287,-0.0856287,189.0,12.6055,-12.6055,5729.0,149.042,-149.042,0.97,0.05,-0.05,2785.3,,,2023.0,,,FALSE POSITIVE
11.5743561,1.85e-05,-1.85e-05,18.1309835,0.9189975,-0.9189975,14285.1321998,129.5199,-129.5199,5776.0,135.0,-135.0,1.4578,0.072897,-0.072897,205.6631556,,,965.8481969,,,CANDIDATE
12.379649,5.79e-05,-5.79e-05,8.6993926,0.5615609,-0.5615609,711.2691437,41.025604,-41.025604,6582.0,131.1,-131.1,2.7841101,0.133789,-0.133789,962.3125052,,,1420.5246749,,,CANDIDATE
26.4579842,0.0001103,-0.0001103,2.90965,0.259607,-0.259607,397.0,54.956,-54.956,5706.0,187.0,-187.0,1.37,0.07,-0.07,66.2935,,,794.0,,,CANDIDATE
11.9526103,3.23e-05,-3.23e-05,11.4014,,,9860.0,8.48206,-8.48206,6049.0,,,1.25,,,48.2015,,,,,,CANDIDATE
13.9631929,0.0028891,-0.0028891,2.3118575,2.232746,-2.232746,812.9002244,89.29785,-89.29785,5270.9,,,0.813544,,,46.751059,,,666.9105884,,,CANDIDATE
35.1896444,0.000224,-0.000224,2.2253696,0.3869438,-0.3869438,4524.9353925,350.61157,-350.61157,3446.0,157.0,-157.0,0.326932,0.0096578,-0.0096578,0.6703132,,,230.7752258,,,CONFIRMED
9.6799809,6.9e-06,-6.9e-06,14.6081,0.737069,-0.737069,15870.0,2.73188,-2.73188,5980.0,128.2,-128.2,1.11,0.05,-0.05,31.1433,,,658.0,,,FALSE POSITIVE
16.5899263,5.58e-05,-5.58e-05,5.4428798,0.3444764,-0.3444764,642.4369483,44.966892,-44.966892,6690.0,127.351,-127.351,1.7449,0.0762815,-0.0762815,266.9749353,,,1030.9494518,,,CANDIDATE
0.3524597,5e-07,-5e-07,1.76224,0.164694,-0.164694,305.0,48.494,-48.494,5432.0,126.1,-126.1,0.9,0.05,-0.05,1844.98,,,1825.0,,,CONFIRMED
1.9011452,4.4e-06,-4.4e-06,5.7647423,2.8043888,-2.8043888,1640.9567262,149.0771,-149.0771,5392.0,,,0.986402,,,831.1124236,,,1369.4137781,,,CANDIDATE
1.4937444,9.7e-06,-9.7e-06,1.62102,0.119204,-0.119204,160.0,0.458299,-0.458299,6328.0,129.745,-129.745,1.28,0.06,-0.06,2431.71,,,1956.0,,,CANDIDATE
121.3342908,0.0004162,-0.0004162,4.1767182,0.3984252,-0.3984252,1830.5369311,74.60472,-74.60472,6140.0,128.245,-128.245,0.957395,0.041809,-0.041809,4.5797413,,,373.1040687,,,CANDIDATE
0.8294084,3.74e-05,-3.74e-05,2.4799192,2.4183564,-2.4183564,254.6127529,36.708115,-36.708115,5951.67,,,1.52424,,,4983.6132078,,,2142.9193755,,,CANDIDATE
2.326343,1.45e-05,-1.45e-05,1.9763187,0.2668421,-0.2668421,4153.6144436,670.6309,-670.6309,3244.0,157.0,-157.0,0.261162,0.0078626,-0.0078626,15.1203939,,,502.933455,,,CONFIRMED
3.4950422,8.7e-06,-8.7e-06,1.2734423,0.1111988,-0.1111988,2004.426903,204.97464,-204.97464,3022.0,157.0,-157.0,0.242745,0.0079963,-0.0079963,6.0694989,,,400.3206181,,,CONFIRMED
2.0344366,1.19e-05,-1.19e-05,0.901106,0.3394081,-0.3394081,1142.0994266,181.06494,-181.06494,3022.0,157.0,-157.0,0.242745,0.0079963,-0.0079963,12.4881234,,,479.450797,,,CANDIDATE
2.2891027,1e-05,-1e-05,0.9131404,1.3255601,-1.3255601,1384.622855,206.64485,-206.64485,3022.0,157.0,-157.0,0.242745,0.0079963,-0.0079963,10.6709326,,,460.9675388,,,CONFIRMED
7.1566025,0.0009128,-0.0009128,3.1263063,2.9570937,-2.9570937,674.5586897,95.019554,-95.019554,5910.35,101.985,-101.985,1.13489,0.0462663,-0.0462663,253.7528508,,,1017.9407073,,,CANDIDATE
2.8411415,1.33e-05,-1.33e-05,1.42162,0.123241,-0.123241,530.0,90.5312,-90.5312,3872.0,157.0,-157.0,0.55,0.02,-0.02,35.9524,,,682.0,,,CANDIDATE
10.4029111,3.17e-05,-3.17e-05,1.8465904,0.2662056,-0.2662056,824.1851185,90.77041,-90.77041,3872.0,157.0,-157.0,0.548484,0.0161609,-0.0161609,10.4421274,,,458.4764117,,,CANDIDATE
46.5710978,0.0003644,-0.0003644,2.1305645,1.3920668,-1.3920668,328.3531481,42.482365,-42.482365,6495.0,126.093,-126.093,1.15083,0.0499648,-0.0499648,27.1915284,,,582.409103,,,CANDIDATE
2.6796164,7.2e-06,-7.2e-06,1.8334769,1.874735,-1.874735,827.5423687,82.70964,-82.70964,3943.0,157.0,-157.0,0.63072,0.0185106,-0.0185106,83.7078249,,,771.4561825,,,CONFIRMED
1.1188024,2.9e-06,-2.9e-06,1.44009,0.106017,-0.106017,427.0,58.1775,-58.1775,3943.0,157.0,-157.0,0.63,0.02,-0.02,247.175,,,1104.0,,,CANDIDATE
20.1546939,5.97e-05,-5.97e-05,2.3244125,2.677253,-2.677253,1039.4977103,94.38459,-94.38459,4863.0,125.354,-125.354,0.712388,0.0482562,-0.0482562,14.1253091,,,494.4464236,,,CANDIDATE
76.8663962,0.0006695,-0.0006695,1.9249103,0.1655317,-0.1655317,341.5578492,26.296442,-26.296442,5482.02,137.714,-137.714,0.877042,0.0518744,-0.0518744,5.1039406,,,383.3506039,,,CANDIDATE
1.4663344,8.4e-06,-8.4e-06,1.87124,0.954504,-0.954504,920.0,720.34,-720.34,3412.0,157.0,-157.0,0.32,0.01,-0.01,40.7842,,,704.0,,,CANDIDATE
3.1434463,7e-06,-7e-06,2.34132,0.196872,-0.196872,803.0,81.5373,-81.5373,4962.0,118.963,-118.963,0.79,0.05,-0.05,301.599,,,1160.0,,,CANDIDATE
2.6865041,5.3e-06,-5.3e-06,13.7470239,0.3625193,-0.3625193,12250.4189724,340.39734,-340.39734,5738.0,,,1.18274,,,994.8105653,,,1432.3687809,,,CONFIRMED
18.6016754,0.0010578,-0.0010578,9.1300283,3.9030464,-3.9030464,559.9932489,57.237625,-57.237625,6175.0,121.68,-121.68,3.7007,0.159136,-0.159136,845.8744041,,,1375.4544745,,,CANDIDATE
210.668358,0.0020938,-0.0020938,2.8961818,0.9595894,-0.9595894,342.5966404,54.450962,-54.450962,6683.0,142.661,-142.661,1.52592,0.0646784,-0.0646784,17.3175389,,,520.2849849,,,CANDIDATE
12.5520766,4.9e-05,-4.9e-05,2.8228669,0.2456027,-0.2456027,202.0868952,15.678655,-15.678655,7020.0,168.077,-168.077,1.84505,0.0738693,-0.0738693,495.3032121,,,1203.1992033,,,CANDIDATE
4.9707023,2.63e-05,-2.63e-05,2.38733,0.155559,-0.155559,487.0,30.6483,-30.6483,6109.0,128.225,-128.225,1.21,0.05,-0.05,328.783,,,1186.0,,,FALSE POSITIVE
27.2672016,0.0002043,-0.0002043,1.5781136,2.7466471,-2.7466471,1154.3278885,227.82411,-227.82411,3546.0,157.0,-157.0,0.460014,0.0137236,-0.0137236,1.6051398,,,287.0767134,,,CONFIRMED
179.4031712,0.0014116,-0.0014116,3.7472354,0.6792988,-0.6792988,618.5780905,44.126,-44.126,6863.0,212.202,-212.202,1.4648,0.0625327,-0.0625327,8.4378703,,,434.6883098,,,CANDIDATE
11.8120707,5.51e-05,-5.51e-05,1.7481305,0.6981198,-0.6981198,189.027556,16.786558,-16.786558,6037.0,121.613,-121.613,1.20105,0.0548794,-0.0548794,154.3200348,,,898.9288685,,,CANDIDATE
8.9172211,1.76e-05,-1.76e-05,2.7931797,0.947656,-0.947656,2147.0816912,106.59987,-106.59987,4066.0,130.915,-130.915,0.605243,0.0581935,-0.0581935,17.1075621,,,518.7006367,,,CANDIDATE
63.39545,0.0007535,-0.0007535,3.3507179,0.3935614,-0.3935614,851.8694759,86.11641,-86.11641,5717.0,124.297,-124.297,1.0149601,0.0507136,-0.0507136,10.0390505,,,453.9864688,,,CANDIDATE
3.1260778,2.3e-06,-2.3e-06,10.9257115,0.7295448,-0.7295448,11383.7527081,216.12529,-216.12529,5100.0,,,0.874706,0.0567763,-0.0567763,328.1564535,,,1085.5253926,,,CONFIRMED
0.3862197,9.1e-06,-9.1e-06,1.1988782,2.0433514,-2.0433514,437.6381201,54.123974,-54.123974,3863.0,157.0,-157.0,0.566304,0.0169066,-0.0169066,873.6229278,,,1386.5985937,,,CANDIDATE
9.405877,2.25e-05,-2.25e-05,1.977596,0.3172825,-0.3172825,1425.9330181,123.229774,-123.229774,3869.0,157.0,-157.0,0.475701,0.0139575,-0.0139575,9.8226818,,,451.5202868,,,CANDIDATE
7.0767314,6.53e-05,-6.53e-05,2.4422,0.185241,-0.185241,630.0,1.72699,-1.72699,5781.0,137.012,-137.012,1.0,0.05,-0.05,106.205,,,894.0,,,CANDIDATE
6.0683318,1.69e-05,-1.69e-05,2.1199939,0.8297539,-0.8297539,1742.7332385,121.83509,-121.83509,3668.0,157.0,-157.0,0.499376,0.0148842,-0.0148842,15.1794104,,,503.4234887,,,CANDIDATE
340.3877311,0.0100323,-0.0100323,3.6888424,0.4090202,-0.4090202,718.3774619,77.032394,-77.032394,6424.0,132.667,-132.667,1.27808,0.0580779,-0.0580779,2.3021148,,,314.1604363,,,CANDIDATE
60.06632,7.73e-05,-7.73e-05,7.64759,2.31535,-2.31535,990.0,1334.08,-1334.08,5660.0,124.128,-124.128,1.47,0.07,-0.07,42.0912,,,709.0,,,CANDIDATE
139.2632286,0.0051524,-0.0051524,1.8388146,0.7987887,-0.7987887,403.2688035,54.774364,-54.774364,5373.01,107.376,-107.376,0.90717,0.0439372,-0.0439372,2.3286226,,,315.0609123,,,CANDIDATE
22.048775,0.0001787,-0.0001787,1.9509885,0.9928261,-0.9928261,540.6928554,65.312805,-65.312805,4836.0,120.564,-120.564,0.794435,0.0526231,-0.0526231,15.3309639,,,504.6753756,,,CANDIDATE
4.8566656,1.3e-05,-1.3e-05,3.2987328,0.2169016,-0.2169016,1163.8416088,70.19892,-70.19892,5607.0,158.447,-158.447,0.796892,0.0411759,-0.0411759,179.2788125,,,933.2585799,,,CANDIDATE
15.4432661,2.47e-05,-2.47e-05,5.7063938,0.3255614,-0.3255614,4652.019556,88.02826,-88.02826,5607.0,158.447,-158.447,0.796892,0.0411759,-0.0411759,38.3407878,,,634.6510571,,,CANDIDATE
6.0541622,4.85e-05,-4.85e-05,4.01623,1.47308,-1.47308,255.0,373.18,-373.18,6187.0,123.849,-123.849,1.61,0.07,-0.07,11299.9,,,2872.0,,,CANDIDATE
0.7196291,0.0001024,-0.0001024,12.2917419,2.532109,-2.532109,4971.1456595,440.55856,-440.55856,6454.0,6516.7,-6516.7,1.69458,0.083216,-0.083216,14474.6698966,,,2797.5117326,,,FALSE POSITIVE
9.4070515,3.33e-05,-3.33e-05,3.9938238,2.1361701,-2.1361701,967.7626685,78.820854,-78.820854,6223.0,125.865,-125.865,1.2331001,0.0558367,-0.0558367,237.6137635,,,1001.354025,,,CANDIDATE
2.9905745,5.5e-06,-5.5e-06,13.2344892,0.4768243,-0.4768243,11083.8941211,534.92676,-534.92676,5535.6,5576.3,-5576.3,1.10305,,,679.8798081,,,1302.3502129,,,CANDIDATE
2.6820061,3e-06,-3e-06,14.1985341,1.319388,-1.319388,8514.9665485,509.67606,-509.67606,5465.0,5562.2,-5562.2,1.285,0.0712462,-0.0712462,1028.0946298,,,1444.2022665,,,CANDIDATE
3.86866,3.7e-06,-3.7e-06,13.9784675,0.7829673,-0.7829673,8058.0771611,294.09613,-294.09613,6373.5,6567.6,-6567.6,1.3337801,0.0649246,-0.0649246,957.9449856,,,1418.9101379,,,CANDIDATE
20.2656358,9.24e-05,-9.24e-05,4.03042,0.680988,-0.680988,802.3053384,49.821815,-49.821815,6276.1,117.07,-117.07,1.37617,0.0615829,-0.0615829,108.2477155,,,822.6676779,,,CANDIDATE
3.3610013,5e-07,-5e-07,12.7400071,0.6397709,-0.6397709,24081.7810523,101.214005,-101.214005,5375.0,,,0.817705,0.0408442,-0.0408442,273.0272959,,,1036.7433695,,,CONFIRMED
2.9432073,1.7e-06,-1.7e-06,13.6531,1.9271,-1.9271,12560.0,0.808216,-0.808216,5266.7,5383.5,-5383.5,1.18,0.17,-0.17,328.976,,,1186.0,,,CANDIDATE
15.937546,0.0065295,-0.0065295,11.9220549,0.9998953,-0.9998953,4172.2924827,396.49298,-396.49298,6093.1,6117.3,-6117.3,1.55033,0.0736382,-0.0736382,180.2682649,,,934.5436034,,,CANDIDATE
3.0958985,0.0002913,-0.0002913,19.2443952,15.441661,-15.441661,10354.9916952,492.3127,-492.3127,6764.0,6750.8,-6750.8,1.25844,0.0616131,-0.0616131,1246.3528431,,,1515.409487,,,FALSE POSITIVE
11.6207544,7.01e-05,-7.01e-05,3.207554,0.6054279,-0.6054279,486.0090375,38.16921,-38.16921,6329.0,134.955,-134.955,1.39619,0.0640704,-0.0640704,239.281495,,,1003.1064616,,,CONFIRMED
1.3382314,3e-07,-3e-07,14.8542602,0.9233534,-0.9233534,27137.0920051,83.61518,-83.61518,5436.0,,,0.894974,0.0555528,-0.0555528,1188.6218545,,,1497.5477444,,,CONFIRMED
716.3497402,1e-06,-1e-06,2.90826,0.157279,-0.157279,867.0,0.721749,-0.721749,5645.84,105.274,-105.274,0.97,0.04,-0.04,0.0174179,,,101.0,,,CANDIDATE
20.2254946,4.87e-05,-4.87e-05,1.9090249,0.8845575,-0.8845575,712.14897,44.126038,-44.126038,4465.0,125.1,-125.1,0.697547,0.0569246,-0.0569246,10.4016117,,,458.0310383,,,CONFIRMED
11.3071786,6.21e-05,-6.21e-05,1.02968,0.099058,-0.099058,264.0,18.3483,-18.3483,4465.0,125.1,-125.1,0.7,0.06,-0.06,18.9311,,,581.0,,,CONFIRMED
0.98656,,,3.78687,0.461362,-0.461362,390.0,5.27306,-5.27306,5522.0,132.7,-132.7,1.64,0.09,-0.09,574.294,,,1363.0,,,FALSE POSITIVE
1.0361758,4.7e-06,-4.7e-06,2.62395,0.199983,-0.199983,348.0,30.8869,-30.8869,6413.0,134.4,-134.4,1.5,0.07,-0.07,18869.1,,,3265.0,,,CANDIDATE
82.7899763,0.0001757,-0.0001757,3.1369358,0.3640661,-0.3640661,1017.8544172,66.66129,-66.66129,6115.0,194.0,-194.0,0.957772,0.0457286,-0.0457286,6.459129,,,406.5961278,,,CANDIDATE
17.1019622,2.34e-05,-2.34e-05,10.1067,0.554732,-0.554732,11430.0,1.92099,-1.92099,5302.3,5297.2,-5297.2,0.93,0.05,-0.05,20.0982,,,589.0,,,CONFIRMED
6.5346715,7.8e-06,-7.8e-06,10.7773,0.697672,-0.697672,6370.0,0.588087,-0.588087,5424.0,282.9,-282.9,1.33,0.08,-0.08,121.853,,,925.0,,,CANDIDATE
11.6700285,1.5e-05,-1.5e-05,2.0205499,0.5146233,-0.5146233,2783.7905216,139.91542,-139.91542,3644.0,64.0,-64.0,0.380272,0.0114291,-0.0114291,4.0210338,,,361.1637726,,,CANDIDATE
7.2011383,1.81e-05,-1.81e-05,1.7056002,1.2801327,-1.2801327,1662.8398306,146.2334,-146.2334,3644.0,64.0,-64.0,0.380272,0.0114291,-0.0114291,7.6541813,,,424.2232195,,,CANDIDATE
2.2088214,2.2e-06,-2.2e-06,11.6656,0.536794,-0.536794,7770.0,0.772966,-0.772966,5960.4,104.5,-104.5,1.26,0.06,-0.06,1052.08,,,1586.0,,,CONFIRMED
4.7150942,2.39e-05,-2.39e-05,7.48939,3.52456,-3.52456,7460.0,3117.45,-3117.45,3798.0,157.0,-157.0,0.57,0.02,-0.02,118.46,,,919.0,,,CANDIDATE
7.4972297,1.23e-05,-1.23e-05,11.9137,0.652672,-0.652672,14480.0,7.0321,-7.0321,5596.2,116.1,-116.1,1.0,0.05,-0.05,143.814,,,964.0,,,CANDIDATE
14.2197641,0.0001137,-0.0001137,8.78678,0.541437,-0.541437,2390.0,2.26734,-2.26734,6115.0,128.6,-128.6,1.83,0.09,-0.09,215.552,,,1067.0,,,CANDIDATE
7.9980831,2.63e-05,-2.63e-05,10.9403,0.717797,-0.717797,3960.0,2.9403,-2.9403,5556.0,131.5,-131.5,1.7,0.1,-0.1,97.3629,,,875.0,,,CANDIDATE
7.7119842,2.98e-05,-2.98e-05,10.7188,0.546961,-0.546961,3176.0,97.9038,-97.9038,6458.0,131.6,-131.6,1.83,0.09,-0.09,536.15,,,1340.0,,,CONFIRMED
2.994263,1.46e-05,-1.46e-05,11.5655979,0.416855,-0.416855,1120.6492357,23.722471,-23.722471,4784.0,122.0,-122.0,3.22859,,,619.5809037,,,1272.4603411,,,CONFIRMED
22.6539607,3.98e-05,-3.98e-05,12.2765,0.676669,-0.676669,11530.0,1.43086,-1.43086,5523.0,131.7,-131.7,1.12,0.06,-0.06,13.8485,,,537.0,,,CONFIRMED
9.7728388,5.16e-05,-5.16e-05,12.0232332,0.903502,-0.903502,2279.7003176,72.74471,-72.74471,5636.8,117.5,-117.5,2.43731,0.12804,-0.12804,670.6896654,,,1297.9266601,,,CANDIDATE
2.8392793,2.9e-06,-2.9e-06,10.4761821,0.5623168,-0.5623168,35229.7098319,1153.016,-1153.016,3642.0,,,0.54933,0.0174061,-0.0174061,45.5594673,,,662.6197999,,,CANDIDATE
1.6471574,2.2e-06,-2.2e-06,6.06894,1.10307,-1.10307,3880.0,167.999,-167.999,5027.0,122.4,-122.4,0.73,0.05,-0.05,362.237,,,1215.0,,,FALSE POSITIVE
0.87741,6e-05,-6e-05,8.59148,0.463846,-0.463846,12050.0,32.5226,-32.5226,3495.0,157.0,-157.0,0.62,0.02,-0.02,26.3008,,,630.0,,,FALSE POSITIVE
3.9471567,1.14e-05,-1.14e-05,3.86968,0.298503,-0.298503,1880.0,2.61218,-2.61218,4794.0,124.5,-124.5,0.84,0.06,-0.06,71.367,,,809.0,,,FALSE POSITIVE
3.2553185,1.44e-05,-1.44e-05,6.72917,0.409896,-0.409896,1920.0,3.58376,-3.58376,5927.0,121.5,-121.5,1.25,0.06,-0.06,362.749,,,1215.0,,,CANDIDATE
8.3129806,9.59e-05,-9.59e-05,10.7065,0.782806,-0.782806,2680.0,6.04205,-6.04205,5929.0,131.9,-131.9,2.03,0.11,-0.11,237.935,,,1094.0,,,CANDIDATE
1.0526157,8.71e-05,-8.71e-05,1.4203085,1.7885791,-1.7885791,358.5076064,34.970695,-34.970695,4621.0,125.5,-125.5,0.758575,0.0576507,-0.0576507,706.2654804,,,1314.8062038,,,CANDIDATE
42.1289893,0.0070766,-0.0070766,2.3404732,1.4154048,-1.4154048,961.655867,103.97616,-103.97616,4621.0,125.5,-125.5,0.758575,0.0576507,-0.0576507,5.1588515,,,384.3775426,,,CANDIDATE
3.3311975,6.8e-06,-6.8e-06,14.877,0.695738,-0.695738,12390.0,2.79571,-2.79571,6605.0,165.8,-165.8,1.33,0.06,-0.06,1437.43,,,1715.0,,,CANDIDATE
1.2043785,4e-06,-4e-06,4.985,0.339383,-0.339383,1170.0,2.67819,-2.67819,6595.0,129.1,-129.1,1.38,0.06,-0.06,1124.6,,,1613.0,,,CANDIDATE
8.6251769,0.0026704,-0.0026704,7.55444,0.550065,-0.550065,1690.0,10.4777,-10.4777,5484.0,123.9,-123.9,1.08,0.06,-0.06,161.98,,,993.0,,,CANDIDATE
4.8714085,0.0036335,-0.0036335,3.8394,0.35462,-0.35462,1180.0,6.07303,-6.07303,5484.0,123.9,-123.9,1.08,0.06,-0.06,350.476,,,1205.0,,,CANDIDATE
1.6804461,6.6e-06,-6.6e-06,5.37039,0.405311,-0.405311,2020.0,7.02256,-7.02256,5695.0,127.2,-127.2,1.04,0.05,-0.05,833.25,,,1496.0,,,CANDIDATE
5.7517969,2.03e-05,-2.03e-05,6.2303216,0.5354552,-0.5354552,701.5728877,73.719925,-73.719925,6510.3,121.0,-121.0,1.97616,0.100824,-0.100824,1308.6880472,,,1534.0120939,,,CANDIDATE
0.5109902,8e-07,-8e-07,9.54792,0.908174,-0.908174,2720.0,21.6493,-21.6493,6095.0,126.0,-126.0,1.53,0.07,-0.07,4048.85,,,2222.0,,,FALSE POSITIVE
1.2709769,8.7e-06,-8.7e-06,4.10761,0.257518,-0.257518,1400.0,2.12756,-2.12756,6296.0,125.8,-125.8,1.17,0.05,-0.05,4096.84,,,2228.0,,,CANDIDATE
3.66275,0.00078,-0.00078,3.52758,0.276806,-0.276806,970.0,2.76594,-2.76594,6150.0,128.5,-128.5,1.22,0.06,-0.06,782.333,,,1473.0,,,CANDIDATE
7.0924883,1.66e-05,-1.66e-05,12.2608,0.639969,-0.639969,5540.0,2.37956,-2.37956,6493.0,132.1,-132.1,1.58,0.07,-0.07,200.057,,,1047.0,,,CANDIDATE
1.1258127,2.8e-06,-2.8e-06,13.1558,5.49473,-5.49473,1440.0,1598.78,-1598.78,6423.0,126.1,-126.1,1.24,0.06,-0.06,570.852,,,1361.0,,,FALSE POSITIVE
5.1858,0.00104,-0.00104,18.5118,0.967961,-0.967961,4550.0,0.830724,-0.830724,6130.0,119.8,-119.8,2.7,0.14,-0.14,1753.41,,,1802.0,,,CANDIDATE
4.534451,0.000118,-0.000118,23.183789,5.063646,-5.063646,23574.842911,144.90733,-144.90733,6421.5,83.0,-83.0,1.47459,0.322004,-0.322004,1003.7032593,,,1435.559122,,,FALSE POSITIVE
22.84518,0.0002,-0.0002,15.1752,0.83014,-0.83014,9210.0,6.90369,-6.90369,5963.1,113.3,-113.3,1.57,0.07,-0.07,91.9765,,,862.0,,,FALSE POSITIVE
8.71546,0.00113,-0.00113,12.1387,0.710653,-0.710653,12010.0,3.13566,-3.13566,5395.0,128.5,-128.5,1.06,0.06,-0.06,103.489,,,888.0,,,CANDIDATE
6.9444047,1.9e-05,-1.9e-05,13.4708551,7.57796,-7.57796,5264.9280735,631.6944,-631.6944,6104.5,121.7,-121.7,1.41945,0.0688191,-0.0688191,449.6608267,,,1174.4675265,,,CANDIDATE
5.5436298,1.34e-05,-1.34e-05,13.5659,0.7071,-0.7071,5400.0,3.35228,-3.35228,6510.0,127.8,-127.8,1.81,0.08,-0.08,702.661,,,1434.0,,,CANDIDATE
4.0197555,4.1e-06,-4.1e-06,9.57594,0.594464,-0.594464,9750.0,1.74846,-1.74846,5216.0,131.3,-131.3,0.94,0.06,-0.06,211.813,,,1062.0,,,CONFIRMED
0.659752,1.5e-06,-1.5e-06,4.3019481,7.240437,-7.240437,1138.1047916,141.29456,-141.29456,5832.0,127.0,-127.0,1.25112,0.0609448,-0.0609448,7130.6861294,,,2343.7030204,,,FALSE POSITIVE
5.74984,1e-05,-1e-05,14.4892,0.779097,-0.779097,17690.0,3.38406,-3.38406,6046.0,123.0,-123.0,1.08,0.06,-0.06,329.499,,,1186.0,,,CANDIDATE
5.1750108,4e-06,-4e-06,11.4726621,0.7013643,-0.7013643,13020.075325,209.04672,-209.04672,5177.0,130.7,-130.7,0.892685,0.0530276,-0.0530276,162.7267425,,,910.9289033,,,CONFIRMED
3.36376,0.00068,-0.00068,10.7493,0.771513,-0.771513,7030.0,2.93661,-2.93661,5713.3,133.1,-133.1,1.27,0.09,-0.09,705.699,,,1435.0,,,CANDIDATE
5.4361667,1.67e-05,-1.67e-05,1.7175409,0.2127978,-0.2127978,4797.1288482,735.69073,-735.69073,3139.0,98.0,-98.0,0.211299,0.0065435,-0.0065435,3.6311669,,,352.0718502,,,CONFIRMED
12.6826724,0.0001138,-0.0001138,5.24953,0.318192,-0.318192,2490.0,2.88725,-2.88725,5851.0,125.1,-125.1,1.04,0.05,-0.05,76.8372,,,824.0,,,CANDIDATE
4.8984239,1.38e-05,-1.38e-05,12.907,0.787613,-0.787613,9930.0,3.62457,-3.62457,5774.0,129.7,-129.7,1.29,0.07,-0.07,409.667,,,1253.0,,,CANDIDATE
1.1792344,0.0001304,-0.0001304,26.9739777,15.517121,-15.517121,5398.6996811,363.7887,-363.7887,6127.1,124.1,-124.1,2.6058199,0.155106,-0.155106,16257.6914094,,,2879.9468214,,,FALSE POSITIVE
13.3368173,5.79e-05,-5.79e-05,11.2448,0.670513,-0.670513,8210.0,5.88429,-5.88429,5517.0,120.9,-120.9,1.2,0.06,-0.06,69.8726,,,805.0,,,CONFIRMED
4.31362,1e-05,-1e-05,8.01917,0.587255,-0.587255,9490.0,7.69056,-7.69056,4929.5,5084.0,-5084.0,0.8,0.05,-0.05,54.2011,,,755.0,,,CONFIRMED
6.1600755,1.41e-05,-1.41e-05,17.7265,1.21189,-1.21189,18930.0,1697.8,-1697.8,5669.0,124.6,-124.6,1.19,0.06,-0.06,64.3828,,,789.0,,,CANDIDATE
3.1821969,1.1e-05,-1.1e-05,9.3708418,0.7547414,-0.7547414,3746.6638386,229.5002,-229.5002,5672.5,5842.7,-5842.7,1.3954,0.0734145,-0.0734145,1042.5767464,,,1449.2615097,,,CANDIDATE
3.4972769,3.5e-06,-3.5e-06,11.5840209,0.2588136,-0.2588136,17834.0824111,365.66055,-365.66055,4940.0,91.1,-91.1,0.80797,,,192.6704823,,,950.2186404,,,CANDIDATE
5.4693888,3.6e-06,-3.6e-06,11.5779216,0.4419449,-0.4419449,32411.855989,576.6857,-576.6857,3770.0,157.0,-157.0,0.638902,0.0190863,-0.0190863,27.5364506,,,584.247334,,,CONFIRMED
1.2730965,2.7e-06,-2.7e-06,1.57925,0.123934,-0.123934,414.0,33.7341,-33.7341,5024.0,181.0,-181.0,0.77,0.05,-0.05,660.277,,,1412.0,,,CONFIRMED
5.2153618,2.7e-06,-2.7e-06,17.7519701,0.8672725,-0.8672725,5205.8347338,38.638004,-38.638004,6067.2,119.7,-119.7,2.3901401,0.115251,-0.115251,1843.4632721,,,1671.1997882,,,CONFIRMED
5.0451188,3.3e-06,-3.3e-06,18.0229867,3.2924984,-3.2924984,13949.1155643,397.0699,-397.0699,5337.0,5302.6,-5302.6,1.16636,0.058794,-0.058794,319.7861956,,,1078.5360791,,,CANDIDATE
4.6612025,6.1e-06,-6.1e-06,12.7709747,0.8317052,-0.8317052,5135.6657253,194.56349,-194.56349,5884.5,5887.6,-5887.6,1.52373,0.0900829,-0.0900829,823.9647363,,,1366.4599455,,,CANDIDATE
2.1357026,9e-07,-9e-07,11.6264152,0.369529,-0.369529,29272.618489,250.34743,-250.34743,3678.2,140.5,-140.5,0.666652,0.0202807,-0.0202807,96.5817843,,,799.5461856,,,CONFIRMED
3.1581288,2.7e-06,-2.7e-06,13.5726225,0.3907594,-0.3907594,16867.3851717,294.49014,-294.49014,4367.6,4396.0,-4396.0,1.02417,,,242.6938695,,,1006.6637991,,,CANDIDATE
2.7567395,0.0001044,-0.0001044,13.8044661,0.7482012,-0.7482012,9248.4759918,115.61662,-115.61662,6034.0,132.477,-132.477,1.28427,0.0685126,-0.0685126,1225.5263733,,,1509.0388299,,,CONFIRMED
2.3372423,3.7e-06,-3.7e-06,10.5103504,0.5286993,-0.5286993,11568.4008531,484.46057,-484.46057,5335.0,5331.2,-5331.2,0.910484,,,550.1159381,,,1235.1886902,,,CANDIDATE
4.1567834,2e-06,-2e-06,9.8517709,0.5595267,-0.5595267,4830.1859522,54.11281,-54.11281,6362.5,83.0,-83.0,1.38831,0.0749473,-0.0749473,941.6088632,,,1412.8217887,,,CONFIRMED
2.1192866,4.3e-06,-4.3e-06,8.4965052,2.166938,-2.166938,1701.2818142,80.61968,-80.61968,7022.0,6973.5,-6973.5,1.99761,0.0950254,-0.0950254,5317.3634661,,,2177.929595,,,CANDIDATE
7.8369842,1.05e-05,-1.05e-05,21.4721115,1.2691845,-1.2691845,14532.9486121,232.71725,-232.71725,5774.8,5809.4,-5809.4,1.75826,0.100673,-0.100673,434.3612918,,,1164.3472682,,,CANDIDATE
5.9123675,1.47e-05,-1.47e-05,3.28952,0.185741,-0.185741,416.0,14.5747,-14.5747,6187.3,197.3,-197.3,1.76,0.09,-0.09,697.86,,,1431.0,,,CANDIDATE
3.4072141,1.04e-05,-1.04e-05,2.96344,0.175516,-0.175516,315.0,14.4855,-14.4855,6187.3,197.3,-197.3,1.76,0.09,-0.09,2770.93,,,2021.0,,,CANDIDATE
9.1696498,8.45e-05,-8.45e-05,2.4628421,3.0218089,-3.0218089,186.1944669,21.576132,-21.576132,6187.3,197.3,-197.3,1.76167,0.0889372,-0.0889372,505.9586098,,,1209.6187141,,,CANDIDATE
18.84184,7e-05,-7e-05,9.05304,0.547159,-0.547159,5970.0,6.74883,-6.74883,5603.0,125.4,-125.4,1.1,0.05,-0.05,30.3347,,,653.0,,,CANDIDATE
3.4977868,1.9e-05,-1.9e-05,3.47575,0.259566,-0.259566,1790.0,3.65364,-3.65364,5356.0,125.5,-125.5,0.81,0.05,-0.05,248.389,,,1105.0,,,CANDIDATE
7.8686762,4.23e-05,-4.23e-05,11.8276114,0.6057351,-0.6057351,10335.986166,207.2262,-207.2262,6394.0,125.5,-125.5,1.13572,0.0533442,-0.0533442,273.0364186,,,1036.7520296,,,CANDIDATE
6.00327,2e-05,-2e-05,7.59354,0.475838,-0.475838,4920.0,2.55153,-2.55153,5527.0,130.1,-130.1,1.06,0.06,-0.06,271.529,,,1130.0,,,CANDIDATE
19.4061437,3.13e-05,-3.13e-05,8.75357,0.545819,-0.545819,11150.0,5.02439,-5.02439,5099.0,118.1,-118.1,0.82,0.05,-0.05,4.19986,,,398.0,,,CANDIDATE
5.4681892,1.64e-05,-1.64e-05,11.2463,0.803807,-0.803807,4290.0,11.3124,-11.3124,6597.0,132.4,-132.4,1.61,0.08,-0.08,251.65,,,1109.0,,,CANDIDATE
19.4723016,7.66e-05,-7.66e-05,3.6117414,0.3954969,-0.3954969,1766.1828394,158.4359,-158.4359,4333.0,173.0,-173.0,0.702945,0.0597739,-0.0597739,9.9883786,,,453.4125095,,,CANDIDATE
1.0339,0.00012,-0.00012,5.37338,0.410717,-0.410717,520.0,1.77988,-1.77988,6444.0,131.4,-131.4,2.28,0.1,-0.1,2619.59,,,1993.0,,,FALSE POSITIVE
5.8681984,7.4e-06,-7.4e-06,18.1157,1.02177,-1.02177,2639.0,179.019,-179.019,6294.0,132.5,-132.5,3.1,0.14,-0.14,1402.27,,,1704.0,,,CANDIDATE
5.5094951,1.7e-05,-1.7e-05,8.55825,0.52971,-0.52971,7700.0,5.04171,-5.04171,5519.0,127.0,-127.0,0.97,0.05,-0.05,165.972,,,999.0,,,CANDIDATE
1.8098811,4e-07,-4e-07,21.9555549,1.0965389,-1.0965389,13033.5612701,23.311634,-23.311634,6278.2,103.7,-103.7,1.89121,0.0944119,-0.0944119,5139.026625,,,2159.4341567,,,CONFIRMED
20.362741,5.39e-05,-5.39e-05,4.2523478,0.3411543,-0.3411543,1126.8782473,43.159416,-43.159416,6142.0,132.18,-132.18,1.18003,0.0538191,-0.0538191,75.428916,,,751.630191,,,CANDIDATE
74.6068965,0.0004401,-0.0004401,9.1295659,9.961181,-9.961181,2304.7237253,140.81248,-140.81248,6142.0,132.18,-132.18,1.18003,0.0538191,-0.0538191,13.3540875,,,487.5546513,,,CANDIDATE
74.6065192,0.0002822,-0.0002822,9.5163991,14.451276,-14.451276,2377.6887561,161.55113,-161.55113,6142.0,132.18,-132.18,1.18003,0.0538191,-0.0538191,13.3541775,,,487.555473,,,CANDIDATE
1.9792573,9e-06,-9e-06,4.1930997,0.5624441,-0.5624441,2235.6640941,210.71806,-210.71806,4001.0,122.07,-122.07,0.756551,0.0763267,-0.0763267,189.6799154,,,946.5097378,,,CANDIDATE
3.0766835,5.7e-06,-5.7e-06,2.722618,0.2974233,-0.2974233,18848.5607395,970.3149,-970.3149,3163.0,157.0,-157.0,0.1966,0.0060498,-0.0060498,6.6976166,,,410.2983965,,,CONFIRMED
2.7029187,0.0001022,-0.0001022,3.7942392,0.5265337,-0.5265337,5132.6782834,196.55464,-196.55464,3596.0,157.0,-157.0,0.524573,0.0156219,-0.0156219,44.0592242,,,657.0962083,,,CONFIRMED
9.4636148,4.1e-05,-4.1e-05,5.45543,0.445623,-0.445623,5050.0,8.94572,-8.94572,4935.0,132.299,-132.299,0.75,0.05,-0.05,63.7261,,,787.0,,,CANDIDATE
1.3866519,7e-07,-7e-07,12.9811619,0.6385336,-0.6385336,14246.4665531,112.20379,-112.20379,6286.0,196.0,-196.0,1.07661,0.052402,-0.052402,1879.9347662,,,1679.40501,,,CONFIRMED
0.782765,0.000117,-0.000117,1.7472713,1.6286867,-1.6286867,519.1912192,52.78806,-52.78806,4099.0,122.6,-122.6,0.727642,0.0690302,-0.0690302,651.9082071,,,1288.7431256,,,CONFIRMED
13.4190392,0.0039,-0.0039,12.4259675,0.8554618,-0.8554618,4668.5368695,175.30649,-175.30649,5184.9,113.003,-113.003,1.69269,0.0957437,-0.0957437,165.23271,,,914.4158726,,,FALSE POSITIVE
1.7771109,7.06e-05,-7.06e-05,12.9084635,0.71793,-0.71793,14073.5021163,252.49207,-252.49207,5627.0,133.891,-133.891,0.97906,0.0524221,-0.0524221,1043.2121756,,,1449.482283,,,CONFIRMED
0.5153654,5e-06,-5e-06,12.0910878,0.6348713,-0.6348713,37197.8857871,1467.2374,-1467.2374,3558.0,157.0,-157.0,0.617346,0.0203056,-0.0203056,484.4555527,,,1196.5565655,,,CANDIDATE
8.2754608,1.49e-05,-1.49e-05,11.5451,0.6243,-0.6243,6510.0,0.703,-0.703,5515.2,99.1,-99.1,1.39,0.07,-0.07,130.93,,,942.0,,,CONFIRMED
4.83266,5e-05,-5e-05,4.9031,0.375862,-0.375862,830.0,1.86781,-1.86781,5485.4,120.4,-120.4,1.83,0.1,-0.1,161.807,,,993.0,,,FALSE POSITIVE
25.86696,0.00025,-0.00025,7.41184,3.1277,-3.1277,2240.0,1231.62,-1231.62,5095.0,120.3,-120.3,0.8,0.05,-0.05,100.989,,,883.0,,,FALSE POSITIVE
18.8812961,0.0001579,-0.0001579,3.61081,0.20997,-0.20997,915.0,41.3851,-41.3851,5924.0,681.6,-681.6,1.35,0.06,-0.06,103.276,,,888.0,,,CANDIDATE
6.340315,0.000367,-0.000367,20.517917,20.518948,-20.518948,25410.703288,265.38632,-265.38632,6083.0,192.0,-192.0,1.2666,1.2666,-1.2666,400.7201062,,,1141.1166259,,,FALSE POSITIVE
5.84259,2e-05,-2e-05,11.8252,0.670345,-0.670345,2670.0,0.831747,-0.831747,5707.0,127.5,-127.5,2.2,0.12,-0.12,307.599,,,1166.0,,,CONFIRMED
4.3474,1e-05,-1e-05,10.753,0.594871,-0.594871,3520.0,0.560123,-0.560123,5618.0,132.5,-132.5,1.79,0.1,-0.1,786.037,,,1475.0,,,CONFIRMED
12.3750537,0.0039816,-0.0039816,17.1909846,1.0205122,-1.0205122,4155.6104825,161.24648,-161.24648,6173.5,130.305,-130.305,2.36235,0.127678,-0.127678,592.6032964,,,1258.376981,,,FALSE POSITIVE
50.6939885,0.0002554,-0.0002554,8.48837,0.510086,-0.510086,11200.0,3.52116,-3.52116,5216.0,124.037,-124.037,0.78,0.04,-0.04,2.93192,,,364.0,,,CANDIDATE
4.08165,4e-05,-4e-05,2.38239,0.180302,-0.180302,460.0,1.39775,-1.39775,5716.0,128.4,-128.4,1.02,0.05,-0.05,376.072,,,1226.0,,,CANDIDATE
1.30613,0.00014,-0.00014,1.99844,0.411218,-0.411218,560.0,23.7661,-23.7661,4072.0,120.9,-120.9,0.68,0.06,-0.06,62.7136,,,783.0,,,CONFIRMED
7.0846492,1.38e-05,-1.38e-05,2.1949984,0.4705082,-0.4705082,591.5301151,33.642643,-33.642643,5517.8,142.9,-142.9,0.842833,0.0515352,-0.0515352,115.4006791,,,835.9337133,,,CANDIDATE
1.10071,,,4.67495,0.474088,-0.474088,680.0,5.4544,-5.4544,6409.0,147.5,-147.5,1.59,0.08,-0.08,1082.9,,,1598.0,,,CANDIDATE
0.224195,4e-07,-4e-07,5.59553,1.95546,-1.95546,540.0,636.236,-636.236,4079.0,126.0,-126.0,0.68,0.07,-0.07,2649.15,,,1998.0,,,CONFIRMED
1.82738,0.00114,-0.00114,8.96794,0.917627,-0.917627,870.0,6.13301,-6.13301,6130.5,136.1,-136.1,2.89,0.15,-0.15,727.6,,,1446.0,,,CANDIDATE
5.1660127,0.0014862,-0.0014862,4.1062551,1.417944,-1.417944,1263.5326305,140.09406,-140.09406,5927.0,130.221,-130.221,1.11457,0.0551381,-0.0551381,381.0617054,,,1126.8564017,,,CANDIDATE
14.3614789,0.0037923,-0.0037923,5.0510341,0.9781151,-0.9781151,2859.7577713,164.4264,-164.4264,5283.0,,,0.946146,,,50.2582088,,,679.0808773,,,CANDIDATE
7.397216,1.44e-05,-1.44e-05,1.2711131,1.7052798,-1.7052798,953.5477499,99.84064,-99.84064,3342.0,,,0.407103,0.0124724,-0.0124724,6.6743946,,,409.942287,,,CONFIRMED
12.8900899,3.19e-05,-3.19e-05,2.9698317,0.2982944,-0.2982944,3520.6971104,210.08447,-210.08447,3478.0,157.0,-157.0,0.46769,0.0140024,-0.0140024,4.1214233,,,363.3971818,,,CANDIDATE
5.5514857,4.36e-05,-4.36e-05,2.0319062,0.2660694,-0.2660694,1282.3227899,198.73074,-198.73074,3478.0,157.0,-157.0,0.46769,0.0140024,-0.0140024,12.6719325,,,481.205367,,,CANDIDATE
17.1217196,3.28e-05,-3.28e-05,10.2267,0.516223,-0.516223,131000.0,0.701384,-0.701384,5762.0,130.882,-130.882,1.0,0.05,-0.05,204.585,,,1053.0,,,FALSE POSITIVE
15.6692322,0.0021405,-0.0021405,2.6868893,0.5470478,-0.5470478,1393.3814802,45.044777,-45.044777,4214.44,131.326,-131.326,0.732115,0.0713468,-0.0713468,13.2931176,,,486.9971964,,,CONFIRMED
0.3711334,1.58e-05,-1.58e-05,1.4062147,0.8266142,-0.8266142,2322.6218151,327.0959,-327.0959,3333.0,157.0,-157.0,0.272233,0.0082001,-0.0082001,204.4873602,,,964.4647664,,,CONFIRMED
18.685862,0.002104,-0.002104,4.2075538,0.3608063,-0.3608063,1215.9529886,127.353905,-127.353905,5926.0,127.064,-127.064,0.987496,0.0484472,-0.0484472,53.8374071,,,690.8611696,,,CANDIDATE
9.0182016,4.18e-05,-4.18e-05,3.54998,0.168081,-0.168081,492.0,24.7725,-24.7725,9671.0,188.6,-188.6,1.78,0.05,-0.05,762.028,,,1463.0,,,FALSE POSITIVE
19.7580247,9.7e-05,-9.7e-05,3.80858,0.205025,-0.205025,483.0,34.4794,-34.4794,9671.0,188.6,-188.6,1.78,0.05,-0.05,191.036,,,1035.0,,,CANDIDATE
16.6542431,2.83e-05,-2.83e-05,11.9082,0.547507,-0.547507,10168.0,0.634987,-0.634987,6054.0,128.5,-128.5,1.08,0.05,-0.05,362.642,,,1215.0,,,CANDIDATE
8.7709021,9.7e-06,-9.7e-06,12.5053,3.72981,-3.72981,1107.0,3600.33,-3600.33,6208.0,117.0,-117.0,1.46,0.01,-0.01,102.621,,,886.0,,,CANDIDATE
17.8832414,0.0021954,-0.0021954,6.4171164,0.4788033,-0.4788033,6750.4878782,197.11623,-197.11623,5426.0,133.219,-133.219,0.776644,0.0402336,-0.0402336,27.1279511,,,582.0683673,,,CANDIDATE
0.3438892,4.46e-05,-4.46e-05,8.5611179,1.8986349,-1.8986349,24850.3953805,3023.77,-3023.77,3199.0,157.0,-157.0,0.540483,0.0238973,-0.0238973,449.3159514,,,1174.242267,,,FALSE POSITIVE
0.9776805,0.0001306,-0.0001306,3.3784252,5.26633,-5.26633,965.3175192,107.619026,-107.619026,4456.2,205.6,-205.6,1.09813,0.0921256,-0.0921256,1378.7254797,,,1554.1366421,,,FALSE POSITIVE
4.4414275,8.8e-06,-8.8e-06,3.0014777,1.1545687,-1.1545687,3375.8183277,278.3439,-278.3439,3609.0,157.0,-157.0,0.502498,0.0147592,-0.0147592,21.7489585,,,550.7815271,,,CANDIDATE
8.5063687,0.003508,-0.003508,2.5051088,2.8262062,-2.8262062,968.2734253,123.12597,-123.12597,4431.2,102.3,-102.3,0.82124,0.0562111,-0.0562111,44.8115834,,,659.8835801,,,CANDIDATE
4.720489,2.1e-06,-2.1e-06,14.6186346,3.0897126,-3.0897126,47110.570638,686.5121,-686.5121,3553.0,157.0,-157.0,0.489916,0.0150345,-0.0150345,18.2091901,,,526.8565787,,,CANDIDATE
14.1993538,0.0040069,-0.0040069,2.7591068,1.3017113,-1.3017113,1859.1571503,214.05707,-214.05707,4045.0,124.442,-124.442,0.631569,0.0632463,-0.0632463,9.8747938,,,452.1179596,,,CANDIDATE
3.7369689,0.0009496,-0.0009496,2.3797323,5.718552,-5.718552,310.4978088,47.92311,-47.92311,6092.0,124.5,-124.5,1.32975,0.0603015,-0.0603015,897.6872949,,,1396.0501486,,,CONFIRMED
19.1047019,4.17e-05,-4.17e-05,2.9365337,0.5460801,-0.5460801,1906.0596245,105.064514,-105.064514,4195.0,124.8,-124.8,0.675093,0.0630151,-0.0630151,8.5187297,,,435.7259839,,,CONFIRMED
7.8728937,4.8e-06,-4.8e-06,15.0953,1.11573,-1.11573,14639.4155321,94.65733,-94.65733,5070.0,,,1.26,0.09,-0.09,166.5367856,,,916.2147815,,,CONFIRMED
6.1802614,6.6e-06,-6.6e-06,13.7037465,0.8823524,-0.8823524,5383.8458373,65.4758,-65.4758,6513.0,132.8,-132.8,1.73931,0.110633,-0.110633,923.6302124,,,1406.0290126,,,CONFIRMED
12.8643168,0.0044143,-0.0044143,17.4453322,1.2423514,-1.2423514,6907.9754982,394.42627,-394.42627,5365.0,32.4,-32.4,1.82733,0.109668,-0.109668,248.7479157,,,1012.8837698,,,CANDIDATE
10.6079445,0.0009522,-0.0009522,11.6613557,0.6679118,-0.6679118,1233.9391066,58.2209,-58.2209,6481.0,130.437,-130.437,3.2125199,0.142357,-0.142357,1516.940178,,,1591.7023708,,,CANDIDATE
3.7684981,6.6e-06,-6.6e-06,12.5471,0.766713,-0.766713,19800.0,2.41749,-2.41749,5160.0,127.22,-127.22,0.87,0.05,-0.05,210.575,,,1061.0,,,CONFIRMED
3.759205,0.0007472,-0.0007472,3.1563691,0.8288763,-0.8288763,892.1135724,68.75351,-68.75351,6808.4,126.9,-126.9,1.01507,0.0440855,-0.0440855,685.837258,,,1305.1938483,,,CANDIDATE
2.6266983,1e-06,-1e-06,18.7969,0.983656,-0.983656,10650.0,0.0238931,-0.0238931,6475.0,131.684,-131.684,1.77,0.09,-0.09,2520.03,,,1973.0,,,CONFIRMED
1.7556616,1.11e-05,-1.11e-05,1.7738475,1.7228535,-1.7228535,444.0879481,48.0269,-48.0269,4909.0,120.978,-120.978,0.808741,0.05201,-0.05201,486.2678796,,,1197.6740653,,,CANDIDATE
24.4232697,0.0001365,-0.0001365,11.2009,0.952464,-0.952464,1920.0,9.13313,-9.13313,6102.0,134.2,-134.2,2.37,0.11,-0.11,62.1143,,,782.0,,,FALSE POSITIVE
2.3767548,0.0003986,-0.0003986,23.4044,1.24216,-1.24216,7940.0,2.82889,-2.82889,6931.0,126.2,-126.2,2.57,0.13,-0.13,2690.9,,,2006.0,,,FALSE POSITIVE
3.4252563,1.1e-06,-1.1e-06,14.3752921,0.7668788,-0.7668788,14223.1726719,126.35281,-126.35281,5540.0,,,1.11655,0.0589196,-0.0589196,546.4855387,,,1233.1457715,,,CONFIRMED
7.1853092,4.91e-05,-4.91e-05,2.12356,0.207758,-0.207758,800.0,2.04782,-2.04782,4562.0,131.6,-131.6,0.74,0.06,-0.06,37.1797,,,687.0,,,CANDIDATE
6.5857043,3.67e-05,-3.67e-05,13.2476,5.65232,-5.65232,1420.0,314.058,-314.058,5908.4,122.0,-122.0,2.88,0.15,-0.15,891.424,,,1522.0,,,CANDIDATE
1.2311781,1.5e-06,-1.5e-06,17.567,5.23752,-5.23752,3562.0,938.404,-938.404,6589.1,143.9,-143.9,1.53,0.08,-0.08,27258.8,,,3579.0,,,CANDIDATE
4.278752,0.0027305,-0.0027305,5.33342,,,220.0,0.93914,-0.93914,4971.0,122.0,-122.0,3.5,,,479.761,,,1303.0,,,CANDIDATE
15.7925628,0.0001402,-0.0001402,4.82429,0.377854,-0.377854,1190.0,3.38409,-3.38409,5600.0,138.8,-138.8,1.37,0.07,-0.07,24.617,,,620.0,,,FALSE POSITIVE
34.7769296,0.0006345,-0.0006345,12.9584,4.51382,-4.51382,1383.0,2418.13,-2418.13,7505.2,206.7,-206.7,1.96,0.18,-0.18,511.815,,,229.0,,,CANDIDATE
2.6473916,0.0008483,-0.0008483,2.737769,3.016418,-3.016418,568.2994163,65.257706,-65.257706,5748.0,131.4,-131.4,1.1287,0.0561809,-0.0561809,871.0969851,,,1385.5952225,,,CANDIDATE
36.8382429,0.0001748,-0.0001748,3.7858994,0.9056574,-0.9056574,965.1649482,49.381245,-49.381245,5363.1,76.0,-76.0,1.2099299,0.0713895,-0.0713895,24.2324067,,,565.8728882,,,CANDIDATE
5.9910569,1.34e-05,-1.34e-05,2.3197704,0.992621,-0.992621,411.3820085,25.516403,-25.516403,5711.7,57.0,-57.0,1.12148,0.0520603,-0.0520603,283.6891271,,,1046.7197587,,,CANDIDATE
11.3543085,0.0023415,-0.0023415,9.40688,0.540584,-0.540584,2190.0,2.40171,-2.40171,6421.0,134.0,-134.0,1.92,0.09,-0.09,115.756,,,913.0,,,FALSE POSITIVE
11.994832,9.54e-05,-9.54e-05,3.11124,0.224244,-0.224244,1260.0,2.37515,-2.37515,5567.0,137.1,-137.1,0.86,0.05,-0.05,57.2917,,,766.0,,,CANDIDATE
14.9315582,0.0002251,-0.0002251,1.58293,0.130144,-0.130144,590.0,1.499,-1.499,4779.1,150.0,-150.0,0.61,0.04,-0.04,41.9664,,,709.0,,,CANDIDATE
1.4853364,5.2e-06,-5.2e-06,4.86539,0.267199,-0.267199,650.0,0.944001,-0.944001,6137.7,114.5,-114.5,1.51,0.07,-0.07,1309.65,,,1675.0,,,FALSE POSITIVE
8.3272872,2.57e-05,-2.57e-05,5.183,0.299337,-0.299337,2970.0,2.46256,-2.46256,5632.0,121.0,-121.0,0.89,0.04,-0.04,63.8466,,,787.0,,,CANDIDATE
11.2347982,5.37e-05,-5.37e-05,12.196,0.657848,-0.657848,4780.0,1.12053,-1.12053,6016.4,119.0,-119.0,1.72,0.09,-0.09,262.58,,,1121.0,,,CONFIRMED
1.5411764,3.5e-06,-3.5e-06,3.17311,0.309793,-0.309793,1510.0,1.67173,-1.67173,4307.3,152.2,-152.2,0.77,0.07,-0.07,233.78,,,1089.0,,,CANDIDATE
3.4024655,3.2e-06,-3.2e-06,15.364,0.67669,-0.67669,14990.0,0.688075,-0.688075,5822.0,5946.3,-5946.3,1.21,0.05,-0.05,695.002,,,1430.0,,,CANDIDATE
10.7668398,3.64e-05,-3.64e-05,10.5027085,1.661711,-1.661711,1933.6811005,101.10271,-101.10271,5394.0,5394.9,-5394.9,2.3196101,0.142639,-0.142639,469.63841,,,1187.3005031,,,CANDIDATE
6.6153188,1.58e-05,-1.58e-05,2.2695325,1.3897461,-1.3897461,1341.3720224,113.13925,-113.13925,4157.0,171.0,-171.0,0.603418,0.0595176,-0.0595176,25.0078015,,,570.3462995,,,CANDIDATE
10.1004307,1.55e-05,-1.55e-05,17.4827,3.87737,-3.87737,13680.0,1.55683,-1.55683,6519.0,1072.3,-1072.3,1.49,0.33,-0.33,260.172,,,1118.0,,,FALSE POSITIVE
8.3761316,1.17e-05,-1.17e-05,9.53663,0.59366,-0.59366,9060.0,9.08724,-9.08724,5376.0,129.068,-129.068,0.9,0.05,-0.05,68.1559,,,800.0,,,CANDIDATE
2.4087648,2.07e-05,-2.07e-05,2.23597,0.214017,-0.214017,590.0,3.19352,-3.19352,5376.0,129.068,-129.068,0.9,0.05,-0.05,415.189,,,1257.0,,,CANDIDATE
7.795385,0.0030242,-0.0030242,1.8939264,1.3662949,-1.3662949,2783.9129229,418.50656,-418.50656,3356.0,157.0,-157.0,0.352909,0.0106823,-0.0106823,4.92634,,,379.9713444,,,CANDIDATE
1.5746828,2.66e-05,-2.66e-05,22.9576146,13.034499,-13.034499,77503.5100766,1670.3402,-1670.3402,3273.0,157.0,-157.0,0.579963,0.0180145,-0.0180145,71.4965163,,,741.6362852,,,CANDIDATE
10.655694,1.46e-05,-1.46e-05,11.7630857,0.6012716,-0.6012716,2103.6578759,41.244534,-41.244534,6715.0,167.725,-167.725,2.49897,0.110292,-0.110292,997.808531,,,1433.4467118,,,CONFIRMED
3.7382381,1.48e-05,-1.48e-05,4.774123,1.8493468,-1.8493468,1316.4622757,89.708,-89.708,5938.0,127.484,-127.484,1.2906801,0.0619598,-0.0619598,790.4759269,,,1352.3587386,,,CONFIRMED
1.6284288,5e-07,-5e-07,12.9621642,0.6519837,-0.6519837,13798.6701483,79.83545,-79.83545,5700.0,,,1.0941,0.0543568,-0.0543568,1559.4761539,,,1602.7450127,,,CONFIRMED
2.955314,7.3e-06,-7.3e-06,13.1598,0.659959,-0.659959,6470.0,2.47947,-2.47947,7837.0,174.37,-174.37,1.58,0.07,-0.07,2541.33,,,1978.0,,,CANDIDATE
5.3262922,2.9e-05,-2.9e-05,2.6350944,3.2300198,-3.2300198,1501.6874101,128.84727,-128.84727,4066.0,128.471,-128.471,0.658727,0.0671608,-0.0671608,40.1166389,,,641.8756259,,,CANDIDATE
3.1413825,0.000368,-0.000368,13.070864,0.9283785,-0.9283785,5433.0348726,263.77017,-263.77017,6534.0,122.0,-122.0,1.73409,,,2278.9841698,,,1762.1995122,,,CONFIRMED
1.6751568,0.0001458,-0.0001458,13.2366563,0.4848281,-0.4848281,17781.0520005,533.70654,-533.70654,5457.0,122.0,-122.0,0.963518,,,1000.567857,,,1434.4366942,,,CONFIRMED
13.5853506,4.88e-05,-4.88e-05,15.2559264,13.891774,-13.891774,3149.5795009,136.52396,-136.52396,8389.0,191.997,-191.997,1.69485,0.0669749,-0.0669749,629.3590997,,,1277.4513763,,,CANDIDATE
2.8972041,2.51e-05,-2.51e-05,4.096,0.36334,-0.36334,640.0,2.89313,-2.89313,5879.0,240.2,-240.2,1.55,0.08,-0.08,470.021,,,1297.0,,,CANDIDATE
17.3051476,0.0001055,-0.0001055,2.7663379,0.2351479,-0.2351479,657.1128437,60.277218,-60.277218,5824.0,129.1,-129.1,0.923281,0.0432463,-0.0432463,49.5593572,,,676.7077743,,,CANDIDATE
1.6951056,1.47e-05,-1.47e-05,3.11352,,,370.0,0.809849,-0.809849,6796.0,,,1.61,,,6387.13,,,,,,CANDIDATE
4.9377227,8.9e-06,-8.9e-06,2.8269897,2.6301448,-2.6301448,844.8199092,79.79778,-79.79778,5862.0,190.0,-190.0,0.955756,0.0449473,-0.0449473,277.7461661,,,1041.1942661,,,CONFIRMED
1.9785151,5.8e-06,-5.8e-06,2.69714,0.183281,-0.183281,500.0,42.4296,-42.4296,6317.0,127.5,-127.5,1.23,0.05,-0.05,514.024,,,1326.0,,,FALSE POSITIVE
0.7951534,1.6e-06,-1.6e-06,9.70612,0.65796,-0.65796,1920.0,3.33354,-3.33354,6811.0,152.1,-152.1,1.96,0.11,-0.11,2195.21,,,1906.0,,,FALSE POSITIVE
2.3933087,7.79e-05,-7.79e-05,2.03235,0.145402,-0.145402,150.0,0.364902,-0.364902,6393.0,119.6,-119.6,1.72,0.08,-0.08,6511.62,,,2502.0,,,CANDIDATE
2.5577037,2.34e-05,-2.34e-05,3.9587,0.317686,-0.317686,530.0,1.88741,-1.88741,6039.0,121.9,-121.9,1.7,0.08,-0.08,1478.98,,,1727.0,,,CANDIDATE
6.3951381,0.0001339,-0.0001339,2.10043,0.179951,-0.179951,510.0,1.82401,-1.82401,5563.0,123.6,-123.6,0.98,0.05,-0.05,323.891,,,1181.0,,,CANDIDATE
5.9016526,0.0007076,-0.0007076,13.6737,3.22538,-3.22538,2450.0,273.209,-273.209,6127.0,119.4,-119.4,1.74,0.08,-0.08,826.195,,,1493.0,,,CANDIDATE
2.6788253,2.83e-05,-2.83e-05,5.07891,0.303041,-0.303041,350.0,0.7882,-0.7882,6863.0,123.1,-123.1,2.19,0.09,-0.09,1476.0,,,1726.0,,,FALSE POSITIVE
6.8979432,5.45e-05,-5.45e-05,2.18563,0.147571,-0.147571,550.0,38.4444,-38.4444,6016.0,139.7,-139.7,0.99,0.05,-0.05,239.133,,,1095.0,,,CANDIDATE
6.9551801,5.29e-05,-5.29e-05,2.29124,0.200791,-0.200791,770.0,2.23469,-2.23469,4742.0,122.2,-122.2,0.75,0.05,-0.05,38.0097,,,691.0,,,CANDIDATE
2.0944084,5.79e-05,-5.79e-05,1.39836,0.128552,-0.128552,320.0,1.49397,-1.49397,5298.0,122.6,-122.6,0.77,0.04,-0.04,3407.6,,,2128.0,,,CANDIDATE
2.0988541,0.0002283,-0.0002283,1.66554,0.124017,-0.124017,350.0,0.628904,-0.628904,5531.0,130.8,-130.8,0.97,0.05,-0.05,2840.05,,,2033.0,,,CANDIDATE
4.6410823,3.67e-05,-3.67e-05,2.86438,0.211594,-0.211594,660.0,1.66538,-1.66538,5809.0,266.2,-266.2,1.12,0.05,-0.05,344.881,,,1200.0,,,CANDIDATE
7.1858029,1.22e-05,-1.22e-05,13.1612,0.731181,-0.731181,11192.4995247,150.5162,-150.5162,5758.3,135.6,-135.6,1.19,0.06,-0.06,210.609,,,1061.0,,,CONFIRMED
23.3418536,0.0008837,-0.0008837,9.7267129,7.509336,-7.509336,6473.602151,481.2927,-481.2927,4944.0,122.0,-122.0,0.824284,,,16.3642505,,,512.9721403,,,CONFIRMED
49.2445599,0.0001809,-0.0001809,10.3670919,0.3454167,-0.3454167,15606.4614867,429.70343,-429.70343,4944.0,122.0,-122.0,0.824284,,,6.0478205,,,399.9626824,,,CONFIRMED
8.011385,1.45e-05,-1.45e-05,11.7844,0.624913,-0.624913,7890.0,1.0499,-1.0499,5923.0,139.1,-139.1,1.29,0.07,-0.07,429.98,,,1268.0,,,CANDIDATE
2.3018922,1.1e-05,-1.1e-05,12.146,1.39235,-1.39235,1260.0,0.699752,-0.699752,6919.0,258.9,-258.9,3.45,0.39,-0.39,4411.81,,,2270.0,,,CANDIDATE
11.7248927,8.91e-05,-8.91e-05,8.72604,0.48473,-0.48473,8540.0,6.89984,-6.89984,5980.0,122.2,-122.2,0.91,0.04,-0.04,206.968,,,1056.0,,,CANDIDATE
3.5104148,1.35e-05,-1.35e-05,1.328654,0.3216713,-0.3216713,308.8285985,35.15131,-35.15131,4020.0,170.0,-170.0,0.639371,0.0657085,-0.0657085,64.709886,,,723.3731892,,,CANDIDATE
8.1484094,9.1e-06,-9.1e-06,10.1405034,0.6766869,-0.6766869,13497.6071224,265.38266,-265.38266,5320.0,130.4,-130.4,0.873132,0.048402,-0.048402,91.987019,,,789.8623006,,,CANDIDATE
16.7224532,6.43e-05,-6.43e-05,9.46753,0.580453,-0.580453,11640.0,9.39255,-9.39255,5560.0,130.9,-130.9,0.88,0.05,-0.05,44.9403,,,721.0,,,CANDIDATE
6.6857865,1.81e-05,-1.81e-05,9.65352,0.454536,-0.454536,6690.0,2.36039,-2.36039,6144.3,105.0,-105.0,1.13,0.05,-0.05,171.835,,,1008.0,,,CANDIDATE
16.4452725,0.0022944,-0.0022944,9.85518,0.65016,-0.65016,11810.0,9.28013,-9.28013,5278.0,128.2,-128.2,0.88,0.05,-0.05,17.053,,,566.0,,,CANDIDATE
94.0997954,8.92e-05,-8.92e-05,14.5890881,2.0986593,-2.0986593,20525.1201107,277.70737,-277.70737,4696.7,90.2,-90.2,1.0143,0.144372,-0.144372,7.444474,,,421.2871907,,,CONFIRMED
2.9103781,2.86e-05,-2.86e-05,12.2597,1.0447,-1.0447,1480.0,2.25475,-2.25475,7340.8,146.1,-146.1,3.5,0.25,-0.25,4501.88,,,2282.0,,,CANDIDATE
0.985586,0.000127,-0.000127,5.2012051,2.97028,-2.97028,1343.3387762,98.46513,-98.46513,5799.4,423.3,-423.3,1.38013,0.0655829,-0.0655829,4763.4215785,,,2118.8465446,,,CANDIDATE
12.7187255,4.08e-05,-4.08e-05,2.5924633,0.2972776,-0.2972776,1144.1789073,87.33975,-87.33975,4036.3,69.7,-69.7,0.661076,0.0674925,-0.0674925,12.2599233,,,477.2453303,,,CANDIDATE
1.4118418,5.5e-06,-5.5e-06,8.14924,0.370596,-0.370596,520.0,0.420632,-0.420632,7839.6,143.1,-143.1,3.52,0.12,-0.12,11077.2,,,2858.0,,,CANDIDATE
7.5427509,2.06e-05,-2.06e-05,10.8099759,1.0319434,-1.0319434,3098.3066655,61.250607,-61.250607,6349.8,40.8,-40.8,1.86619,0.170126,-0.170126,741.7962608,,,1331.0393949,,,CONFIRMED
21.0689935,7.7e-05,-7.7e-05,15.3646915,4.264033,-4.264033,3392.7700746,210.97647,-210.97647,5441.0,68.3,-68.3,1.98859,0.0915978,-0.0915978,194.5380096,,,952.5129011,,,FALSE POSITIVE
7.9940367,5.26e-05,-5.26e-05,2.5576021,2.075654,-2.075654,404.6194381,39.247066,-39.247066,5846.29,115.111,-115.111,1.25324,0.0554799,-0.0554799,258.8217348,,,1022.9865778,,,CONFIRMED
2.3114203,6e-07,-6e-07,13.1879107,0.5822473,-0.5822473,14975.1986739,49.8707,-49.8707,5785.79,104.216,-104.216,1.07008,0.0469548,-0.0469548,957.0053443,,,1418.5620601,,,CONFIRMED
8.5234958,3e-06,-3e-06,12.0756,0.595988,-0.595988,18942.0,199.239,-199.239,5238.0,104.524,-104.524,0.84,0.04,-0.04,34.6952,,,676.0,,,CONFIRMED
1.4468993,5.8e-06,-5.8e-06,4.98711,1.59253,-1.59253,549.0,1853.43,-1853.43,5238.0,104.524,-104.524,0.84,0.04,-0.04,1452.18,,,1719.0,,,CONFIRMED
2.8126485,6.9e-06,-6.9e-06,12.0658006,0.4648629,-0.4648629,13994.0625365,422.5832,-422.5832,5700.0,,,1.00957,,,614.5934084,,,1269.8918153,,,CONFIRMED
9.0702531,2.44e-05,-2.44e-05,5.7395383,1.2825527,-1.2825527,3806.1953378,157.00706,-157.00706,5509.1,115.8,-115.8,0.916742,0.041809,-0.041809,110.6280815,,,827.1534677,,,FALSE POSITIVE
5.436841,4.54e-05,-4.54e-05,7.79881,0.551239,-0.551239,2660.0,7.75501,-7.75501,7980.0,137.391,-137.391,1.49,0.06,-0.06,560.394,,,1355.0,,,CANDIDATE
2.3701119,1.45e-05,-1.45e-05,3.0793796,2.734467,-2.734467,2049.0263458,190.62766,-190.62766,4007.0,121.939,-121.939,0.684741,0.0659925,-0.0659925,122.1390568,,,847.8780456,,,CANDIDATE
8.3848067,1.11e-05,-1.11e-05,11.5945537,0.5370815,-0.5370815,11925.6417552,151.88492,-151.88492,5757.5,146.0,-146.0,1.02264,0.0460553,-0.0460553,181.6699451,,,936.3549718,,,CANDIDATE
6.2636501,0.0010456,-0.0010456,17.7665063,1.0933677,-1.0933677,7043.2784811,411.5855,-411.5855,6969.2,111.6,-111.6,2.04438,0.106935,-0.106935,1453.0093429,,,1574.6602021,,,FALSE POSITIVE
16.0475029,3.72e-05,-3.72e-05,19.3344,0.96526,-0.96526,13630.0,5.81755,-5.81755,6337.5,141.8,-141.8,1.6,0.07,-0.07,46.0707,,,725.0,,,FALSE POSITIVE
9.8302309,3.42e-05,-3.42e-05,27.5606205,7.7528214,-7.7528214,5116.722044,226.40634,-226.40634,6683.6,129.7,-129.7,2.86532,0.150535,-0.150535,1527.8873209,,,1594.5662998,,,CANDIDATE
17.7859152,6.25e-05,-6.25e-05,12.0078948,0.3323396,-0.3323396,6535.8664276,194.81377,-194.81377,5834.0,249.9,-249.9,1.38395,,,99.4145767,,,805.3455558,,,CANDIDATE
4.2002507,7.7e-06,-7.7e-06,14.9915,,,25670.0,13.2976,-13.2976,5709.9,94.7,-94.7,0.91,,,236.94,,,1093.0,,,CANDIDATE
24.7373412,0.0001405,-0.0001405,1.8439453,0.114573,-0.114573,6560.492087,296.41574,-296.41574,3131.0,,,0.215535,0.0065582,-0.0065582,0.1439176,,,157.0898896,,,CONFIRMED
3.7779418,8.5e-06,-8.5e-06,1.5659937,0.207439,-0.207439,3469.450739,430.44,-430.44,3131.0,,,0.215535,0.0065582,-0.0065582,5.7174182,,,394.3844097,,,CONFIRMED
3.5511203,0.0006419,-0.0006419,13.8379,,,19660.0,16.8448,-16.8448,5321.0,122.0,-122.0,0.98,,,258.816,,,1117.0,,,CANDIDATE
2.7754004,2.9e-06,-2.9e-06,15.2778,0.829311,-0.829311,8510.0,203.366,-203.366,5905.0,181.5,-181.5,1.62,0.09,-0.09,966.571,,,1553.0,,,CANDIDATE
4.0483695,2.9e-06,-2.9e-06,13.766,0.663576,-0.663576,12060.0,1.29187,-1.29187,6054.0,133.7,-133.7,1.24,0.06,-0.06,413.846,,,1256.0,,,CANDIDATE
5.0182311,8.6e-06,-8.6e-06,13.248,,,16210.0,6.87516,-6.87516,5487.0,122.0,-122.0,1.02,,,112.463,,,907.0,,,CANDIDATE
3.7257237,8.7e-06,-8.7e-06,11.5792771,0.6387604,-0.6387604,8787.4795537,155.82101,-155.82101,5698.0,117.7,-117.7,1.1429501,0.0586935,-0.0586935,553.4075728,,,1237.0322556,,,CANDIDATE
3.9704457,0.0010998,-0.0010998,11.7222736,1.6124917,-1.6124917,3689.4781363,239.78801,-239.78801,5840.0,123.0,-123.0,1.89732,0.108567,-0.108567,1506.4365626,,,1588.9398662,,,CANDIDATE
4.2102425,8.9e-06,-8.9e-06,8.4263554,0.270197,-0.270197,9271.0628122,267.3332,-267.3332,4927.6,108.4,-108.4,0.816613,,,155.5183712,,,900.6689155,,,CANDIDATE
5.9839451,8.2e-06,-8.2e-06,10.7016592,0.6056152,-0.6056152,3826.4375501,43.206295,-43.206295,5609.0,130.3,-130.3,1.71761,0.0898895,-0.0898895,632.2914999,,,1278.9368045,,,CONFIRMED
3.4843271,6.2e-06,-6.2e-06,15.9782,0.771312,-0.771312,10320.0,2.33956,-2.33956,7250.0,169.5,-169.5,1.57,0.07,-0.07,1741.71,,,1799.0,,,CANDIDATE
13.1147744,0.0001045,-0.0001045,9.79059,0.763535,-0.763535,3890.0,11.7603,-11.7603,5496.1,115.0,-115.0,1.54,0.08,-0.08,95.9399,,,871.0,,,CANDIDATE
18.3877081,2.93e-05,-2.93e-05,6.3790962,0.2959154,-0.2959154,1191.0283192,25.177616,-25.177616,6382.7,111.3,-111.3,1.76557,0.072387,-0.072387,211.2844875,,,972.3814218,,,CONFIRMED
2.9887654,1.5e-06,-1.5e-06,14.0699828,0.7781713,-0.7781713,15493.9490407,99.22328,-99.22328,5639.0,144.5,-144.5,1.12141,0.061206,-0.061206,690.1555373,,,1307.2435081,,,CONFIRMED
6.0027375,0.0002206,-0.0002206,8.72806,,,6100.0,4.3767,-4.3767,5633.0,,,1.08,,,475.015,,,,,,FALSE POSITIVE
3.5985851,2.06e-05,-2.06e-05,11.8109,,,6710.0,5.61901,-5.61901,6303.0,122.0,-122.0,1.45,,,1318.02,,,1678.0,,,CANDIDATE
4.5815438,8.8e-06,-8.8e-06,15.1889,,,19550.0,6.102,-6.102,5525.0,122.0,-122.0,1.07,,,290.593,,,1150.0,,,CANDIDATE
4.4817684,2.5e-06,-2.5e-06,19.0204,0.867642,-0.867642,21180.0,1.00645,-1.00645,6734.0,131.5,-131.5,1.25,0.06,-0.06,277.661,,,1137.0,,,CANDIDATE
3.1711207,1.05e-05,-1.05e-05,13.924729,0.3152978,-0.3152978,8504.6805867,181.49634,-181.49634,6140.0,122.0,-122.0,1.45618,,,1369.1513607,,,1551.4315362,,,CANDIDATE
3.8229149,7.3e-06,-7.3e-06,13.5313,1.24899,-1.24899,11780.0,1.90456,-1.90456,6166.4,145.1,-145.1,1.21,0.11,-0.11,598.34,,,1377.0,,,CANDIDATE
3.7494409,1.04e-05,-1.04e-05,13.2544,0.648718,-0.648718,4860.0,5.1954,-5.1954,7899.0,143.5,-143.5,1.89,0.06,-0.06,1186.51,,,1635.0,,,CANDIDATE
3.4580018,0.0001485,-0.0001485,14.7324849,0.8543144,-0.8543144,10218.255838,154.09003,-154.09003,6427.8,105.1,-105.1,1.2663,0.0721458,-0.0721458,1028.4855924,,,1444.3395468,,,CANDIDATE
3.7146478,1.5e-06,-1.5e-06,15.2308,0.759299,-0.759299,12620.0,0.126216,-0.126216,5783.0,125.2,-125.2,1.32,0.07,-0.07,698.148,,,1432.0,,,CONFIRMED
3.1901569,2.6e-06,-2.6e-06,15.146461,1.6026084,-1.6026084,3648.2442456,126.462425,-126.462425,6474.57,100.19,-100.19,1.98958,0.101487,-0.101487,2876.2951268,,,1867.7902797,,,FALSE POSITIVE
3.397862,0.0001937,-0.0001937,18.3834,0.865094,-0.865094,9960.0,0.92863,-0.92863,6590.0,230.5,-230.5,1.83,0.08,-0.08,2031.47,,,1870.0,,,CONFIRMED
3.5838508,6.4e-06,-6.4e-06,12.4141,0.705201,-0.705201,12480.0,3.43857,-3.43857,5450.0,122.5,-122.5,1.08,0.06,-0.06,409.771,,,1253.0,,,CANDIDATE
3.0183134,3.7e-06,-3.7e-06,9.10865,,,8960.0,0.799979,-0.799979,5238.0,,,0.93,,,388.439,,,,,,CANDIDATE
4.52074,8.8e-06,-8.8e-06,13.7321,0.68157,-0.68157,8520.0,1.18985,-1.18985,6050.0,127.6,-127.6,1.49,0.07,-0.07,713.859,,,1440.0,,,CONFIRMED
4.6965638,1.23e-05,-1.23e-05,16.2589,0.838734,-0.838734,12380.0,5.09598,-5.09598,6502.7,102.7,-102.7,1.43,0.07,-0.07,459.903,,,1290.0,,,CANDIDATE
4.0266483,1.76e-05,-1.76e-05,1.90189,0.122182,-0.122182,754.0,42.6743,-42.6743,5276.5,105.2,-105.2,0.78,0.04,-0.04,213.735,,,1065.0,,,FALSE POSITIVE
9.5835608,8.87e-05,-8.87e-05,12.6233,5.27326,-5.27326,1150.0,620.049,-620.049,5781.0,127.7,-127.7,1.91,0.1,-0.1,372.192,,,1223.0,,,CANDIDATE
5.4566563,1.66e-05,-1.66e-05,10.9408,0.652522,-0.652522,4160.0,1.24686,-1.24686,5674.8,171.9,-171.9,1.72,0.1,-0.1,381.078,,,1230.0,,,CONFIRMED
3.587158,4.9e-06,-4.9e-06,10.0104,0.534459,-0.534459,3120.0,2.94354,-2.94354,6495.7,26.9,-26.9,1.75,0.07,-0.07,177.312,,,1016.0,,,CANDIDATE
61.6277,0.0001314,-0.0001314,11.7392,0.566858,-0.566858,8878.0,1.61719,-1.61719,5581.0,229.7,-229.7,1.07,0.05,-0.05,21.7464,,,601.0,,,CONFIRMED
2.4238226,0.0001365,-0.0001365,12.2562719,0.2481941,-0.2481941,16167.1783697,301.42267,-301.42267,5410.0,,,0.93,,,549.914052,,,1235.0753497,,,CONFIRMED
0.7460577,5.4e-06,-5.4e-06,1.77725,0.138915,-0.138915,240.0,0.819184,-0.819184,6162.0,129.2,-129.2,1.13,0.05,-0.05,6994.61,,,2547.0,,,CANDIDATE
8.493027,5.4e-06,-5.4e-06,20.982,1.04786,-1.04786,20750.0,7.61364,-7.61364,6287.0,134.4,-134.4,1.41,0.06,-0.06,246.718,,,1104.0,,,FALSE POSITIVE
1.4711386,0.0003985,-0.0003985,6.70217,0.44964,-0.44964,839.0,1.76496,-1.76496,6514.0,128.0,-128.0,2.19,0.1,-0.1,1889.26,,,1836.0,,,CANDIDATE
2.682814,8.7e-06,-8.7e-06,23.5198,,,1080.0,7.25639,-7.25639,8528.0,124.0,-124.0,5.28,,,852.855,,,1505.0,,,CANDIDATE
3.6039259,2.77e-05,-2.77e-05,9.20389,1.44347,-1.44347,940.0,0.578856,-0.578856,7080.0,182.6,-182.6,3.05,0.47,-0.47,1930.96,,,1846.0,,,CANDIDATE
5.73436,1.15e-05,-1.15e-05,21.0528,5.05458,-5.05458,17740.0,2524.56,-2524.56,4405.0,132.3,-132.3,0.86,0.07,-0.07,19.8561,,,588.0,,,FALSE POSITIVE
4.1554362,4.51e-05,-4.51e-05,11.1924,0.847506,-0.847506,1020.0,1.92433,-1.92433,6352.0,133.8,-133.8,3.53,0.21,-0.21,2704.62,,,2009.0,,,CANDIDATE
13.4758478,2.19e-05,-2.19e-05,1.9840882,0.2365942,-0.2365942,708.9461601,50.810562,-50.810562,4111.0,171.0,-171.0,0.618173,0.0598643,-0.0598643,10.1837519,,,455.6136246,,,CONFIRMED
5.3376282,1.95e-05,-1.95e-05,16.1323,,,2060.0,1.8922,-1.8922,4825.0,27.1,-27.1,3.5,,,63.1216,,,785.0,,,CANDIDATE
6.0210332,0.0008054,-0.0008054,18.8835,,,7500.0,33.8771,-33.8771,7668.0,,,1.93,,,635.657,,,,,,CANDIDATE
1.3326579,1.8e-06,-1.8e-06,11.5968325,0.5114164,-0.5114164,37285.6090775,893.5374,-893.5374,3947.0,157.0,-157.0,0.594491,0.0222335,-0.0222335,195.7065144,,,953.9400228,,,CANDIDATE
4.9088819,1.37e-05,-1.37e-05,15.9619759,1.0882329,-1.0882329,5548.8279627,147.1569,-147.1569,6606.0,128.386,-128.386,2.09179,0.122548,-0.122548,1882.9021211,,,1680.067326,,,CONFIRMED
1.4509175,9e-07,-9e-07,20.5418,5.83122,-5.83122,7270.0,1789.51,-1789.51,6472.0,133.132,-133.132,1.24,0.06,-0.06,2374.67,,,1944.0,,,CANDIDATE
4.724665,4.19e-05,-4.19e-05,12.5337443,0.737345,-0.737345,6163.2889314,202.36102,-202.36102,5385.7,5384.3,-5384.3,1.5727,,,729.5242428,,,1325.4998462,,,CANDIDATE
3.3639254,1.56e-05,-1.56e-05,3.0449863,0.2114907,-0.2114907,422.0610761,29.08252,-29.08252,5890.3,57.0,-57.0,1.28018,0.0545025,-0.0545025,874.7955667,,,1387.0636575,,,CONFIRMED
13.0393586,0.0043165,-0.0043165,3.3482223,1.2696187,-1.2696187,625.5995687,58.03166,-58.03166,5890.3,57.0,-57.0,1.31383,0.136209,-0.136209,243.5260946,,,1007.5256829,,,CONFIRMED
2.1538959,0.0001627,-0.0001627,16.0166732,1.006073,-1.006073,96363.0926604,5937.473,-5937.473,3148.0,157.0,-157.0,0.483749,0.0205474,-0.0205474,31.4140709,,,603.8106997,,,FALSE POSITIVE
13.3572104,2.49e-05,-2.49e-05,19.2978,4.69083,-4.69083,29950.0,5.54543,-5.54543,6636.1,780.6,-780.6,1.12,0.27,-0.27,158.626,,,988.0,,,CANDIDATE
15.2010859,0.0008081,-0.0008081,21.1122163,0.1653354,-0.1653354,35221.1348039,352.6378,-352.6378,6042.0,122.0,-122.0,1.0687701,,,87.587938,,,780.2446961,,,CANDIDATE
2.2687617,3.7e-06,-3.7e-06,12.4983488,0.396667,-0.396667,13217.8124266,246.44028,-246.44028,5690.0,122.0,-122.0,1.0785,,,949.2189656,,,1415.6677914,,,CANDIDATE
1.8531628,2.1e-06,-2.1e-06,13.5946,,,34220.0,21.0259,-21.0259,5355.0,56.4,-56.4,0.68,,,672.909,,,1418.0,,,CANDIDATE
6.3187442,3.5e-06,-3.5e-06,16.8683,,,28370.0,1.15734,-1.15734,4961.0,105.7,-105.7,0.98,,,139.993,,,958.0,,,CANDIDATE
8.2500143,2.61e-05,-2.61e-05,11.8684,2.5386,-2.5386,2250.0,202.133,-202.133,7386.5,203.3,-203.3,1.59,0.07,-0.07,1610.36,,,1764.0,,,CANDIDATE
12.4724734,1.34e-05,-1.34e-05,12.11,,,23020.0,3.13718,-3.13718,4966.0,41.1,-41.1,0.79,,,30.1565,,,652.0,,,CANDIDATE
11.1452784,3.7e-05,-3.7e-05,2.0671456,2.1233275,-2.1233275,566.2736451,47.23385,-47.23385,5302.58,20.9902,-20.9902,0.848675,0.0516382,-0.0516382,56.9132658,,,700.5241733,,,CONFIRMED
10.3558635,1.8e-05,-1.8e-05,17.6401,0.961529,-0.961529,18740.0,12.705,-12.705,5896.0,126.7,-126.7,1.26,0.06,-0.06,102.964,,,887.0,,,CANDIDATE
2.4125012,4.4e-06,-4.4e-06,13.7942,,,10860.0,22.7485,-22.7485,6190.0,122.0,-122.0,1.22,,,369.1,,,1221.0,,,CANDIDATE
1.2207037,8e-07,-8e-07,17.4662,,,25580.0,1.12016,-1.12016,5991.0,122.0,-122.0,1.06,,,2232.93,,,1915.0,,,CANDIDATE
0.5474737,2.4e-06,-2.4e-06,10.9219,,,1430.0,2.12441,-2.12441,5073.0,5126.8,-5126.8,2.84,,,5430.93,,,2391.0,,,FALSE POSITIVE
3.0235362,1.9e-06,-1.9e-06,13.178,,,26980.0,1.46606,-1.46606,5141.0,122.0,-122.0,0.78,,,203.691,,,1052.0,,,CANDIDATE
3.4562767,6.5e-06,-6.5e-06,10.5605032,0.8884846,-0.8884846,20448.8800177,122.564735,-122.564735,4404.0,121.8,-121.8,0.752032,0.0624674,-0.0624674,121.8298519,,,847.3409174,,,CANDIDATE
1.0649771,2.2e-06,-2.2e-06,12.4794,,,14670.0,61.3147,-61.3147,5427.0,122.0,-122.0,0.97,,,1643.06,,,1773.0,,,CANDIDATE
0.8715953,7e-07,-7e-07,10.5535,,,6610.0,7.38147,-7.38147,5969.0,122.0,-122.0,1.21,,,4579.31,,,2291.0,,,CANDIDATE
11.4856846,3.62e-05,-3.62e-05,16.3774861,0.4028077,-0.4028077,11370.1513147,323.72763,-323.72763,5893.0,122.0,-122.0,1.42198,,,210.1873793,,,971.1166682,,,CANDIDATE
0.5568095,8.9e-06,-8.9e-06,9.6870229,0.6701487,-0.6701487,45140.5350425,3374.4705,-3374.4705,3116.0,101.0,-101.0,0.439738,0.0167967,-0.0167967,235.6927628,,,999.3239856,,,CONFIRMED
9.7130596,1.32e-05,-1.32e-05,12.3196,,,3540.0,5.49325,-5.49325,6125.1,475.0,-475.0,1.88,,,54.3894,,,1027.4530905,,,CANDIDATE
6.6314357,1.17e-05,-1.17e-05,13.188691,1.5463964,-1.5463964,10550.9077716,729.7784,-729.7784,5752.2,5808.8,-5808.8,1.07899,0.0533744,-0.0533744,232.9433928,,,996.3968565,,,CANDIDATE
0.907105,5.9e-06,-5.9e-06,7.82059,3.09134,-3.09134,1430.0,614.765,-614.765,6164.0,126.6,-126.6,1.13,0.05,-0.05,28442.1,,,3617.0,,,FALSE POSITIVE
18.1960491,0.0032317,-0.0032317,8.8304863,0.8831822,-0.8831822,2203.3245309,245.09373,-245.09373,7811.0,143.047,-143.047,1.67013,0.0747588,-0.0747588,1455.4719337,,,1575.3269703,,,CANDIDATE
7.4547813,2.92e-05,-2.92e-05,14.5247965,1.0643468,-1.0643468,2508.5862836,99.39791,-99.39791,6502.0,138.8,-138.8,2.8327301,0.138166,-0.138166,1902.7550776,,,1684.4784991,,,CANDIDATE
3.1054901,2.4e-06,-2.4e-06,15.7521647,0.100251,-0.100251,6155.7750978,46.174076,-46.174076,7176.0,1003.8,-1003.8,1.90224,,,2621.0201325,,,1824.8927205,,,CANDIDATE
15.3281169,0.0005369,-0.0005369,16.4071897,1.8827407,-1.8827407,30096.5339932,2044.5294,-2044.5294,5417.0,122.0,-122.0,0.943467,,,49.0176948,,,674.851116,,,CANDIDATE
2.21674,,,18.2508,0.896431,-0.896431,4580.0,0.38871,-0.38871,6250.0,,,2.66,0.13,-0.13,2007.96,,,1864.0,,,CONFIRMED
0.9112206,8.03e-05,-8.03e-05,7.3931803,0.5033327,-0.5033327,71047.5639651,4714.7026,-4714.7026,2999.0,157.0,-157.0,0.274907,0.0089431,-0.0089431,40.9351669,,,645.1250281,,,CANDIDATE
4.880964,9.9e-06,-9.9e-06,9.7354897,3.3246431,-3.3246431,3385.5526856,256.1717,-256.1717,6309.0,130.575,-130.575,1.27132,0.0568342,-0.0568342,626.1274546,,,1275.8083387,,,CONFIRMED
3.0652926,4.4e-06,-4.4e-06,13.3524,0.703704,-0.703704,11240.0,2.06253,-2.06253,6229.0,130.095,-130.095,1.22,0.06,-0.06,649.429,,,1406.0,,,CONFIRMED
9.1720535,0.0009147,-0.0009147,9.02881,,,580.0,2.98453,-2.98453,4933.0,122.0,-122.0,3.79,,,293.374,,,1152.0,,,CONFIRMED
1.4436706,2e-07,-2e-07,20.6713,1.12834,-1.12834,43370.0,0.0617889,-0.0617889,5465.0,129.9,-129.9,0.94,0.05,-0.05,964.415,,,1552.0,,,CANDIDATE
0.5136096,2.22e-05,-2.22e-05,7.4237633,10.844878,-10.844878,3098.8049112,376.13086,-376.13086,5270.0,122.0,-122.0,1.33222,,,8342.9651284,,,2437.5293666,,,CANDIDATE
4.773751,0.0004928,-0.0004928,14.861327,0.6261328,-0.6261328,11156.3496198,596.8062,-596.8062,5904.3,78.7,-78.7,1.2413,,,520.1148845,,,758.0,,,CANDIDATE
3.375591,0.0003311,-0.0003311,13.2361,0.657366,-0.657366,11630.0,4.01206,-4.01206,6408.0,132.3,-132.3,1.22,0.06,-0.06,1112.75,,,1609.0,,,CANDIDATE
5.9242661,3.6e-06,-3.6e-06,9.3440442,0.618929,-0.618929,11796.3303624,102.72714,-102.72714,5310.0,,,0.846671,0.0549573,-0.0549573,120.7076171,,,845.3828218,,,CONFIRMED
2.229735,2.9e-06,-2.9e-06,12.7809294,0.2479512,-0.2479512,6708.4441146,159.96219,-159.96219,5913.0,122.0,-122.0,1.37479,,,1760.6957688,,,1652.1171129,,,CANDIDATE
7.3164282,3.4e-06,-3.4e-06,17.3698,,,37130.0,9.74823,-9.74823,4884.0,122.0,-122.0,0.83,,,49.3074,,,738.0,,,FALSE POSITIVE
2.967599,4.7e-06,-4.7e-06,8.00413,,,10410.0,4.96338,-4.96338,4396.0,122.0,-122.0,0.76,,,75.0167,,,819.0,,,CANDIDATE
4.7277153,2.87e-05,-2.87e-05,6.45464,,,4000.0,6.25762,-6.25762,5601.0,122.0,-122.0,1.05,,,193.697,,,1039.0,,,CANDIDATE
7.7898378,0.0010879,-0.0010879,9.36784,,,11390.0,11.4617,-11.4617,5091.5,71.8,-71.8,0.85,,,77.3001,,,826.0,,,CANDIDATE
2.7985528,5.6e-06,-5.6e-06,12.3741,,,12220.0,3.88479,-3.88479,5416.0,122.0,-122.0,1.09,,,406.289,,,1250.0,,,CANDIDATE
8.8759249,1.59e-05,-1.59e-05,16.5775949,0.3502983,-0.3502983,25757.0688203,528.6944,-528.6944,5528.3,122.8,-122.8,1.02337,,,141.6296114,,,879.8492444,,,CANDIDATE
1.2558789,7e-07,-7e-07,14.1053,0.906689,-0.906689,22260.0,1.86118,-1.86118,4926.0,126.5,-126.5,0.91,0.06,-0.06,681.251,,,1423.0,,,CANDIDATE
10.7510107,5.14e-05,-5.14e-05,2.3581827,1.7880001,-1.7880001,638.0928566,61.79254,-61.79254,5784.0,55.0,-55.0,0.918917,0.0420301,-0.0420301,90.8412638,,,787.3911722,,,CONFIRMED
6.19132,0.003482,-0.003482,1.759371,2.874777,-2.874777,345.240264,62.78886,-62.78886,5784.0,55.0,-55.0,0.929557,0.09191,-0.09191,219.1278279,,,981.282679,,,CONFIRMED
5.0183771,2.34e-05,-2.34e-05,10.7644,,,2500.0,2.23335,-2.23335,5011.2,64.5,-64.5,2.15,,,187.484,,,1030.0,,,CANDIDATE
3.6257584,7.7e-06,-7.7e-06,12.2058,,,10450.0,2.83401,-2.83401,5606.0,122.0,-122.0,1.17,,,377.929,,,1228.0,,,CANDIDATE
3.790687,0.0008155,-0.0008155,12.9604,,,15240.0,29.9939,-29.9939,5542.0,122.0,-122.0,1.02,,,417.971,,,1259.0,,,CANDIDATE
3.9602774,4e-06,-4e-06,24.4489,3.12811,-3.12811,6193.0,10789.2,-10789.2,5863.0,125.7,-125.7,1.04,0.05,-0.05,149.866,,,974.0,,,FALSE POSITIVE
2.8456505,2.7e-06,-2.7e-06,6.4972,0.322797,-0.322797,2681.0,77.5813,-77.5813,6112.0,132.1,-132.1,1.3,0.06,-0.06,758.965,,,1462.0,,,CANDIDATE
7.7517472,3.92e-05,-3.92e-05,11.6856,,,861.0,45.338,-45.338,5133.0,122.0,-122.0,4.75,,,123.828,,,929.0,,,FALSE POSITIVE
1.1159326,2.8e-06,-2.8e-06,6.17322,0.358551,-0.358551,840.0,1.58388,-1.58388,6859.0,136.4,-136.4,1.68,0.07,-0.07,1667.72,,,1780.0,,,CANDIDATE
6.203496,3.9e-05,-3.9e-05,9.93735,,,810.0,40.4389,-40.4389,4859.0,122.0,-122.0,3.98,,,375.554,,,1226.0,,,CONFIRMED
5.7525797,1.3e-06,-1.3e-06,12.7442838,0.5870171,-0.5870171,5284.9525713,26.201511,-26.201511,6180.0,,,1.70927,0.0782412,-0.0782412,828.8267593,,,1368.4712903,,,CONFIRMED
12.9281223,0.0022141,-0.0022141,9.974436,0.2938442,-0.2938442,4105.1705253,205.48228,-205.48228,6332.0,,,1.39271,,,154.407415,,,899.0560909,,,CANDIDATE
3.1630387,3.65e-05,-3.65e-05,6.82612,1.86481,-1.86481,1130.0,156.146,-156.146,6187.0,128.6,-128.6,1.34,0.06,-0.06,17348.8,,,3197.0,,,FALSE POSITIVE
1.9126596,4.5e-06,-4.5e-06,2.2474,0.120633,-0.120633,372.0,16.6071,-16.6071,5601.4,105.1,-105.1,1.24,0.05,-0.05,943.042,,,1543.0,,,CANDIDATE
1.476869,2.9e-06,-2.9e-06,13.2219,4.68994,-4.68994,2670.0,952.186,-952.186,6712.0,184.6,-184.6,1.37,0.06,-0.06,7685.32,,,2608.0,,,FALSE POSITIVE
3.4082154,7.2e-06,-7.2e-06,16.7879,0.808215,-0.808215,10060.0,1.60695,-1.60695,6231.4,103.1,-103.1,1.59,0.07,-0.07,1192.31,,,1637.0,,,CANDIDATE
6.4967452,0.0006987,-0.0006987,19.5904,7.24615,-7.24615,4930.0,1769.73,-1769.73,5186.9,196.0,-196.0,1.53,0.11,-0.11,160.453,,,991.0,,,CANDIDATE
3.4523955,5.1e-06,-5.1e-06,10.2673,,,13260.0,8.54726,-8.54726,5614.0,123.0,-123.0,0.94,,,139.443,,,957.0,,,CANDIDATE
3.8539027,4.3e-06,-4.3e-06,11.8808,0.57189,-0.57189,14520.0,1.1811,-1.1811,5805.0,129.2,-129.2,0.93,0.04,-0.04,374.407,,,1225.0,,,CANDIDATE
5.066175,4.6e-06,-4.6e-06,7.69012,0.42506,-0.42506,1350.0,0.859562,-0.859562,5868.0,190.0,-190.0,2.17,0.449728,-0.449728,311.3397198,,,1071.3426196,,,CANDIDATE
0.6293198,1.2e-06,-1.2e-06,4.46635,0.342805,-0.342805,3730.0,7.90253,-7.90253,5508.0,134.6,-134.6,0.79,0.04,-0.04,2516.29,,,1973.0,,,FALSE POSITIVE
3.1292868,5.1e-06,-5.1e-06,12.0419,0.785006,-0.785006,7430.0,11.999,-11.999,6078.0,132.2,-132.2,1.32,0.07,-0.07,400.405,,,1246.0,,,CANDIDATE
2.5981987,2.8e-06,-2.8e-06,11.5397,0.782465,-0.782465,14260.0,23.0154,-23.0154,5516.0,132.7,-132.7,0.93,0.05,-0.05,233.319,,,1088.0,,,CANDIDATE
1.5292851,3.6e-06,-3.6e-06,12.6875,1.85386,-1.85386,2800.0,3.39267,-3.39267,6295.5,447.1,-447.1,2.21,0.31,-0.31,623.678,,,1392.0,,,CANDIDATE
2.4756487,1.06e-05,-1.06e-05,5.25914,,,4370.0,4.96362,-4.96362,4633.0,122.0,-122.0,0.8,,,321.692,,,1179.0,,,CANDIDATE
3.4711465,7.6e-06,-7.6e-06,11.1759,,,10070.0,11.3581,-11.3581,5593.0,122.0,-122.0,1.05,,,148.699,,,972.0,,,CANDIDATE
3.5746058,1.15e-05,-1.15e-05,11.6965,0.81782,-0.81782,6040.0,15.846,-15.846,6257.0,133.3,-133.3,1.37,0.07,-0.07,127.934,,,936.0,,,CANDIDATE
4.0944492,1.33e-05,-1.33e-05,12.8011,0.755192,-0.755192,5890.0,1.51019,-1.51019,5650.0,128.6,-128.6,1.6,0.09,-0.09,711.268,,,1438.0,,,CANDIDATE
2.1415519,1.77e-05,-1.77e-05,4.72287,0.35464,-0.35464,1060.0,2.10881,-2.10881,5530.0,127.5,-127.5,1.48,0.08,-0.08,1363.83,,,1693.0,,,CANDIDATE
3.4180406,1.23e-05,-1.23e-05,6.58171,0.485075,-0.485075,5200.0,5.81054,-5.81054,5001.0,128.7,-128.7,0.89,0.06,-0.06,201.62,,,1049.0,,,CANDIDATE
3.6977167,2.2e-06,-2.2e-06,2.942044,0.2132582,-0.2132582,4755.6707294,122.93876,-122.93876,3607.0,,,0.397924,0.011947,-0.011947,19.1944226,,,533.8429511,,,CONFIRMED
3.8821916,4.02e-05,-4.02e-05,5.57096,,,2670.0,126.349,-126.349,5283.0,,,0.95,,,1093.46,,,,,,CANDIDATE
3.6506781,7.7e-06,-7.7e-06,12.1655,,,20370.0,7.53433,-7.53433,5343.0,122.0,-122.0,0.84,,,273.621,,,1133.0,,,CANDIDATE
1.3225635,2.3e-06,-2.3e-06,11.5804,,,13750.0,7.63322,-7.63322,5388.0,123.0,-123.0,0.97,,,825.226,,,1493.0,,,CANDIDATE
6.409365,1.11e-05,-1.11e-05,12.1252,0.613031,-0.613031,11300.0,4.81338,-4.81338,6191.0,117.6,-117.6,1.12,0.05,-0.05,64.1809,,,788.0,,,CANDIDATE
4.3169755,2.91e-05,-2.91e-05,10.9284,,,4670.0,4.09313,-4.09313,5683.0,122.0,-122.0,1.61,,,803.246,,,1483.0,,,CANDIDATE
5.8259928,1.2e-05,-1.2e-05,14.0157,,,12800.0,10.1712,-10.1712,4964.0,122.0,-122.0,1.2,,,71.3806,,,809.0,,,CANDIDATE
5.6605693,3.9e-06,-3.9e-06,2.4070872,0.1197317,-0.1197317,3856.1060852,66.09782,-66.09782,3551.0,74.0,-74.0,0.374358,0.0114957,-0.0114957,9.9407408,,,452.8709226,,,CONFIRMED
11.3795653,1.51e-05,-1.51e-05,2.2539464,0.1026034,-0.1026034,3147.0461739,76.177734,-76.177734,3551.0,74.0,-74.0,0.374358,0.0114957,-0.0114957,3.9180021,,,358.827663,,,CONFIRMED
3.3601377,8.6e-06,-8.6e-06,1.1843718,0.737667,-0.737667,972.9589363,58.786633,-58.786633,3551.0,74.0,-74.0,0.374358,0.0114957,-0.0114957,19.9261226,,,538.8593825,,,CONFIRMED
4.6636858,7.2e-06,-7.2e-06,12.5117,0.643505,-0.643505,11110.0,3.03005,-3.03005,5720.0,129.9,-129.9,1.16,0.06,-0.06,226.009,,,1080.0,,,CANDIDATE
2.169466,1.65e-05,-1.65e-05,5.81205,0.506319,-0.506319,1780.0,7.93164,-7.93164,5823.0,128.4,-128.4,1.35,0.07,-0.07,643.066,,,1402.0,,,CANDIDATE
1.9422802,3.8e-06,-3.8e-06,15.1178,,,8140.0,1.62465,-1.62465,6950.0,123.0,-123.0,1.6,,,2966.77,,,2056.0,,,CANDIDATE
6.1735306,2.01e-05,-2.01e-05,11.2676,,,12950.0,10.3473,-10.3473,5435.0,122.0,-122.0,0.96,,,145.598,,,967.0,,,CANDIDATE
3.6364993,2.8e-06,-2.8e-06,16.4306,0.782017,-0.782017,16700.0,0.491401,-0.491401,6552.0,134.2,-134.2,1.23,0.06,-0.06,977.668,,,1557.0,,,CANDIDATE
18.010652,0.0001757,-0.0001757,12.5654,0.849191,-0.849191,4580.0,8.1512,-8.1512,5740.0,124.6,-124.6,1.85,0.09,-0.09,61.2858,,,779.0,,,CANDIDATE
1.8851834,0.0008097,-0.0008097,17.0369,,,5450.0,3228.5,-3228.5,5807.0,122.0,-122.0,1.25,,,1582.72,,,1757.0,,,CANDIDATE
4.007232,6.7e-06,-6.7e-06,18.1614,0.968247,-0.968247,10360.0,1.17919,-1.17919,6202.0,131.6,-131.6,1.75,0.09,-0.09,1275.2,,,1664.0,,,CONFIRMED
2.3540172,6.5e-06,-6.5e-06,14.4919,0.839009,-0.839009,6660.0,5.05864,-5.05864,6114.0,126.1,-126.1,1.74,0.09,-0.09,954.677,,,1548.0,,,FALSE POSITIVE
2.3540163,6.3e-06,-6.3e-06,15.1575,,,10020.0,7.53915,-7.53915,6124.0,122.0,-122.0,1.48,,,960.683,,,1551.0,,,CANDIDATE
10.7448417,1.66e-05,-1.66e-05,11.9772,,,38070.0,12.2037,-12.2037,4701.0,122.0,-122.0,0.63,,,24.4016,,,619.0,,,CANDIDATE
5.7604868,1.26e-05,-1.26e-05,14.0917,,,14580.0,4.79591,-4.79591,5530.3,127.3,-127.3,1.12,,,158.265,,,988.0,,,CANDIDATE
1.2434016,2e-06,-2e-06,5.66309,0.52193,-0.52193,4070.0,20.2163,-20.2163,4967.0,126.6,-126.6,0.75,0.05,-0.05,412.506,,,1255.0,,,FALSE POSITIVE
2.4993895,4.5e-06,-4.5e-06,12.9239,0.690267,-0.690267,10610.0,1.90971,-1.90971,5737.0,124.0,-124.0,1.21,0.06,-0.06,945.55,,,1544.0,,,CONFIRMED
4.9640641,2.25e-05,-2.25e-05,13.6926,,,4910.0,2.42718,-2.42718,6323.0,123.0,-123.0,1.95,,,1050.08,,,1585.0,,,CANDIDATE
7.5420435,2.7e-05,-2.7e-05,9.55159,0.533134,-0.533134,7720.0,3.53362,-3.53362,5949.0,132.7,-132.7,1.07,0.05,-0.05,210.743,,,1061.0,,,CANDIDATE
1.3164901,5.1e-06,-5.1e-06,11.2218,0.792626,-0.792626,3580.0,8.49999,-8.49999,6341.0,125.5,-125.5,1.78,0.09,-0.09,1368.05,,,1694.0,,,FALSE POSITIVE
2.7625084,5.3e-06,-5.3e-06,10.8143,,,16160.0,9.10497,-9.10497,4694.0,122.0,-122.0,0.83,,,155.318,,,983.0,,,CANDIDATE
3.3759446,5.03e-05,-5.03e-05,6.03548,0.468317,-0.468317,1270.0,2.96167,-2.96167,5701.0,131.2,-131.2,1.69,0.1,-0.1,874.29,,,1514.0,,,CONFIRMED
3.3098458,1.5e-06,-1.5e-06,12.4316228,0.7775041,-0.7775041,19158.8321817,148.92244,-148.92244,4953.0,,,0.858619,0.053191,-0.053191,241.6655587,,,1005.5957745,,,CONFIRMED
2.1473577,1.37e-05,-1.37e-05,10.0889,0.657217,-0.657217,2300.0,2.88579,-2.88579,5834.0,124.7,-124.7,2.12,0.11,-0.11,1324.12,,,1680.0,,,CANDIDATE
4.162733,5.7e-06,-5.7e-06,11.1057,1.27605,-1.27605,12870.0,2.97953,-2.97953,5744.2,324.9,-324.9,0.97,0.11,-0.11,425.348,,,1265.0,,,CANDIDATE
0.708548,2.8e-06,-2.8e-06,4.66694,0.487332,-0.487332,800.0,5.96066,-5.96066,5678.0,131.0,-131.0,1.52,0.09,-0.09,1121.93,,,1612.0,,,CANDIDATE
3.3843865,9.3e-06,-9.3e-06,16.224,,,10730.0,3.01188,-3.01188,5848.0,123.0,-123.0,1.52,,,917.268,,,1533.0,,,CANDIDATE
1.4875055,5e-07,-5e-07,18.3083,,,44400.0,0.555935,-0.555935,5142.0,122.0,-122.0,0.83,,,550.26,,,1349.0,,,CANDIDATE
3.9471513,9.8e-06,-9.8e-06,18.7538,,,16080.0,158.015,-158.015,6351.0,122.0,-122.0,1.37,,,406.495,,,1250.0,,,CANDIDATE
0.6711626,2.5e-06,-2.5e-06,12.243,,,2330.0,4.24919,-4.24919,5632.0,122.0,-122.0,2.43,,,2181.85,,,1904.0,,,CANDIDATE
1.7246234,3.6e-06,-3.6e-06,15.5191,0.949066,-0.949066,11820.0,7.36744,-7.36744,5776.0,153.6,-153.6,1.37,0.08,-0.08,976.638,,,1557.0,,,CANDIDATE
4.0350169,3.3e-06,-3.3e-06,12.5268,1.52005,-1.52005,25420.0,3.62831,-3.62831,5240.2,100.8,-100.8,0.75,0.09,-0.09,126.805,,,934.0,,,CANDIDATE
0.7418594,8.91e-05,-8.91e-05,6.0238347,7.4662147,-7.4662147,2983.6257317,173.75093,-173.75093,4304.6,64.0,-64.0,0.66174,0.0974527,-0.0974527,740.8643338,,,1330.6211479,,,FALSE POSITIVE
2.5082498,8.5e-06,-8.5e-06,20.6073,,,16210.0,54.6641,-54.6641,5909.0,122.0,-122.0,1.51,,,265.723,,,1124.0,,,CANDIDATE
0.9953936,7.9e-06,-7.9e-06,1.35321,0.109257,-0.109257,280.0,0.843946,-0.843946,5697.0,149.8,-149.8,0.84,0.04,-0.04,4359.09,,,2263.0,,,CANDIDATE
0.7029205,1.9e-06,-1.9e-06,7.51559,0.496465,-0.496465,2480.0,3.4319,-3.4319,6699.0,129.5,-129.5,1.6,0.08,-0.08,5873.32,,,2438.0,,,FALSE POSITIVE
3.7170532,2.16e-05,-2.16e-05,15.999,,,7220.0,6.61931,-6.61931,6065.0,122.0,-122.0,1.9,,,891.377,,,1522.0,,,CANDIDATE
4.5879078,3.15e-05,-3.15e-05,5.59491,0.357595,-0.357595,2040.0,2.76207,-2.76207,5785.0,132.7,-132.7,1.25,0.06,-0.06,474.054,,,1299.0,,,CANDIDATE
1.9663653,1.7e-06,-1.7e-06,13.2267,0.965069,-0.965069,29670.0,7.04587,-7.04587,4687.0,125.6,-125.6,0.74,0.05,-0.05,189.304,,,1033.0,,,CANDIDATE
3.4771921,9.6e-06,-9.6e-06,11.1486,0.72465,-0.72465,3250.0,2.6979,-2.6979,6539.0,176.3,-176.3,1.94,0.11,-0.11,422.8,,,1263.0,,,FALSE POSITIVE
3.3328544,2.73e-05,-2.73e-05,13.2674,0.887676,-0.887676,2300.0,2.53463,-2.53463,6272.0,138.8,-138.8,2.91,0.16,-0.16,4271.73,,,2252.0,,,CANDIDATE
3.1474843,2.9e-06,-2.9e-06,12.7493,4.20256,-4.20256,5640.0,2851.51,-2851.51,5102.2,127.3,-127.3,0.7,0.05,-0.05,129.933,,,940.0,,,CANDIDATE
0.5417947,5.1e-06,-5.1e-06,2.8738733,1.4076043,-1.4076043,537.9244902,58.928013,-58.928013,5181.0,182.0,-182.0,0.807298,0.0471181,-0.0471181,2690.4153124,,,1836.8537579,,,FALSE POSITIVE
2.9884191,3.9e-06,-3.9e-06,16.3009,0.850637,-0.850637,12890.0,1.49052,-1.49052,6636.0,170.8,-170.8,1.4,0.07,-0.07,1658.79,,,1777.0,,,CANDIDATE
1.1472535,1.18e-05,-1.18e-05,17.228,,,4090.0,12.6547,-12.6547,9742.0,126.0,-126.0,2.59,,,16302.6,,,3147.0,,,FALSE POSITIVE
4.9208778,2.69e-05,-2.69e-05,12.4437,0.758749,-0.758749,5680.0,5.69246,-5.69246,9668.0,396.7,-396.7,1.65,0.08,-0.08,3684.32,,,2170.0,,,CANDIDATE
4.7838171,2.62e-05,-2.62e-05,11.571,0.840715,-0.840715,10210.0,25.8034,-25.8034,5688.0,126.4,-126.4,1.1,0.05,-0.05,143.512,,,964.0,,,CANDIDATE
6.9724832,7.7e-05,-7.7e-05,18.9679,6.47719,-6.47719,4110.0,729.26,-729.26,7616.0,134.4,-134.4,2.16,0.1,-0.1,5321.0,,,2379.0,,,CANDIDATE
7.4710819,2.67e-05,-2.67e-05,12.8097,,,24880.0,23.651,-23.651,5262.0,123.0,-123.0,0.81,,,50.0778,,,741.0,,,CANDIDATE
4.9197461,1.15e-05,-1.15e-05,12.6447,,,10380.0,3.63091,-3.63091,5822.0,122.0,-122.0,1.21,,,275.438,,,1134.0,,,CANDIDATE
1.6281719,3.9e-06,-3.9e-06,15.3377,,,12020.0,5.83153,-5.83153,6020.0,123.0,-123.0,1.35,,,1369.74,,,1694.0,,,CANDIDATE
0.9422588,6e-06,-6e-06,3.75015,0.313293,-0.313293,1060.0,3.55573,-3.55573,5544.7,132.7,-132.7,1.07,0.06,-0.06,1840.19,,,1824.0,,,FALSE POSITIVE
3.3187528,1.31e-05,-1.31e-05,9.77184,,,6490.0,7.07368,-7.07368,5709.0,122.0,-122.0,1.21,,,262.223,,,1121.0,,,CANDIDATE
3.4813976,3.5e-06,-3.5e-06,20.9129,1.0147,-1.0147,21800.0,5.45025,-5.45025,6704.0,135.1,-135.1,1.4,0.06,-0.06,687.809,,,1426.0,,,CANDIDATE
4.5302876,6.5e-06,-6.5e-06,12.3919,,,22840.0,6.08551,-6.08551,4693.0,122.0,-122.0,0.81,,,98.5409,,,877.0,,,CANDIDATE
1.5971584,9.2e-06,-9.2e-06,17.7465,,,5070.0,297.036,-297.036,6033.0,122.0,-122.0,2.06,,,15134.3,,,3090.0,,,FALSE POSITIVE
4.8000953,1.3e-06,-1.3e-06,17.0718101,2.2168117,-2.2168117,5241.0677476,48.727596,-48.727596,6366.0,197.0,-197.0,1.58083,0.0739598,-0.0739598,1043.344051,,,1449.5280892,,,FALSE POSITIVE
0.4405893,1.6e-06,-1.6e-06,6.74949,0.490517,-0.490517,1850.0,4.1889,-4.1889,5643.0,135.5,-135.5,1.48,0.08,-0.08,4788.57,,,2317.0,,,FALSE POSITIVE
6.1214801,2.49e-05,-2.49e-05,17.6327,,,17560.0,18.6231,-18.6231,6356.0,122.0,-122.0,1.24,,,725.656,,,1445.0,,,CANDIDATE
2.276734,8.3e-06,-8.3e-06,10.8605,0.617663,-0.617663,3620.0,3.75088,-3.75088,6494.0,130.1,-130.1,1.78,0.08,-0.08,796.052,,,1479.0,,,CANDIDATE
1.0191022,3.2e-06,-3.2e-06,7.10309,0.416402,-0.416402,2230.0,2.66925,-2.66925,6865.0,124.8,-124.8,1.53,0.07,-0.07,2426.37,,,1955.0,,,CANDIDATE
0.934057,5.2e-06,-5.2e-06,13.4544,,,620.0,2.63598,-2.63598,5023.0,122.0,-122.0,5.19,,,1287.68,,,1668.0,,,CANDIDATE
1.5080197,4.9e-06,-4.9e-06,3.01287,0.351265,-0.351265,1790.0,4.65675,-4.65675,4008.0,130.4,-130.4,0.66,0.07,-0.07,89.0458,,,855.0,,,CONFIRMED
3.9934418,8.3e-06,-8.3e-06,4.2556645,0.2432962,-0.2432962,5801.8957159,256.10855,-256.10855,3748.0,64.0,-64.0,0.523113,0.015618,-0.015618,28.2359721,,,587.9229796,,,CONFIRMED
4.5697688,1.52e-05,-1.52e-05,17.1535,,,9780.0,5.06676,-5.06676,4976.0,122.0,-122.0,1.7,,,204.884,,,1054.0,,,CANDIDATE
3.8454384,1.54e-05,-1.54e-05,13.6848,1.0387,-1.0387,4590.0,1.44375,-1.44375,6733.4,128.0,-128.0,2.02,0.15,-0.15,2030.9,,,1870.0,,,FALSE POSITIVE
4.4430866,1.01e-05,-1.01e-05,21.1475,5.91947,-5.91947,8800.0,1158.81,-1158.81,4926.5,159.5,-159.5,1.54,0.1,-0.1,184.965,,,1027.0,,,CANDIDATE
3.7804749,1.99e-05,-1.99e-05,17.9247,5.06178,-5.06178,22150.0,3092.58,-3092.58,5112.0,128.7,-128.7,0.81,0.05,-0.05,835.088,,,1497.0,,,FALSE POSITIVE
3.4590552,1.64e-05,-1.64e-05,17.1001,,,8820.0,6.49569,-6.49569,7911.0,122.0,-122.0,1.83,,,1927.33,,,1845.0,,,CANDIDATE
1.9297769,1.12e-05,-1.12e-05,7.58229,0.435823,-0.435823,4540.0,11.3209,-11.3209,4856.0,34.6,-34.6,1.14,0.02,-0.02,310.868,,,1169.0,,,CANDIDATE
4.4445101,4.8e-06,-4.8e-06,14.6892,0.742113,-0.742113,16730.0,4.74199,-4.74199,6288.0,125.3,-125.3,1.14,0.05,-0.05,347.285,,,1202.0,,,CANDIDATE
2.9038027,1.38e-05,-1.38e-05,13.4427,1.96279,-1.96279,5860.0,121.942,-121.942,6570.0,317.3,-317.3,1.51,0.08,-0.08,5592.86,,,2409.0,,,FALSE POSITIVE
0.299039,5.6e-06,-5.6e-06,2.5153001,0.23745,-0.23745,5780.6664824,469.38916,-469.38916,2955.0,95.0,-95.0,0.300639,0.0092136,-0.0092136,188.0727122,,,944.4983346,,,CANDIDATE
4.9062135,2.33e-05,-2.33e-05,17.7815,2.75346,-2.75346,7400.0,22.0142,-22.0142,7169.0,127.9,-127.9,1.92,0.28,-0.28,251.061,,,1108.0,,,CANDIDATE
2.7636665,9.1e-06,-9.1e-06,5.94208,0.353204,-0.353204,6370.0,13.876,-13.876,3868.0,157.0,-157.0,0.7,0.02,-0.02,34.207,,,673.0,,,CANDIDATE
2.3044132,1.4e-06,-1.4e-06,22.8234,0.988396,-0.988396,20290.0,1.08582,-1.08582,,,,1.55,0.07,-0.07,756.205,,,1460.0,,,CANDIDATE
0.2573207,5e-07,-5e-07,4.81101,0.444507,-0.444507,1330.0,8.2221,-8.2221,5784.0,638.4,-638.4,1.09,0.06,-0.06,5062.7,,,2349.0,,,FALSE POSITIVE
3.7576217,2.21e-05,-2.21e-05,16.0563,,,7680.0,5.79018,-5.79018,5605.0,122.0,-122.0,1.89,,,933.592,,,1539.0,,,CANDIDATE
4.3217658,4.71e-05,-4.71e-05,12.7289,,,2640.0,3.12296,-3.12296,5139.0,122.0,-122.0,2.5,,,977.267,,,1557.0,,,CANDIDATE
4.0646554,1.17e-05,-1.17e-05,8.30577,,,7700.0,2.61421,-2.61421,5647.0,122.0,-122.0,0.93,,,314.34,,,1173.0,,,CANDIDATE
3.0071496,3.9e-05,-3.9e-05,8.05598,,,3310.0,7.91566,-7.91566,5906.0,122.0,-122.0,1.45,,,1939.81,,,1848.0,,,FALSE POSITIVE
11.4707838,0.0001502,-0.0001502,1.86599,0.183555,-0.183555,1575.0,1.65379,-1.65379,4140.0,171.0,-171.0,0.73,0.06,-0.06,30.2417,,,653.0,,,CANDIDATE
2.3341583,2.8e-06,-2.8e-06,20.0937,1.09728,-1.09728,10070.0,0.770823,-0.770823,6901.0,157.7,-157.7,1.93,0.1,-0.1,3201.05,,,2095.0,,,CANDIDATE
3.7482756,0.0005589,-0.0005589,14.0065,0.7336,-0.7336,5010.0,2.55201,-2.55201,6425.0,136.4,-136.4,2.02,0.09,-0.09,2004.64,,,1864.0,,,CANDIDATE
7.1185659,4.56e-05,-4.56e-05,12.5411,0.829825,-0.829825,3920.0,8.0767,-8.0767,5945.0,124.7,-124.7,1.9,0.09,-0.09,52.4926,,,749.0,,,CANDIDATE
0.3559702,7e-07,-7e-07,6.23347,,,2320.0,28.7458,-28.7458,5562.0,122.0,-122.0,1.08,,,2541.08,,,1977.0,,,CANDIDATE
4.7654865,2.9e-05,-2.9e-05,14.441,,,6120.0,4.52917,-4.52917,6151.0,126.0,-126.0,1.85,,,806.142,,,1484.0,,,CANDIDATE
3.6337247,6.6e-06,-6.6e-06,11.4562,,,15330.0,10.2263,-10.2263,5325.0,122.0,-122.0,0.88,,,122.862,,,927.0,,,CANDIDATE
4.808498,6.3e-06,-6.3e-06,15.0839,1.65876,-1.65876,11010.0,10.9882,-10.9882,5449.5,227.7,-227.7,1.38,0.14,-0.14,67.1926,,,797.0,,,CONFIRMED
4.2380604,1.86e-05,-1.86e-05,13.0206,,,13070.0,12.2788,-12.2788,5798.0,122.0,-122.0,1.13,,,463.485,,,1292.0,,,CANDIDATE
3.994474,9.6e-06,-9.6e-06,18.9963,0.918441,-0.918441,14090.0,1.85886,-1.85886,5931.0,129.2,-129.2,1.61,0.08,-0.08,896.598,,,1524.0,,,CANDIDATE
1.4367914,9e-07,-9e-07,16.9266,,,23180.0,2.49873,-2.49873,5873.0,122.0,-122.0,1.07,,,1530.88,,,1742.0,,,CANDIDATE
10.1843061,4.07e-05,-4.07e-05,2.4497061,0.953377,-0.953377,839.9896915,88.77408,-88.77408,5454.0,185.0,-185.0,0.782681,0.0388894,-0.0388894,59.457971,,,708.2266596,,,CANDIDATE
7.7538288,2.27e-05,-2.27e-05,9.7807,0.442091,-0.442091,6560.0,2.87223,-2.87223,5504.0,108.8,-108.8,1.17,0.05,-0.05,127.967,,,937.0,,,CANDIDATE
5.4139736,2.27e-05,-2.27e-05,15.5249,1.1265,-1.1265,8400.0,6.36936,-6.36936,5425.0,184.2,-184.2,1.71,0.11,-0.11,179.736,,,1020.0,,,CANDIDATE
3.5266608,1.67e-05,-1.67e-05,5.79479,0.490823,-0.490823,1320.0,1.67938,-1.67938,5668.0,178.8,-178.8,1.58,0.12,-0.12,312.309,,,1171.0,,,CANDIDATE
1.962292,1.4e-06,-1.4e-06,17.4523,0.824429,-0.824429,20910.0,1.07258,-1.07258,6384.0,128.7,-128.7,1.16,0.05,-0.05,2085.59,,,1882.0,,,CONFIRMED
4.8033954,1.45e-05,-1.45e-05,4.4901713,7.6468186,-7.6468186,867.1363349,94.918625,-94.918625,5913.9,149.1,-149.1,1.50621,0.0848141,-0.0848141,760.1635216,,,1339.2032846,,,CANDIDATE
12.4498835,4.98e-05,-4.98e-05,20.0559,5.50204,-5.50204,1827.0,2863.81,-2863.81,8469.0,152.9,-152.9,2.51,0.09,-0.09,5588.85,,,2408.0,,,FALSE POSITIVE
11.4045112,0.0001119,-0.0001119,4.0961,0.283673,-0.283673,760.0,1.59311,-1.59311,6334.6,131.1,-131.1,1.47,0.07,-0.07,161.074,,,992.0,,,CANDIDATE
3.9919157,1.74e-05,-1.74e-05,2.45988,0.161592,-0.161592,535.0,32.026,-32.026,5645.0,132.0,-132.0,1.14,0.06,-0.06,424.412,,,1264.0,,,CANDIDATE
9.4453763,3.45e-05,-3.45e-05,1.77547,0.142329,-0.142329,863.0,49.96,-49.96,4853.0,124.4,-124.4,0.66,0.05,-0.05,33.3967,,,669.0,,,CANDIDATE
3.1660849,7.62e-05,-7.62e-05,10.333405,0.1622326,-0.1622326,5175.0320686,78.0552,-78.0552,6225.0,,,1.3377,,,916.3847298,,,1403.2634402,,,CANDIDATE
5.5765364,6.8e-06,-6.8e-06,4.5613031,0.2446758,-0.2446758,642.4206976,24.217138,-24.217138,6002.18,42.1958,-42.1958,1.52031,0.063402,-0.063402,661.1949258,,,1293.3084871,,,CANDIDATE
8.4035706,5.36e-05,-5.36e-05,2.0563,0.126659,-0.126659,490.0,25.6192,-25.6192,5910.0,120.9,-120.9,1.05,0.05,-0.05,218.228,,,1070.0,,,CANDIDATE
5.5553784,3.48e-05,-3.48e-05,13.2411,0.842573,-0.842573,1050.0,2.45627,-2.45627,8058.0,137.3,-137.3,3.79,0.15,-0.15,564.535,,,1357.0,,,FALSE POSITIVE
3.0750728,3.3e-05,-3.3e-05,3.62818,0.274993,-0.274993,510.0,1.893,-1.893,6888.0,131.8,-131.8,1.52,0.06,-0.06,948.001,,,1545.0,,,FALSE POSITIVE
4.5654898,1.76e-05,-1.76e-05,14.6507235,0.8177686,-0.8177686,8572.2024128,546.64984,-546.64984,9162.0,197.4,-197.4,1.39742,0.052098,-0.052098,2421.8674124,,,1789.4071434,,,CANDIDATE
5.479335,0.0001774,-0.0001774,15.1849562,0.6759685,-0.6759685,9196.3437964,124.627014,-124.627014,6332.7,327.3,-327.3,1.5307699,0.0653969,-0.0653969,915.6728921,,,1402.9908508,,,CANDIDATE
3.4044402,1.75e-05,-1.75e-05,15.4118,,,7190.0,13.942,-13.942,6097.0,122.0,-122.0,1.75,,,278.231,,,1137.0,,,CANDIDATE
3.059168,3.02e-05,-3.02e-05,13.504,,,7610.0,1309.54,-1309.54,5657.0,122.0,-122.0,1.08,,,6509.45,,,2502.0,,,FALSE POSITIVE
6.2804387,1.8e-05,-1.8e-05,9.96788,0.521819,-0.521819,10240.0,5.53133,-5.53133,5900.0,127.9,-127.9,0.98,0.04,-0.04,218.419,,,1071.0,,,CANDIDATE
4.0397189,3.1e-06,-3.1e-06,14.2282,0.634353,-0.634353,15110.0,0.895903,-0.895903,5758.5,127.9,-127.9,1.14,0.05,-0.05,876.846,,,1515.0,,,CONFIRMED
56.0045056,0.0002073,-0.0002073,4.6074444,0.2203692,-0.2203692,767.9192527,17.171547,-17.171547,6321.0,196.0,-196.0,1.41189,0.0640704,-0.0640704,29.9535327,,,596.6666471,,,CONFIRMED
84.2607645,0.0008756,-0.0008756,3.4359102,0.2032539,-0.2032539,440.1660616,21.959137,-21.959137,6321.0,196.0,-196.0,1.41189,0.0640704,-0.0640704,17.3744666,,,520.7120401,,,CONFIRMED
22.8909855,0.000134,-0.000134,2.5594629,0.344795,-0.344795,253.4100012,18.218567,-18.218567,6321.0,196.0,-196.0,1.41189,0.0640704,-0.0640704,98.7475477,,,803.9912632,,,CONFIRMED
13.3454771,0.0007368,-0.0007368,12.027246,0.296007,-0.296007,24630.385709,626.79913,-626.79913,5448.0,122.0,-122.0,0.720183,,,34.90087,,,619.9102437,,,CANDIDATE
0.2856701,6e-07,-6e-07,13.6948,1.80003,-1.80003,1990.0,53.7931,-53.7931,5606.0,128.2,-128.2,2.04,0.11,-0.11,1011.6,,,1571.0,,,CANDIDATE
2.8798613,2.11e-05,-2.11e-05,11.5292,0.719105,-0.719105,4820.0,6.15517,-6.15517,6086.0,147.1,-147.1,1.69,0.08,-0.08,2026.22,,,1869.0,,,CANDIDATE
2.2087864,3.58e-05,-3.58e-05,13.7924,,,4710.0,1955.74,-1955.74,5827.0,122.0,-122.0,1.3,,,11768.7,,,2901.0,,,CANDIDATE
5.9492615,3.5e-05,-3.5e-05,11.6197,,,7490.0,4.91296,-4.91296,6041.0,122.0,-122.0,1.36,,,452.584,,,1284.0,,,CANDIDATE
5.3393042,1.38e-05,-1.38e-05,7.70059,0.475754,-0.475754,2610.0,1.23228,-1.23228,5857.2,181.2,-181.2,1.49,0.09,-0.09,280.204,,,1139.0,,,CANDIDATE
4.6141256,1.78e-05,-1.78e-05,10.7957,0.702862,-0.702862,4920.0,9.85912,-9.85912,6888.0,135.2,-135.2,1.33,0.07,-0.07,167.033,,,1001.0,,,FALSE POSITIVE
1.1468708,0.0001179,-0.0001179,11.7343018,0.7581705,-0.7581705,2762.6275979,157.18568,-157.18568,6755.0,146.3,-146.3,1.99145,0.0893543,-0.0893543,12604.1379184,,,2702.390069,,,FALSE POSITIVE
17.6174652,3.26e-05,-3.26e-05,2.01411,0.127186,-0.127186,722.0,22.0389,-22.0389,5250.0,183.0,-183.0,0.81,0.05,-0.05,23.0207,,,610.0,,,CANDIDATE
2.6926692,1.03e-05,-1.03e-05,13.9087,0.925572,-0.925572,4150.0,2.26816,-2.26816,9669.0,213.4,-213.4,2.11,0.13,-0.13,7635.55,,,2604.0,,,CANDIDATE
2.6889686,9.6e-06,-9.6e-06,13.0858,0.669334,-0.669334,10930.0,5.84754,-5.84754,6685.0,136.3,-136.3,1.25,0.06,-0.06,1246.08,,,1655.0,,,CANDIDATE
1.8947564,0.0003977,-0.0003977,6.7240044,1.2643977,-1.2643977,4246.8573903,332.10052,-332.10052,,,,1.0,,,1112.4611509,,,1472.9600331,,,CANDIDATE
4.6391531,7.3e-06,-7.3e-06,13.8244,0.683011,-0.683011,14100.0,3.10085,-3.10085,5928.2,149.0,-149.0,1.15,0.05,-0.05,411.734,,,1254.0,,,CANDIDATE
2.9646096,2.7e-06,-2.7e-06,15.291,,,27860.0,3.79356,-3.79356,5306.0,124.0,-124.0,0.88,,,241.662,,,1098.0,,,FALSE POSITIVE
3.2379325,5.9e-06,-5.9e-06,11.1634,0.556533,-0.556533,8340.0,3.51279,-3.51279,6434.3,88.9,-88.9,1.19,0.05,-0.05,1164.58,,,1627.0,,,CANDIDATE
5.4521068,3.42e-05,-3.42e-05,15.3694,0.977517,-0.977517,8170.0,10.5157,-10.5157,5878.0,175.0,-175.0,1.64,0.08,-0.08,1153.14,,,1623.0,,,FALSE POSITIVE
0.879268,3.4e-06,-3.4e-06,11.9007,0.795968,-0.795968,4550.0,9.8167,-9.8167,6259.0,131.2,-131.2,1.7,0.08,-0.08,3494.7,,,2142.0,,,FALSE POSITIVE
1.3090665,3.6e-06,-3.6e-06,0.97952,0.0901436,-0.0901436,209.0,14.376,-14.376,4779.8,128.6,-128.6,0.78,0.06,-0.06,2194.21,,,1906.0,,,FALSE POSITIVE
1.532427,1.4e-06,-1.4e-06,19.4762,1.02313,-1.02313,29020.0,4.05964,-4.05964,5957.0,134.1,-134.1,1.11,0.06,-0.06,1580.66,,,1756.0,,,CANDIDATE
2.1663502,1.19e-05,-1.19e-05,14.4558,0.696734,-0.696734,5930.0,3.80898,-3.80898,9394.0,196.8,-196.8,1.92,0.07,-0.07,19658.8,,,3298.0,,,CANDIDATE
3.5514016,8.7e-06,-8.7e-06,11.8731,0.700469,-0.700469,8480.0,7.11662,-7.11662,6019.0,143.3,-143.3,1.26,0.06,-0.06,342.119,,,1198.0,,,CONFIRMED
1.8882882,3.5e-06,-3.5e-06,17.6221,,,18080.0,4.31278,-4.31278,6436.0,122.0,-122.0,1.27,,,2054.63,,,1875.0,,,CANDIDATE
3.5524144,1.01e-05,-1.01e-05,8.52936,0.641771,-0.641771,2060.0,0.747837,-0.747837,6843.0,152.0,-152.0,1.82,0.13,-0.13,1015.53,,,1572.0,,,CONFIRMED
3.145502,2.23e-05,-2.23e-05,20.1993,,,6190.0,22.3524,-22.3524,6397.0,122.0,-122.0,2.29,,,707.742,,,1436.0,,,FALSE POSITIVE
2.6792695,1.47e-05,-1.47e-05,13.9979,,,10530.0,10.4439,-10.4439,6718.0,122.0,-122.0,1.34,,,1189.32,,,1636.0,,,CANDIDATE
2.648845,2.1e-06,-2.1e-06,11.66,0.697666,-0.697666,16770.0,7.10379,-7.10379,5329.0,125.5,-125.5,0.87,0.05,-0.05,338.268,,,1194.0,,,CANDIDATE
2.9510628,1.89e-05,-1.89e-05,13.623,,,9480.0,7.09453,-7.09453,6370.0,122.0,-122.0,1.39,,,1384.06,,,1699.0,,,CANDIDATE
32.332528,0.006676,-0.006676,3.028709,1.59527,-1.59527,2425.505189,288.4887,-288.4887,3891.0,169.0,-169.0,0.615038,0.073716,-0.073716,2.7564164,,,328.6290521,,,CANDIDATE
6.6329154,9.6e-06,-9.6e-06,7.47324,1.13326,-1.13326,3190.0,100.408,-100.408,4608.0,86.6,-86.6,0.88,0.07,-0.07,6.26353,,,440.0,,,CANDIDATE
4.8257226,2.17e-05,-2.17e-05,14.7924,,,7650.0,2.91448,-2.91448,7141.0,122.0,-122.0,1.66,,,1225.98,,,1648.0,,,CANDIDATE
0.400777,1.6e-06,-1.6e-06,10.0625,,,2000.0,14.3267,-14.3267,5635.0,122.0,-122.0,2.07,,,3988.82,,,2214.0,,,CANDIDATE
3.2923881,5.1e-06,-5.1e-06,21.0823,,,26840.0,33.339,-33.339,6300.0,122.0,-122.0,1.24,,,211.311,,,1062.0,,,CANDIDATE
0.9008643,4.6e-06,-4.6e-06,13.1071,1.35697,-1.35697,2530.0,6.49645,-6.49645,9267.0,180.1,-180.1,2.46,0.22,-0.22,13721.4,,,3015.0,,,CANDIDATE
3.4906402,1.51e-05,-1.51e-05,8.78597,0.55583,-0.55583,4580.0,7.9927,-7.9927,6066.0,126.5,-126.5,1.18,0.06,-0.06,202.549,,,1050.0,,,FALSE POSITIVE
0.599092,4e-06,-4e-06,11.5931,,,1290.0,6.58065,-6.58065,5220.0,122.0,-122.0,3.19,,,2400.89,,,1950.0,,,FALSE POSITIVE
3.9589903,6.1e-06,-6.1e-06,20.2505,0.960825,-0.960825,13190.0,1.9361,-1.9361,6551.0,133.0,-133.0,1.73,0.08,-0.08,852.08,,,1505.0,,,CANDIDATE
4.5117221,5.9e-06,-5.9e-06,1.40246,0.0932244,-0.0932244,313.0,15.4327,-15.4327,5245.0,183.0,-183.0,0.79,0.05,-0.05,86.7681,,,850.0,,,CONFIRMED
39.361947,0.0001444,-0.0001444,1.84555,0.14205,-0.14205,552.0,43.7879,-43.7879,5245.0,183.0,-183.0,0.79,0.05,-0.05,22.4437,,,606.0,,,CONFIRMED
6.6269971,0.0024052,-0.0024052,11.1341925,1.0524266,-1.0524266,5104.9588771,399.7815,-399.7815,5940.0,122.0,-122.0,1.48946,,,492.5315328,,,1201.5124066,,,CANDIDATE
11.4874782,3.19e-05,-3.19e-05,15.5181,,,16360.0,8.40338,-8.40338,5958.0,122.0,-122.0,1.22,,,94.4317,,,868.0,,,CANDIDATE
1.1894812,7.2e-06,-7.2e-06,9.44872,0.617205,-0.617205,4130.0,6.42059,-6.42059,6550.0,131.3,-131.3,1.5,0.07,-0.07,9015.13,,,2714.0,,,FALSE POSITIVE
0.451685,1.1e-06,-1.1e-06,9.82852,4.41347,-4.41347,1660.0,1322.14,-1322.14,6353.0,133.6,-133.6,1.1,0.05,-0.05,1563.98,,,1751.0,,,CANDIDATE
1.5728416,2.5e-06,-2.5e-06,12.7462,,,21020.0,11.877,-11.877,5288.0,122.0,-122.0,0.87,,,687.916,,,1426.0,,,CANDIDATE
5.6392638,2.79e-05,-2.79e-05,14.2003,,,7320.0,4.17687,-4.17687,5904.0,122.0,-122.0,1.65,,,486.031,,,1308.0,,,CANDIDATE
9.3803217,5.16e-05,-5.16e-05,12.1477,0.798237,-0.798237,8600.0,13.9675,-13.9675,5817.0,137.5,-137.5,1.27,0.06,-0.06,246.563,,,1103.0,,,CANDIDATE
3.7815683,3.1e-06,-3.1e-06,17.6651495,2.395861,-2.395861,15002.1659627,503.5232,-503.5232,5807.0,121.5,-121.5,1.17009,0.0698894,-0.0698894,601.5371996,,,1263.093127,,,CANDIDATE
5.7655904,1.05e-05,-1.05e-05,19.7343,2.53078,-2.53078,7910.0,17.1647,-17.1647,5409.0,339.9,-339.9,2.0,0.24,-0.24,80.5444,,,834.0,,,CANDIDATE
0.4057204,2.3e-06,-2.3e-06,6.83767,,,2620.0,6.45081,-6.45081,6541.0,122.0,-122.0,1.32,,,11661.9,,,2895.0,,,FALSE POSITIVE
5.2201338,2.86e-05,-2.86e-05,14.7463,0.763,-0.763,6040.0,6.20624,-6.20624,11632.0,397.3,-397.3,1.95,0.07,-0.07,2982.23,,,2058.0,,,FALSE POSITIVE
3.3004862,1.65e-05,-1.65e-05,8.5365984,2.9922256,-2.9922256,2403.5706041,197.4491,-197.4491,6408.0,95.4,-95.4,1.30784,0.055402,-0.055402,1351.1962911,,,1546.3199559,,,FALSE POSITIVE
3.4142143,2.9e-05,-2.9e-05,15.9231,1.76604,-1.76604,3400.0,5.00577,-5.00577,8573.0,166.5,-166.5,2.72,0.28,-0.28,5796.83,,,2430.0,,,CANDIDATE
6.2996307,8.6e-06,-8.6e-06,9.36407,0.582738,-0.582738,9530.0,3.40232,-3.40232,5137.0,125.6,-125.6,0.92,0.05,-0.05,42.1658,,,709.0,,,CANDIDATE
3.4074188,7.6e-06,-7.6e-06,17.1042,,,18130.0,5.548,-5.548,6237.0,122.0,-122.0,1.24,,,736.646,,,1451.0,,,CANDIDATE
2.0849517,2.25e-05,-2.25e-05,4.65169,0.431209,-0.431209,2380.0,10.5605,-10.5605,6163.0,123.1,-123.1,0.94,0.05,-0.05,2731.54,,,2014.0,,,FALSE POSITIVE
2.3252878,0.000239,-0.000239,12.8754,1.32894,-1.32894,29370.954615,1391.3828,-1391.3828,5744.0,273.3,-273.3,1.1,0.11,-0.11,846.6821648,,,1375.7827266,,,FALSE POSITIVE
711.7473963,0.0038917,-0.0038917,9.065007,0.4783199,-0.4783199,1566.1541118,52.20879,-52.20879,6530.0,126.1,-126.1,2.02087,0.0946229,-0.0946229,2.2397282,,,312.0100486,,,CANDIDATE
4.7799716,3.81e-05,-3.81e-05,13.1891,,,5250.0,10.1806,-10.1806,6605.0,122.0,-122.0,1.79,,,1774.48,,,1808.0,,,CANDIDATE
2.9301843,1.64e-05,-1.64e-05,13.1989,,,6280.0,3.93067,-3.93067,6032.0,122.0,-122.0,1.65,,,1800.37,,,1814.0,,,CANDIDATE
2.0083269,4.84e-05,-4.84e-05,4.99539,,,1680.0,5.36292,-5.36292,6656.0,122.0,-122.0,1.28,,,7012.5,,,2549.0,,,CANDIDATE
2.935886,2.95e-05,-2.95e-05,14.3093,,,5900.0,43.4254,-43.4254,5896.0,122.0,-122.0,1.77,,,1215.74,,,1645.0,,,CANDIDATE
6.3350651,3.15e-05,-3.15e-05,15.3432,1.11963,-1.11963,4160.0,9.53769,-9.53769,9608.0,286.3,-286.3,2.28,0.12,-0.12,1093.74,,,1602.0,,,CANDIDATE
1.6020002,1.3e-06,-1.3e-06,18.6498,0.936438,-0.936438,21520.0,1.78771,-1.78771,6141.0,168.1,-168.1,1.22,0.06,-0.06,2118.49,,,1890.0,,,CANDIDATE
4.9182798,0.0002914,-0.0002914,17.0084738,0.3699572,-0.3699572,20620.2444335,532.02606,-532.02606,7185.0,122.0,-122.0,1.1499,,,716.6837953,,,1319.6283765,,,CANDIDATE
3.1958886,4.7e-06,-4.7e-06,16.4567,1.94841,-1.94841,10760.0,22.77,-22.77,6496.3,369.0,-369.0,1.39,0.15,-0.15,495.822,,,1314.0,,,CANDIDATE
17.3076615,3.05e-05,-3.05e-05,17.4207,1.54523,-1.54523,8880.0,1.13094,-1.13094,6693.0,139.8,-139.8,1.81,0.16,-0.16,96.7375,,,873.0,,,CANDIDATE
14.9502738,9.06e-05,-9.06e-05,15.1651,,,8070.0,3323.72,-3323.72,5068.0,122.0,-122.0,0.79,,,135.41,,,950.0,,,CANDIDATE
10.3629429,6.74e-05,-6.74e-05,7.36873,,,5880.0,9.42528,-9.42528,5467.0,122.0,-122.0,0.96,,,66.9029,,,796.0,,,CANDIDATE
7.4190257,2.22e-05,-2.22e-05,11.48,,,11610.0,5.08054,-5.08054,6004.0,122.0,-122.0,1.02,,,87.5704,,,852.0,,,CANDIDATE
8.7858955,0.0001161,-0.0001161,10.3307,,,3910.0,5.02354,-5.02354,6749.0,122.0,-122.0,1.63,,,656.013,,,1409.0,,,CANDIDATE
1.3475728,5.6e-06,-5.6e-06,18.0939,,,2570.0,8.35241,-8.35241,5434.0,122.0,-122.0,3.36,,,1178.75,,,1632.0,,,CANDIDATE
12.0040505,5.05e-05,-5.05e-05,7.9538,,,6890.0,3.49348,-3.49348,5777.0,122.0,-122.0,0.98,,,77.3733,,,826.0,,,CANDIDATE
3.6128161,1.36e-05,-1.36e-05,17.5748151,0.5870478,-0.5870478,9701.7379772,435.3247,-435.3247,7186.0,122.0,-122.0,1.71382,,,2403.2370301,,,1785.7427737,,,CANDIDATE
4.0874138,7.7e-06,-7.7e-06,17.2785,,,7470.0,11.0945,-11.0945,5881.0,122.0,-122.0,1.83,,,334.64,,,1191.0,,,CANDIDATE
21.05271,8e-05,-8e-05,36.6999,8.26001,-8.26001,21440.0,1781.32,-1781.32,5736.0,134.5,-134.5,1.73,0.09,-0.09,80.9224,,,835.0,,,FALSE POSITIVE
4.6086828,1e-05,-1e-05,20.3715,0.858242,-0.858242,13990.0,3.28565,-3.28565,8097.0,145.3,-145.3,1.72,0.07,-0.07,2197.47,,,1907.0,,,CANDIDATE
2.9918201,1.3e-05,-1.3e-05,5.2899,0.357764,-0.357764,3410.0,4.05169,-4.05169,5301.0,126.4,-126.4,0.89,0.05,-0.05,317.354,,,1175.0,,,FALSE POSITIVE
3.5947639,2.01e-05,-2.01e-05,5.10241,0.341297,-0.341297,3070.0,4.91927,-4.91927,5594.0,127.9,-127.9,0.93,0.05,-0.05,176.712,,,1015.0,,,CANDIDATE
7.5010022,9.29e-05,-9.29e-05,7.05091,0.608834,-0.608834,2550.0,12.0342,-12.0342,5673.0,125.5,-125.5,1.31,0.06,-0.06,534.505,,,1339.0,,,CANDIDATE
3.7062792,8.9e-06,-8.9e-06,13.4147,0.596572,-0.596572,13910.0,2.87436,-2.87436,6524.0,121.0,-121.0,1.09,0.05,-0.05,714.906,,,1440.0,,,CANDIDATE
5.4631023,4.47e-05,-4.47e-05,5.85793,0.346715,-0.346715,3070.0,4.40887,-4.40887,6788.0,138.7,-138.7,1.06,0.04,-0.04,874.545,,,1515.0,,,CANDIDATE
3.0688259,1.35e-05,-1.35e-05,9.43298,0.576381,-0.576381,3010.0,1.10582,-1.10582,7776.7,228.1,-228.1,1.64,0.09,-0.09,4260.44,,,2250.0,,,CANDIDATE
12.08837,6e-05,-6e-05,18.1866,6.07947,-6.07947,5990.0,1664.13,-1664.13,5920.0,125.6,-125.6,1.34,0.07,-0.07,200.957,,,1048.0,,,FALSE POSITIVE
1.7701321,4.96e-05,-4.96e-05,10.9547,1.01385,-1.01385,49803.4082445,1304.2474,-1304.2474,4430.1,200.9,-200.9,0.77,0.07,-0.07,170.615878,,,921.774333,,,CANDIDATE
8.7614828,2.15e-05,-2.15e-05,11.807,0.619521,-0.619521,4200.0,2.90081,-2.90081,6614.0,132.5,-132.5,1.83,0.08,-0.08,192.233,,,1037.0,,,CANDIDATE
7.0317936,1.71e-05,-1.71e-05,10.9551,,,19070.0,8.41597,-8.41597,4269.0,122.0,-122.0,0.78,,,33.675,,,671.0,,,CANDIDATE
3.0515894,0.0003149,-0.0003149,15.5322188,0.9904764,-0.9904764,5835.5643672,314.8244,-314.8244,7902.0,122.0,-122.0,1.94295,,,5083.0675851,,,2153.5314602,,,CANDIDATE
3.9216762,6.4e-06,-6.4e-06,13.1754,,,17400.0,6.89699,-6.89699,6706.0,123.0,-123.0,0.96,,,325.02,,,1182.0,,,CANDIDATE
9.5680636,6.32e-05,-6.32e-05,9.53977,,,9400.0,10.078,-10.078,6511.0,122.0,-122.0,0.99,,,195.344,,,1041.0,,,CANDIDATE
4.6957057,9.7e-06,-9.7e-06,10.543,0.609663,-0.609663,13800.0,6.06038,-6.06038,5475.0,128.0,-128.0,0.89,0.05,-0.05,165.667,,,999.0,,,CANDIDATE
10.3688702,1.69e-05,-1.69e-05,9.6582457,0.9726675,-0.9726675,15543.5949112,562.858,-562.858,4463.0,122.0,-122.0,0.789514,,,32.4178069,,,608.5771715,,,CANDIDATE
3.2003149,4.1e-06,-4.1e-06,18.204,1.10709,-1.10709,16320.0,3.40467,-3.40467,6060.0,129.8,-129.8,1.4,0.08,-0.08,626.171,,,1393.0,,,CANDIDATE
3.0044799,5.6e-06,-5.6e-06,13.4546,0.635962,-0.635962,11000.0,2.11167,-2.11167,6302.0,128.3,-128.3,1.25,0.06,-0.06,1078.67,,,1596.0,,,CANDIDATE
1.3605223,4e-06,-4e-06,5.14347,0.48199,-0.48199,1440.0,10.4593,-10.4593,5924.0,131.2,-131.2,1.15,0.06,-0.06,333.693,,,1190.0,,,CANDIDATE
4.3226285,1.02e-05,-1.02e-05,12.2227,0.618805,-0.618805,9090.0,2.01235,-2.01235,6153.0,136.1,-136.1,1.25,0.06,-0.06,401.143,,,1246.0,,,CANDIDATE
7.3498345,0.0003753,-0.0003753,10.9465595,0.6200007,-0.6200007,5726.6329422,236.75359,-236.75359,6571.0,133.3,-133.3,1.34715,0.0596583,-0.0596583,450.7038757,,,1175.1480188,,,CANDIDATE
1.5720089,4.7e-06,-4.7e-06,8.25698,0.514993,-0.514993,2730.0,4.01688,-4.01688,7164.0,137.5,-137.5,1.51,0.07,-0.07,1224.0,,,1647.0,,,CANDIDATE
2.4249041,1.87e-05,-1.87e-05,13.9253,,,5630.0,3.93217,-3.93217,6632.0,122.0,-122.0,1.92,,,3929.91,,,2205.0,,,CANDIDATE
1.3868302,3.1e-06,-3.1e-06,14.7174,,,14190.0,6.45769,-6.45769,7019.0,122.0,-122.0,1.22,,,4386.75,,,2267.0,,,CANDIDATE
2.8457134,2.32e-05,-2.32e-05,10.8106,0.65423,-0.65423,7050.0,10.645,-10.645,6910.0,135.3,-135.3,1.3,0.06,-0.06,1849.83,,,1827.0,,,CANDIDATE
2.0391352,1.09e-05,-1.09e-05,11.8618,,,19130.0,24.7973,-24.7973,5773.0,122.0,-122.0,0.89,,,693.385,,,1429.0,,,CANDIDATE
7.2041454,4.54e-05,-4.54e-05,10.8839,0.713033,-0.713033,1970.0,4.42511,-4.42511,7176.0,143.4,-143.4,2.34,0.1,-0.1,735.576,,,1450.0,,,CANDIDATE
8.6681997,7.98e-05,-7.98e-05,11.0832,0.710674,-0.710674,3880.0,5.45793,-5.45793,6133.0,135.2,-135.2,1.77,0.09,-0.09,492.998,,,1312.0,,,CANDIDATE
3.2569118,1.12e-05,-1.12e-05,15.9704,0.733603,-0.733603,5960.0,2.62798,-2.62798,7320.0,135.1,-135.1,2.1,0.08,-0.08,2431.32,,,1956.0,,,CANDIDATE
1.6363822,0.000412,-0.000412,10.6745489,4.354529,-4.354529,2383.8690387,310.72556,-310.72556,6361.0,137.0,-137.0,1.6787,0.0733066,-0.0733066,4767.1868729,,,2119.2651364,,,FALSE POSITIVE
1.1239749,6.2e-06,-6.2e-06,5.17993,0.436021,-0.436021,2190.0,12.3574,-12.3574,6220.0,130.8,-130.8,0.95,0.04,-0.04,910.705,,,1530.0,,,CANDIDATE
5.5698287,2.33e-05,-2.33e-05,13.1629,,,11620.0,11.7421,-11.7421,5751.6,84.7,-84.7,1.22,,,113.909,,,910.0,,,CANDIDATE
1.3328042,1e-05,-1e-05,7.33432,0.496805,-0.496805,1960.0,2.6188,-2.6188,6561.0,135.8,-135.8,1.67,0.09,-0.09,5718.54,,,2422.0,,,FALSE POSITIVE
2.0139493,1.42e-05,-1.42e-05,23.9926,,,5820.0,2695.87,-2695.87,6074.0,122.0,-122.0,1.56,,,2165.86,,,1900.0,,,CANDIDATE
4.942456,4.6e-06,-4.6e-06,12.1509,0.676713,-0.676713,16530.0,3.49659,-3.49659,5516.0,123.4,-123.4,0.92,0.05,-0.05,139.422,,,957.0,,,CANDIDATE
4.8306667,1.41e-05,-1.41e-05,14.4419,0.830412,-0.830412,9790.0,3.20212,-3.20212,6567.0,131.4,-131.4,1.44,0.08,-0.08,889.049,,,1521.0,,,CANDIDATE
7.327945,5.6e-06,-5.6e-06,9.49027,0.754797,-0.754797,13710.0,2.23389,-2.23389,4521.0,122.6,-122.6,0.79,0.06,-0.06,39.3409,,,697.0,,,CONFIRMED
3.525723,2.05e-05,-2.05e-05,12.6783,0.756149,-0.756149,4730.0,4.70306,-4.70306,6442.0,131.4,-131.4,1.85,0.09,-0.09,1943.53,,,1849.0,,,CANDIDATE
0.7123317,2.1e-06,-2.1e-06,13.7901,,,13070.0,916.542,-916.542,4728.0,123.0,-123.0,0.98,,,456.304,,,1287.0,,,CANDIDATE
7.7925448,0.0001543,-0.0001543,25.4471346,12.128732,-12.128732,16339.5347863,711.4892,-711.4892,6307.0,122.0,-122.0,1.44678,,,434.0222975,,,1164.120025,,,CANDIDATE
3.2006677,1.41e-05,-1.41e-05,15.3648,0.707735,-0.707735,5500.0,2.33647,-2.33647,7438.0,144.7,-144.7,2.09,0.08,-0.08,3373.51,,,2123.0,,,CANDIDATE
4.9186433,3.2e-06,-3.2e-06,10.544,0.896578,-0.896578,19840.0,3.29516,-3.29516,4394.0,124.2,-124.2,0.72,0.06,-0.06,29.4413,,,648.0,,,CANDIDATE
2.7557652,5.7e-06,-5.7e-06,14.7906,1.47778,-1.47778,14830.0,8.74131,-8.74131,,,,1.18,0.11,-0.11,420.126,,,1261.0,,,CANDIDATE
2.8652288,4.7e-06,-4.7e-06,13.2096,,,14320.0,5.23208,-5.23208,5945.0,122.0,-122.0,1.06,,,291.711,,,1151.0,,,CANDIDATE
3.3969441,2.4e-06,-2.4e-06,14.4039682,0.7792593,-0.7792593,10192.131158,176.22229,-176.22229,5864.0,119.7,-119.7,1.27071,0.0667387,-0.0667387,840.3890897,,,1373.2191493,,,CONFIRMED
3.2690486,6.1e-06,-6.1e-06,12.349,0.602598,-0.602598,6060.0,0.987887,-0.987887,6368.0,133.1,-133.1,1.55,0.07,-0.07,1303.81,,,1674.0,,,CANDIDATE
10.7844934,1.74e-05,-1.74e-05,6.26037,0.241956,-0.241956,13750.0,7.60785,-7.60785,3558.0,157.0,-157.0,0.51,0.02,-0.02,3.24982,,,374.0,,,CANDIDATE
0.5542332,1.7e-06,-1.7e-06,16.3177,,,4400.0,7.00011,-7.00011,7366.0,122.0,-122.0,2.43,,,13101.0,,,2980.0,,,CANDIDATE
4.127728,5e-06,-5e-06,11.0098,0.577559,-0.577559,14790.0,5.65666,-5.65666,5820.0,129.1,-129.1,0.9,0.04,-0.04,81.2443,,,836.0,,,CANDIDATE
1.5314941,8.12e-05,-8.12e-05,24.932622,15.25806,-15.25806,19629.0085308,918.6658,-918.6658,6650.0,122.0,-122.0,1.27101,,,3341.5174815,,,1939.1244573,,,CANDIDATE
1.9905105,5.1e-06,-5.1e-06,5.94241,0.591461,-0.591461,2270.0,20.5618,-20.5618,6211.0,130.4,-130.4,1.07,0.05,-0.05,8376.54,,,2665.0,,,FALSE POSITIVE
25.2580075,9.6e-05,-9.6e-05,8.7026468,1.1970915,-1.1970915,8447.1702956,465.7662,-465.7662,5290.0,122.0,-122.0,0.946086,,,23.5354459,,,561.7594116,,,CANDIDATE
2.0916623,1.4e-05,-1.4e-05,22.2405,,,5500.0,630.646,-630.646,6600.0,122.0,-122.0,2.36,,,10586.0,,,2825.0,,,CANDIDATE
4.6259138,7.8e-06,-7.8e-06,14.9419,0.730326,-0.730326,10220.0,2.24887,-2.24887,7388.0,141.8,-141.8,1.44,0.07,-0.07,719.837,,,1443.0,,,CANDIDATE
4.0211797,1.83e-05,-1.83e-05,16.4291,0.764497,-0.764497,3500.0,2.25891,-2.25891,4881.0,90.5,-90.5,2.79,0.1,-0.1,409.938,,,1253.0,,,CANDIDATE
4.4433921,2.37e-05,-2.37e-05,12.1784,1.48421,-1.48421,6480.0,109.816,-109.816,7664.0,143.6,-143.6,1.23,0.04,-0.04,4015.1,,,2217.0,,,FALSE POSITIVE
3.8331282,8.8e-06,-8.8e-06,12.9506,0.479444,-0.479444,10410.0,3.07268,-3.07268,8408.0,163.9,-163.9,1.24,0.04,-0.04,1782.41,,,1810.0,,,CANDIDATE
4.2672965,1.05e-05,-1.05e-05,18.7854,1.09746,-1.09746,9340.0,10.186,-10.186,6548.0,127.2,-127.2,1.79,0.09,-0.09,1427.16,,,1712.0,,,CANDIDATE
1.5252473,1.03e-05,-1.03e-05,9.59771,0.753452,-0.753452,1730.0,3.7708,-3.7708,5698.0,131.9,-131.9,2.44,0.14,-0.14,1941.1,,,1849.0,,,CANDIDATE
3.2517862,8e-06,-8e-06,13.6873,,,18310.0,8.23287,-8.23287,5824.0,122.0,-122.0,0.92,,,2483.34,,,1966.0,,,FALSE POSITIVE
1.8237148,8e-07,-8e-07,12.3326,0.963108,-0.963108,22920.0,2.67419,-2.67419,4581.0,128.1,-128.1,0.78,0.06,-0.06,131.939,,,944.0,,,CANDIDATE
5.6748327,1.31e-05,-1.31e-05,11.6571011,1.0076658,-1.0076658,8390.2038219,840.10913,-840.10913,4871.0,122.0,-122.0,1.09429,,,182.1020435,,,936.9112513,,,CANDIDATE
4.8405428,2.91e-05,-2.91e-05,8.96118,,,7030.0,11.4807,-11.4807,5875.0,122.0,-122.0,1.08,,,159.338,,,989.0,,,CANDIDATE
2.8371201,0.000629,-0.000629,13.1836,,,11560.0,10.2969,-10.2969,5301.0,124.0,-124.0,1.2,,,271.99,,,1131.0,,,CANDIDATE
0.689421,0.0001702,-0.0001702,16.3132,,,3580.0,16.7824,-16.7824,5270.0,122.0,-122.0,2.6,,,1853.96,,,1828.0,,,CANDIDATE
0.426988,3e-07,-3e-07,11.5872,,,7230.0,19.3335,-19.3335,5333.5,100.6,-100.6,0.96,,,490.784,,,1311.0,,,CANDIDATE
3.4859402,9.3e-06,-9.3e-06,14.101,,,11410.0,69.8695,-69.8695,5941.0,122.0,-122.0,1.18,,,278.288,,,1137.0,,,CANDIDATE
2.3505698,2.7e-06,-2.7e-06,12.9823,1.39342,-1.39342,11210.0,1.73464,-1.73464,5356.0,293.1,-293.1,1.22,0.13,-0.13,703.632,,,1434.0,,,CONFIRMED
4.3497551,2.83e-05,-2.83e-05,7.82395,0.492717,-0.492717,1710.0,1.93294,-1.93294,5667.3,224.6,-224.6,1.88,0.1,-0.1,607.963,,,1383.0,,,CANDIDATE
3.5910692,5.4e-06,-5.4e-06,18.7998,,,29100.0,12.7087,-12.7087,5736.0,124.0,-124.0,1.09,,,383.951,,,1233.0,,,CANDIDATE
3.6015056,6.2e-06,-6.2e-06,12.3972,0.59888,-0.59888,13630.0,3.15153,-3.15153,6055.0,134.4,-134.4,1.03,0.05,-0.05,556.616,,,1353.0,,,CONFIRMED
4.8701613,1.8e-05,-1.8e-05,6.13443,,,12330.0,10.0786,-10.0786,5268.0,125.0,-125.0,0.55,,,137.254,,,953.0,,,CANDIDATE
3.4287311,0.0002998,-0.0002998,16.9576,,,34250.0,16.2322,-16.2322,5231.0,124.0,-124.0,0.91,,,180.283,,,1020.0,,,CANDIDATE
3.8996784,0.001763,-0.001763,12.1415,0.868678,-0.868678,3420.0,6.34411,-6.34411,6382.0,128.6,-128.6,2.01,0.11,-0.11,1690.71,,,1786.0,,,CANDIDATE
3.2783445,1.51e-05,-1.51e-05,8.32327,0.585173,-0.585173,3140.0,2.11311,-2.11311,5940.7,115.2,-115.2,1.49,0.1,-0.1,1102.7,,,1605.0,,,CANDIDATE
1.6709011,0.0001722,-0.0001722,5.3730452,0.4731371,-0.4731371,1210.5574745,141.96889,-141.96889,7051.0,133.5,-133.5,1.2684,0.0507437,-0.0507437,3484.153938,,,1959.4946555,,,FALSE POSITIVE
1.8865581,7.8e-06,-7.8e-06,7.71451,,,3150.0,6.70357,-6.70357,5564.2,,,1.36,,,646.542,,,,,,CANDIDATE
3.1228396,2.4e-06,-2.4e-06,13.4539,1.19502,-1.19502,28060.0,3.30633,-3.30633,4262.0,123.0,-123.0,0.77,0.07,-0.07,86.7639,,,850.0,,,CANDIDATE
5.7217124,1.21e-05,-1.21e-05,9.1008936,0.7641938,-0.7641938,5455.5856088,266.94058,-266.94058,5541.0,129.6,-129.6,1.19313,0.0641608,-0.0641608,310.5569713,,,1070.6686102,,,CANDIDATE
7.4659746,4.92e-05,-4.92e-05,15.9063,4.27322,-4.27322,3570.0,386.882,-386.882,6439.0,125.7,-125.7,1.95,0.09,-0.09,553.011,,,1350.0,,,CANDIDATE
5.5809252,1.5e-05,-1.5e-05,8.10167,0.663302,-0.663302,10780.0,5.1831,-5.1831,4455.0,118.0,-118.0,0.76,0.06,-0.06,50.6483,,,743.0,,,CANDIDATE
3.00782,5.3e-06,-5.3e-06,12.7824,0.667626,-0.667626,6510.0,0.844771,-0.844771,5999.1,118.1,-118.1,1.54,0.08,-0.08,1104.67,,,1606.0,,,CANDIDATE
1.6566182,2.8e-06,-2.8e-06,15.7246,0.747262,-0.747262,12290.0,2.75962,-2.75962,6504.0,127.3,-127.3,1.38,0.06,-0.06,3282.03,,,2108.0,,,CANDIDATE
2.3627442,1.55e-05,-1.55e-05,5.15542,0.326982,-0.326982,1870.0,2.76657,-2.76657,5939.0,131.2,-131.2,1.18,0.06,-0.06,1735.39,,,1798.0,,,CANDIDATE
2.2060441,0.000113,-0.000113,18.0034887,0.9988892,-0.9988892,7122.1032213,158.452,-158.452,6313.0,133.3,-133.3,2.0898499,0.0987737,-0.0987737,4890.3412284,,,2132.8216494,,,CANDIDATE
1.5297119,1.46e-05,-1.46e-05,9.91839,0.763196,-0.763196,2410.0,6.05794,-6.05794,6683.0,126.4,-126.4,2.05,0.11,-0.11,3456.41,,,2136.0,,,CANDIDATE
5.1627718,1.05e-05,-1.05e-05,15.0573,0.721584,-0.721584,19050.0,8.41852,-8.41852,6749.0,136.0,-136.0,1.08,0.05,-0.05,437.179,,,1273.0,,,FALSE POSITIVE
2.75753,0.00046,-0.00046,6.99891,1.46553,-1.46553,1071.45,2.16867,-2.16867,5776.5,94.0,-94.0,1.94,0.4,-0.4,197.323,,,1044.0,,,FALSE POSITIVE
5.20807,6.7e-06,-6.7e-06,16.3192,0.792529,-0.792529,29630.0,4.96481,-4.96481,5836.5,111.3,-111.3,0.94,0.04,-0.04,240.959,,,1097.0,,,CANDIDATE
2.090218,1.07e-05,-1.07e-05,19.2766,1.05728,-1.05728,8180.0,14.1244,-14.1244,6328.0,100.7,-100.7,2.08,0.07,-0.07,3795.71,,,2186.0,,,FALSE POSITIVE
7.7971071,1.53e-05,-1.53e-05,22.9819,1.02139,-1.02139,23150.0,17.9785,-17.9785,4978.0,83.8,-83.8,1.47,0.05,-0.05,22.0881,,,603.0,,,CANDIDATE
1.6224281,1.17e-05,-1.17e-05,7.12755,0.504966,-0.504966,1250.0,3.63941,-3.63941,7517.0,147.6,-147.6,1.98,0.08,-0.08,3920.08,,,2204.0,,,CANDIDATE
3.2891219,1.05e-05,-1.05e-05,15.1457,0.836322,-0.836322,8100.0,9.28822,-9.28822,6947.0,134.3,-134.3,1.64,0.07,-0.07,2357.82,,,1941.0,,,FALSE POSITIVE
2.0958074,1.6e-05,-1.6e-05,7.63843,0.621552,-0.621552,2350.0,8.78714,-8.78714,6793.0,133.3,-133.3,1.6,0.07,-0.07,4081.38,,,2226.0,,,FALSE POSITIVE
8.61346,1.55e-05,-1.55e-05,20.6812,1.24041,-1.24041,12840.0,22.6895,-22.6895,6595.0,129.7,-129.7,1.6,0.07,-0.07,172.513,,,1009.0,,,CANDIDATE
4.2768515,3.97e-05,-3.97e-05,12.027,,,5000.0,5.81623,-5.81623,5691.0,122.0,-122.0,1.73,,,860.304,,,1508.0,,,CANDIDATE
3.9678136,4.34e-05,-4.34e-05,2.81756,0.194007,-0.194007,760.0,1.60833,-1.60833,6138.0,132.3,-132.3,1.03,0.05,-0.05,1275.1,,,1664.0,,,FALSE POSITIVE
3.365343,8.7e-06,-8.7e-06,16.7174,1.07963,-1.07963,7700.0,1.80776,-1.80776,9582.0,187.8,-187.8,1.83,0.11,-0.11,5266.4,,,2373.0,,,CANDIDATE
3.7440143,1.66e-05,-1.66e-05,7.2887349,3.1000228,-3.1000228,1773.5844948,147.42133,-147.42133,6048.0,127.9,-127.9,1.7045799,0.0865728,-0.0865728,1440.2792168,,,1571.1998285,,,CANDIDATE
9.5537684,1.1e-05,-1.1e-05,18.0441,0.972963,-0.972963,18260.0,8.74917,-8.74917,5816.0,127.1,-127.1,1.27,0.06,-0.06,125.806,,,933.0,,,CANDIDATE
5.4722557,6.15e-05,-6.15e-05,11.5748,0.804936,-0.804936,1800.0,3.34215,-3.34215,5847.0,130.7,-130.7,2.8,0.14,-0.14,1142.88,,,1619.0,,,CANDIDATE
1.7946783,1.63e-05,-1.63e-05,8.71041,,,2860.0,7.6233,-7.6233,6351.0,122.0,-122.0,1.68,,,4554.66,,,2288.0,,,CANDIDATE
4.2745762,3.18e-05,-3.18e-05,10.7453,,,3620.0,5.94339,-5.94339,6375.0,122.0,-122.0,1.79,,,1157.67,,,1625.0,,,CANDIDATE
5.1139634,1.71e-05,-1.71e-05,12.9912,,,7090.0,5.34241,-5.34241,6451.0,122.0,-122.0,1.49,,,217.091,,,1069.0,,,CANDIDATE
3.052529,5.7e-06,-5.7e-06,16.9171,0.764536,-0.764536,14090.0,2.81234,-2.81234,6802.0,139.1,-139.1,1.38,0.06,-0.06,1477.03,,,1727.0,,,CANDIDATE
6.5832019,3e-05,-3e-05,7.13313,0.411681,-0.411681,5280.0,4.03314,-4.03314,5809.0,135.3,-135.3,0.97,0.05,-0.05,168.677,,,1003.0,,,FALSE POSITIVE
5.9594909,1.7e-05,-1.7e-05,12.8042,,,15090.0,12.8578,-12.8578,5950.0,122.0,-122.0,1.0,,,105.077,,,891.0,,,CANDIDATE
6.70145,0.00101,-0.00101,8.15246,0.860646,-0.860646,10940.0,17.7796,-17.7796,4130.0,128.0,-128.0,0.74,0.07,-0.07,10.4754,,,501.0,,,CANDIDATE
3.0327366,9.4e-06,-9.4e-06,19.6858,,,12000.0,6.33026,-6.33026,7124.0,122.0,-122.0,1.79,,,1111.89,,,1608.0,,,CANDIDATE
8.990904,0.000134,-0.000134,10.4018,0.685078,-0.685078,6500.0,9.99433,-9.99433,5354.0,132.9,-132.9,1.07,0.06,-0.06,58.9074,,,771.0,,,CANDIDATE
3.9014904,3.9e-06,-3.9e-06,16.2567,0.848144,-0.848144,9050.0,0.445135,-0.445135,5512.0,127.3,-127.3,1.69,0.09,-0.09,865.697,,,1511.0,,,CONFIRMED
2.5071775,6.42e-05,-6.42e-05,14.7740421,0.2948376,-0.2948376,14812.1573416,312.02573,-312.02573,5996.0,122.0,-122.0,1.1625,,,1117.8060083,,,1474.726076,,,CANDIDATE
3.6794732,1.42e-05,-1.42e-05,11.3997,,,6360.0,2.62168,-2.62168,5823.0,122.0,-122.0,1.42,,,933.522,,,1539.0,,,CANDIDATE
4.8206566,1.07e-05,-1.07e-05,15.025,0.75207,-0.75207,17740.0,5.31579,-5.31579,6002.0,132.1,-132.1,1.13,0.05,-0.05,645.538,,,1404.0,,,CANDIDATE
3.3794034,1.07e-05,-1.07e-05,10.0889,0.540325,-0.540325,3610.0,1.35892,-1.35892,6072.0,137.4,-137.4,1.67,0.08,-0.08,934.748,,,1540.0,,,CANDIDATE
3.5608112,7.9e-06,-7.9e-06,10.4972,0.594881,-0.594881,4890.0,1.14394,-1.14394,5659.0,126.3,-126.3,1.47,0.08,-0.08,621.482,,,1390.0,,,CONFIRMED
3.9935853,8.8e-06,-8.8e-06,21.2425,5.51393,-5.51393,19930.0,2700.27,-2700.27,5709.0,149.8,-149.8,0.94,0.05,-0.05,842.898,,,1501.0,,,CANDIDATE
3.4677103,0.0003593,-0.0003593,12.3649,,,10000.0,13.2678,-13.2678,5645.0,122.0,-122.0,1.18,,,273.655,,,1133.0,,,CANDIDATE
0.3859142,3.66e-05,-3.66e-05,7.76491,,,5590.0,14.8265,-14.8265,6721.0,122.0,-122.0,1.05,,,13435.8,,,2999.0,,,FALSE POSITIVE
2.1357662,5.9e-06,-5.9e-06,18.0173,,,13310.0,3.25562,-3.25562,7428.0,122.0,-122.0,1.52,,,4286.56,,,2254.0,,,CANDIDATE
2.9677851,0.0002377,-0.0002377,24.1966313,0.7533077,-0.7533077,18226.8366329,791.59094,-791.59094,6185.0,122.0,-122.0,1.58557,,,1805.0833967,,,1662.4326793,,,CANDIDATE
3.412893,3.8e-06,-3.8e-06,14.5305,0.782831,-0.782831,15960.0,3.63826,-3.63826,5691.0,131.4,-131.4,1.13,0.06,-0.06,351.311,,,1206.0,,,CANDIDATE
2.24172,0.00091,-0.00091,28.4732,1.79744,-1.79744,23700.0,28.7603,-28.7603,6292.0,132.5,-132.5,1.88,0.09,-0.09,2815.2,,,2029.0,,,FALSE POSITIVE
3.5366051,4e-06,-4e-06,13.8209,0.656451,-0.656451,12660.0,1.88652,-1.88652,6026.0,128.6,-128.6,1.19,0.05,-0.05,423.46,,,1263.0,,,CANDIDATE
2.9599541,2.5e-06,-2.5e-06,15.9636,0.7688,-0.7688,7190.0,0.449795,-0.449795,6267.7,120.8,-120.8,1.84,0.09,-0.09,1361.35,,,1692.0,,,CANDIDATE
2.3725483,1.08e-05,-1.08e-05,14.8302,,,5010.0,6.97771,-6.97771,6019.0,122.0,-122.0,2.08,,,368.442,,,1220.0,,,CANDIDATE
13.2681095,7.65e-05,-7.65e-05,11.9718,0.71923,-0.71923,2140.0,2.69413,-2.69413,6364.0,135.5,-135.5,2.48,0.12,-0.12,91.8511,,,862.0,,,FALSE POSITIVE
2.3304358,3.6e-06,-3.6e-06,17.6763,0.694274,-0.694274,9320.0,0.981181,-0.981181,7763.0,136.3,-136.3,1.77,0.07,-0.07,5011.25,,,2343.0,,,CANDIDATE
4.1343989,1.46e-05,-1.46e-05,18.5459,,,18320.0,9.57399,-9.57399,6320.0,122.0,-122.0,1.35,,,503.511,,,1319.0,,,CANDIDATE
2.7020875,1.3e-05,-1.3e-05,15.6063,,,10040.0,9.49101,-9.49101,7798.0,122.0,-122.0,1.57,,,3103.65,,,2079.0,,,CANDIDATE
9.94915,1e-05,-1e-05,24.5989,1.30824,-1.30824,22920.0,6.21401,-6.21401,5852.0,135.0,-135.0,1.65,0.08,-0.08,110.866,,,903.0,,,CANDIDATE
5.939725,1.44e-05,-1.44e-05,14.4394,1.15766,-1.15766,6600.0,26.9044,-26.9044,5568.0,133.1,-133.1,1.55,0.08,-0.08,76.1581,,,822.0,,,CANDIDATE
2.9489639,1.49e-05,-1.49e-05,11.3327,0.836216,-0.836216,2730.0,4.29808,-4.29808,6506.0,132.5,-132.5,2.15,0.13,-0.13,779.001,,,1471.0,,,CANDIDATE
2.3097953,1.28e-05,-1.28e-05,12.6197,0.809499,-0.809499,4000.0,3.57679,-3.57679,7300.0,141.0,-141.0,2.01,0.11,-0.11,3845.9,,,2193.0,,,CANDIDATE
2.9919962,2.3e-06,-2.3e-06,13.6621,0.858737,-0.858737,17170.0,1.16946,-1.16946,5247.0,138.0,-138.0,1.01,0.06,-0.06,329.849,,,1187.0,,,CANDIDATE
2.8281656,4.5e-06,-4.5e-06,17.6399,2.30602,-2.30602,22180.0,2.89894,-2.89894,6412.2,432.4,-432.4,1.16,0.15,-0.15,1162.44,,,1654.0,,,CANDIDATE
1.3071566,0.0001038,-0.0001038,11.1657,4.85985,-4.85985,3100.0,2086.31,-2086.31,5958.0,130.0,-130.0,0.96,0.05,-0.05,2913.52,,,2046.0,,,CANDIDATE
1.8092906,3.9e-06,-3.9e-06,23.2306,,,15830.0,7.45939,-7.45939,6905.0,122.0,-122.0,1.77,,,1647.22,,,1774.0,,,CANDIDATE
2.3483946,1.91e-05,-1.91e-05,19.5614,7.77792,-7.77792,2930.0,1480.04,-1480.04,6155.0,129.1,-129.1,1.82,0.09,-0.09,5427.95,,,2391.0,,,CANDIDATE
4.6027498,4.8e-06,-4.8e-06,11.7236575,0.6386121,-0.6386121,7456.7037756,113.75329,-113.75329,5909.0,118.5,-118.5,1.3408999,0.0648392,-0.0648392,639.4922705,,,1282.5626085,,,CONFIRMED
0.5465391,5.17e-05,-5.17e-05,9.5365498,4.5918403,-4.5918403,3122.1584293,307.78687,-307.78687,6091.0,122.0,-122.0,1.66057,,,18187.3314373,,,2961.8427338,,,FALSE POSITIVE
4.865928,0.0009961,-0.0009961,15.177757,3.758924,-3.758924,10758.3826821,1058.7786,-1058.7786,6137.0,122.0,-122.0,1.21215,,,534.990275,,,1226.6092105,,,CANDIDATE
1.6995805,7.3e-06,-7.3e-06,11.1546,,,6740.0,9.07615,-9.07615,9626.0,125.0,-125.0,1.35,,,10926.7,,,2848.0,,,CANDIDATE
12.2027867,3.53e-05,-3.53e-05,9.74784,0.48528,-0.48528,7070.0,4.18084,-4.18084,6454.0,131.7,-131.7,1.13,0.05,-0.05,44.6632,,,720.0,,,CANDIDATE
3.8277062,8.3e-06,-8.3e-06,7.97984,0.477344,-0.477344,3610.0,6.15439,-6.15439,6610.0,128.0,-128.0,1.18,0.05,-0.05,69.9284,,,805.0,,,CANDIDATE
6.1668344,1.18e-05,-1.18e-05,17.0195741,0.9003722,-0.9003722,13145.6121347,882.75757,-882.75757,5747.0,123.0,-123.0,1.2815599,,,362.9660354,,,1113.2334478,,,CANDIDATE
0.6587178,2.5e-06,-2.5e-06,20.2415,,,7010.0,16.9654,-16.9654,6520.0,122.0,-122.0,2.41,,,8468.98,,,2672.0,,,CANDIDATE
1.2669382,4.4e-06,-4.4e-06,7.13535,0.405796,-0.405796,2580.0,2.19328,-2.19328,6296.0,128.8,-128.8,1.36,0.06,-0.06,2579.61,,,1985.0,,,CONFIRMED
2.9828061,2.17e-05,-2.17e-05,15.4283,,,7320.0,8.13117,-8.13117,6879.0,122.0,-122.0,1.81,,,3112.84,,,2080.0,,,CANDIDATE
3.1420872,5.6e-06,-5.6e-06,12.6134,,,13090.0,6.15508,-6.15508,5417.4,68.5,-68.5,1.05,,,185.786,,,1028.0,,,CANDIDATE
1.8030565,1.34e-05,-1.34e-05,8.89917,0.608175,-0.608175,2620.0,5.47256,-5.47256,5982.0,126.0,-126.0,1.72,0.08,-0.08,1600.56,,,1762.0,,,CANDIDATE
6.3599636,4.42e-05,-4.42e-05,13.6678,0.722244,-0.722244,4400.0,3.41907,-3.41907,7689.0,154.2,-154.2,2.07,0.09,-0.09,1755.17,,,1803.0,,,CANDIDATE
0.5496848,1.9e-06,-1.9e-06,10.6252,0.894043,-0.894043,2860.0,17.0406,-17.0406,7433.0,140.0,-140.0,1.84,0.07,-0.07,4902.04,,,2331.0,,,CANDIDATE
4.5744909,1.62e-05,-1.62e-05,16.8715,,,8890.0,3.16568,-3.16568,6993.0,122.0,-122.0,1.7,,,1443.49,,,1717.0,,,CANDIDATE
3.4365075,3.88e-05,-3.88e-05,17.7367,,,4410.0,10.7418,-10.7418,5438.0,122.0,-122.0,2.63,,,575.941,,,1364.0,,,CANDIDATE
1.9268037,7.1e-06,-7.1e-06,3.42735,0.338589,-0.338589,2260.0,3.59571,-3.59571,4249.0,123.4,-123.4,0.68,0.06,-0.06,131.648,,,943.0,,,CONFIRMED
2.1532179,6.1e-06,-6.1e-06,25.853,,,6780.0,2912.7,-2912.7,5997.0,122.0,-122.0,1.68,,,2822.0,,,2030.0,,,CANDIDATE
5.1057571,1.79e-05,-1.79e-05,10.9206,,,10840.0,8.50038,-8.50038,5495.2,65.8,-65.8,1.01,,,144.847,,,966.0,,,CANDIDATE
10.9506335,6.04e-05,-6.04e-05,3.17264,0.28152,-0.28152,1820.0,2.58736,-2.58736,4530.0,127.0,-127.0,0.73,0.06,-0.06,20.8045,,,594.0,,,CANDIDATE
9.3096136,2.49e-05,-2.49e-05,9.9903,,,11570.0,5.56031,-5.56031,5229.0,,,0.93,,,25.3269,,,,,,CANDIDATE
2.7499877,3.2e-06,-3.2e-06,22.9205,0.904684,-0.904684,15480.0,1.25302,-1.25302,10146.0,215.1,-215.1,1.77,0.07,-0.07,11946.5,,,2912.0,,,CANDIDATE
4.4163989,2.05e-05,-2.05e-05,7.89614,0.473348,-0.473348,7110.0,10.3836,-10.3836,6273.0,129.7,-129.7,0.93,0.04,-0.04,177.763,,,1017.0,,,CANDIDATE
4.3653308,1.82e-05,-1.82e-05,14.0676,0.694328,-0.694328,8090.0,5.40783,-5.40783,7109.0,134.2,-134.2,1.57,0.06,-0.06,1061.67,,,1590.0,,,CANDIDATE
2.8396238,8.7e-06,-8.7e-06,12.199,1.05562,-1.05562,10100.0,30.3274,-30.3274,5915.3,190.6,-190.6,1.16,0.07,-0.07,1063.3,,,1590.0,,,CANDIDATE
4.2839945,2.58e-05,-2.58e-05,9.77904,,,9440.0,11.6056,-11.6056,6022.0,122.0,-122.0,1.03,,,443.121,,,1278.0,,,CANDIDATE
1.3683875,2.9e-06,-2.9e-06,8.79209,1.50084,-1.50084,8410.0,6.43623,-6.43623,5000.0,400.2,-400.2,0.89,0.15,-0.15,449.294,,,1282.0,,,CANDIDATE
4.7323433,8.75e-05,-8.75e-05,17.3410428,0.7540094,-0.7540094,15681.823373,180.07835,-180.07835,6438.0,128.2,-128.2,1.35252,0.0576381,-0.0576381,775.9423569,,,1346.0993498,,,CANDIDATE
2.5543095,2.3e-06,-2.3e-06,13.5543,0.647144,-0.647144,18680.0,1.32438,-1.32438,5990.0,128.3,-128.3,0.95,0.04,-0.04,559.574,,,1354.0,,,CANDIDATE
4.2695675,5.6e-06,-5.6e-06,12.2342646,0.764702,-0.764702,8610.3886424,179.87822,-179.87822,5798.0,127.0,-127.0,1.3043,0.068593,-0.068593,631.8356941,,,1278.7062525,,,CANDIDATE
3.2907468,6.3e-06,-6.3e-06,14.0568,,,15760.0,4.01953,-4.01953,6229.0,122.0,-122.0,1.08,,,430.347,,,1268.0,,,CANDIDATE
4.0467915,3.48e-05,-3.48e-05,12.8472,,,5180.0,6.58573,-6.58573,5933.0,122.0,-122.0,1.79,,,843.152,,,1501.0,,,CANDIDATE
4.3437796,2.35e-05,-2.35e-05,11.8307,0.701307,-0.701307,7750.0,9.00589,-9.00589,6513.0,134.0,-134.0,1.32,0.06,-0.06,466.22,,,1294.0,,,CANDIDATE
5.3332571,5.16e-05,-5.16e-05,5.82279,1.62166,-1.62166,2020.0,172.075,-172.075,6068.0,128.5,-128.5,1.1,0.06,-0.06,1133.52,,,1616.0,,,CANDIDATE
1.485163,2e-06,-2e-06,8.99362,,,4490.0,1.1062,-1.1062,5506.2,,,1.28,,,867.237,,,,,,CANDIDATE
4.7343852,1.27e-05,-1.27e-05,18.0528,0.993101,-0.993101,12440.0,3.16301,-3.16301,5776.0,129.6,-129.6,1.6,0.08,-0.08,593.089,,,1465.0,,,CANDIDATE
6.900352,2.78e-05,-2.78e-05,8.86463,,,10420.0,8.74952,-8.74952,5205.8,87.0,-87.0,0.85,,,59.4485,,,773.0,,,CANDIDATE
2.8831285,2.6e-06,-2.6e-06,28.6734,1.20118,-1.20118,26290.0,2.73564,-2.73564,,,,1.77,0.07,-0.07,523.57,,,1332.0,,,FALSE POSITIVE
0.7428708,1.9e-06,-1.9e-06,7.86186,,,4970.0,11.2526,-11.2526,5635.9,73.2,-73.2,1.11,,,1797.04,,,1813.0,,,FALSE POSITIVE
4.640636,0.0008758,-0.0008758,13.1303,,,15710.0,13.7449,-13.7449,4539.0,122.0,-122.0,1.02,,,107.987,,,898.0,,,CANDIDATE
4.2842284,5.5e-06,-5.5e-06,14.0459,1.12863,-1.12863,11830.0,18.6463,-18.6463,4911.0,128.1,-128.1,1.19,0.08,-0.08,56.6249,,,764.0,,,CANDIDATE
4.407111,6.9e-06,-6.9e-06,11.7059,0.631301,-0.631301,9140.0,2.79576,-2.79576,5478.0,123.6,-123.6,1.18,0.06,-0.06,131.096,,,942.0,,,CANDIDATE
2.7961137,1.08e-05,-1.08e-05,7.7487,0.5143,-0.5143,5500.0,9.96688,-9.96688,6455.0,133.5,-133.5,1.06,0.05,-0.05,421.749,,,1262.0,,,CANDIDATE
1.6484941,7.92e-05,-7.92e-05,9.6099784,1.4874625,-1.4874625,3523.4673819,142.36305,-142.36305,6316.0,134.2,-134.2,1.5764199,0.0917839,-0.0917839,4111.3532155,,,2042.283116,,,CANDIDATE
3.2689953,8.2e-06,-8.2e-06,17.1329,,,15890.0,6.73673,-6.73673,5552.0,123.0,-123.0,1.32,,,439.803,,,1275.0,,,CANDIDATE
3.8098324,0.0009063,-0.0009063,10.3911,0.708867,-0.708867,3250.0,2.83471,-2.83471,5406.0,129.2,-129.2,1.78,0.11,-0.11,618.962,,,1389.0,,,CANDIDATE
8.907516,5.25e-05,-5.25e-05,14.3733,,,8610.0,16.5712,-16.5712,6407.0,122.0,-122.0,1.49,,,230.828,,,1085.0,,,CANDIDATE
5.5167527,1.99e-05,-1.99e-05,21.0821,,,13410.0,9.03821,-9.03821,6296.0,68.9,-68.9,1.81,,,622.985,,,1391.0,,,CANDIDATE
6.1836286,1.55e-05,-1.55e-05,13.3233,0.744972,-0.744972,9990.0,5.52842,-5.52842,6504.0,127.9,-127.9,1.29,0.06,-0.06,195.93,,,1042.0,,,FALSE POSITIVE
2.2545904,3.8e-06,-3.8e-06,11.3495,0.752098,-0.752098,5980.0,12.0961,-12.0961,5567.0,127.2,-127.2,1.25,0.06,-0.06,202.365,,,1050.0,,,CANDIDATE
6.7565519,4.17e-05,-4.17e-05,12.7591,0.882925,-0.882925,5200.0,10.7147,-10.7147,5972.0,126.1,-126.1,1.64,0.08,-0.08,319.273,,,1177.0,,,CANDIDATE
1.8246123,2.3e-06,-2.3e-06,18.0134,,,16080.0,5.59718,-5.59718,5655.0,122.0,-122.0,1.39,,,615.616,,,1387.0,,,CANDIDATE
2.3155132,7.2e-06,-7.2e-06,7.00521,0.627981,-0.627981,1520.0,11.3132,-11.3132,6011.0,119.6,-119.6,1.45,0.07,-0.07,106.203,,,894.0,,,CANDIDATE
2.3348152,5.6e-06,-5.6e-06,11.4665,0.651789,-0.651789,5310.0,2.10261,-2.10261,5949.1,101.6,-101.6,1.51,0.08,-0.08,520.71,,,1330.0,,,CANDIDATE
3.2615,0.00086,-0.00086,5.07097,0.314799,-0.314799,1652.28,2.86135,-2.86135,5963.0,143.3,-143.3,1.13,0.05,-0.05,403.299,,,1248.0,,,FALSE POSITIVE
0.4415174,3.19e-05,-3.19e-05,31.5083507,65.82646,-65.82646,3910.4523542,264.57095,-264.57095,5117.0,123.0,-123.0,2.9223199,,,9740.7964109,,,2533.7768634,,,CANDIDATE
2.6274574,6.1e-06,-6.1e-06,18.5088,,,21660.0,21.233,-21.233,6148.0,122.0,-122.0,1.23,,,930.543,,,1538.0,,,CANDIDATE
2.2664085,5.5e-06,-5.5e-06,13.4164,,,10240.0,4.73339,-4.73339,6107.0,122.0,-122.0,1.27,,,1201.76,,,1640.0,,,CANDIDATE
4.0902788,1.64e-05,-1.64e-05,13.9755,0.721667,-0.721667,5060.0,1.90245,-1.90245,6130.0,126.0,-126.0,1.95,0.09,-0.09,724.371,,,1445.0,,,CANDIDATE
2.2308431,0.0002863,-0.0002863,22.6165,,,10950.0,17.1075,-17.1075,6386.0,122.0,-122.0,2.14,,,1903.91,,,1840.0,,,CANDIDATE
3.7065603,2.1e-06,-2.1e-06,12.9758,0.649825,-0.649825,15010.0,1.69865,-1.69865,5632.0,127.6,-127.6,1.03,0.05,-0.05,256.023,,,1114.0,,,CANDIDATE
2.6841894,1.8e-06,-1.8e-06,21.16,1.06129,-1.06129,29670.0,1.67119,-1.67119,5914.0,133.1,-133.1,1.17,0.06,-0.06,719.556,,,1442.0,,,CANDIDATE
2.8740048,0.0003641,-0.0003641,12.2262,,,25890.0,52.3073,-52.3073,4270.3,164.5,-164.5,0.74,,,59.3788,,,773.0,,,CANDIDATE
3.9628496,1.5e-05,-1.5e-05,9.64171,,,4480.0,2.5935,-2.5935,5449.0,459.6,-459.6,1.43,,,589.616,,,,,,CANDIDATE
10.18108,0.00011,-0.00011,2.66019,0.238474,-0.238474,1190.0,3.58558,-3.58558,4822.0,121.8,-121.8,0.78,0.05,-0.05,57.0026,,,765.0,,,CANDIDATE
4.4338805,1.02e-05,-1.02e-05,13.6095,0.666345,-0.666345,9180.0,1.67435,-1.67435,6695.0,137.5,-137.5,1.37,0.06,-0.06,995.704,,,1564.0,,,CANDIDATE
2.9902369,1.7e-05,-1.7e-05,140.194,11.2139,-11.2139,6460.0,8.1855,-8.1855,,,,17.34,1.21,-1.21,129.684,,,940.0,,,CANDIDATE
3.7724947,9.6e-06,-9.6e-06,13.5487,,,9180.0,5.67217,-5.67217,6623.0,122.0,-122.0,1.33,,,424.722,,,1264.0,,,CANDIDATE
3.5505931,4.9e-06,-4.9e-06,17.9407,1.30568,-1.30568,15700.0,7.1404,-7.1404,4803.0,126.6,-126.6,1.34,0.09,-0.09,409.306,,,1253.0,,,CANDIDATE
3.5506084,9.95e-05,-9.95e-05,14.4767,0.931503,-0.931503,16040.0,4.32989,-4.32989,5083.0,126.2,-126.2,1.13,0.07,-0.07,230.045,,,1084.0,,,FALSE POSITIVE
4.2814436,9.8e-06,-9.8e-06,10.6824,0.476426,-0.476426,4910.0,6.50904,-6.50904,5097.8,68.8,-68.8,1.36,0.04,-0.04,18.5873,,,578.0,,,CANDIDATE
3.55562,1e-05,-1e-05,11.1675,2.19728,-2.19728,2610.0,205.948,-205.948,5671.0,127.5,-127.5,1.34,0.07,-0.07,691.805,,,1428.0,,,FALSE POSITIVE
5.3430663,3.82e-05,-3.82e-05,21.0355,2.6142,-2.6142,7220.0,99.916,-99.916,7822.0,171.3,-171.3,2.15,0.11,-0.11,6581.64,,,2509.0,,,CANDIDATE
1.7257597,3e-06,-3e-06,15.2188,0.76039,-0.76039,13880.0,11.3546,-11.3546,7235.0,134.5,-134.5,1.27,0.05,-0.05,1028.24,,,1577.0,,,CANDIDATE
0.7815064,3.3e-06,-3.3e-06,11.9775,,,8410.0,16.4094,-16.4094,7691.0,122.0,-122.0,1.37,,,7256.54,,,2571.0,,,CANDIDATE
4.0333818,0.0004968,-0.0004968,13.1197,2.20064,-2.20064,13745.2980794,689.44214,-689.44214,6347.3,464.8,-464.8,1.73,0.25,-0.25,1126.0951019,,,1477.4524649,,,CANDIDATE
6.8561604,8.36e-05,-8.36e-05,14.3692,1.01411,-1.01411,5540.0,11.2562,-11.2562,6282.0,131.1,-131.1,2.01,0.1,-0.1,461.072,,,1290.0,,,CANDIDATE
1.4753526,1.51e-05,-1.51e-05,5.30533,0.379254,-0.379254,870.0,1.8016,-1.8016,5732.0,128.6,-128.6,1.81,0.09,-0.09,4142.31,,,2235.0,,,CANDIDATE
3.9712794,6.4e-06,-6.4e-06,15.3233,1.18815,-1.18815,8670.0,2.38632,-2.38632,6200.0,124.7,-124.7,1.62,0.12,-0.12,393.511,,,1240.0,,,CANDIDATE
1.4010338,2.4e-06,-2.4e-06,18.1441,1.12056,-1.12056,13310.0,3.5032,-3.5032,7014.0,147.2,-147.2,1.52,0.09,-0.09,3603.2,,,2158.0,,,CANDIDATE
1.5755252,0.0001569,-0.0001569,21.7284649,20.719416,-20.719416,3712.6009177,174.17589,-174.17589,6560.0,135.4,-135.4,2.1970401,0.10154,-0.10154,9281.7902501,,,2503.3852387,,,CANDIDATE
3.0749168,4e-06,-4e-06,15.2762,0.724993,-0.724993,8540.0,1.1826,-1.1826,6782.0,136.6,-136.6,1.6,0.07,-0.07,984.71,,,1560.0,,,CANDIDATE
1.7765395,0.0001501,-0.0001501,16.6,1.40129,-1.40129,14020.0,50.1134,-50.1134,6394.0,131.0,-131.0,1.28,0.08,-0.08,926.709,,,1537.0,,,FALSE POSITIVE
2.5433707,0.0001232,-0.0001232,29.0069132,0.6634166,-0.6634166,55256.7333661,1778.0828,-1778.0828,6748.0,125.0,-125.0,1.12503,,,1385.186432,,,1555.9541912,,,CANDIDATE
3.0959309,1e-05,-1e-05,17.8437,0.901653,-0.901653,14080.0,8.23554,-8.23554,6918.0,134.0,-134.0,1.47,0.06,-0.06,914.4,,,1531.0,,,CANDIDATE
5.1745185,1.05e-05,-1.05e-05,13.926,0.874896,-0.874896,10490.0,3.71184,-3.71184,5340.0,136.0,-136.0,1.36,0.08,-0.08,111.237,,,904.0,,,CANDIDATE
4.4814049,1.2e-05,-1.2e-05,13.8048,0.951002,-0.951002,10170.0,18.6375,-18.6375,6232.0,133.5,-133.5,1.37,0.07,-0.07,156.928,,,986.0,,,CANDIDATE
3.3262977,2e-06,-2e-06,14.7729343,0.8433502,-0.8433502,24223.6280838,319.3481,-319.3481,5391.0,127.5,-127.5,0.947585,0.052789,-0.052789,371.945532,,,1120.0556112,,,CANDIDATE
3.0031058,0.0003533,-0.0003533,16.5290691,1.0007428,-1.0007428,6677.7862161,362.84216,-362.84216,6212.0,122.0,-122.0,1.91287,,,2602.2360497,,,1821.6142786,,,CANDIDATE
8.7719993,3.47e-05,-3.47e-05,13.7272,1.85739,-1.85739,5010.0,1.92518,-1.92518,6057.7,406.0,-406.0,1.9,0.25,-0.25,271.508,,,1130.0,,,CANDIDATE
1.1960086,7.8e-06,-7.8e-06,15.4837,,,11770.0,23.3145,-23.3145,7108.0,122.0,-122.0,1.55,,,7334.0,,,2578.0,,,FALSE POSITIVE
4.7606207,0.0009677,-0.0009677,14.527713,10.222898,-10.222898,7813.8313853,602.3548,-602.3548,6213.0,134.8,-134.8,1.1804399,0.0530653,-0.0530653,536.4815536,,,1227.4631078,,,CANDIDATE
2.114655,4.9e-06,-4.9e-06,14.2745,0.867218,-0.867218,24130.0,10.8821,-10.8821,5254.0,124.4,-124.4,0.89,0.05,-0.05,360.619,,,1214.0,,,CANDIDATE
4.7076648,8.7e-06,-8.7e-06,15.3769,,,16490.0,13.061,-13.061,5904.0,,,1.18,,,117.31,,,,,,CANDIDATE
3.7463765,2.6e-06,-2.6e-06,10.6334288,0.406326,-0.406326,18855.6336929,363.06018,-363.06018,4696.0,122.0,-122.0,0.775888,,,142.42552,,,881.0827589,,,CANDIDATE
2.0963263,5.1e-06,-5.1e-06,12.906,0.831496,-0.831496,7200.0,9.38815,-9.38815,5809.0,135.4,-135.4,1.56,0.08,-0.08,306.186,,,1165.0,,,CANDIDATE
3.5366743,0.0001518,-0.0001518,13.338,0.7167,-0.7167,13180.0,4.76601,-4.76601,5971.0,140.0,-140.0,1.14,0.06,-0.06,446.023,,,1280.0,,,FALSE POSITIVE
5.0700956,5.63e-05,-5.63e-05,5.54459,0.417305,-0.417305,3570.0,8.48509,-8.48509,5641.0,130.8,-130.8,0.96,0.05,-0.05,211.546,,,1062.0,,,CANDIDATE
4.2174286,2.9e-05,-2.9e-05,18.2265,1.08723,-1.08723,7050.0,7.81863,-7.81863,6841.0,138.2,-138.2,2.2,0.1,-0.1,1403.49,,,1705.0,,,CANDIDATE
3.6071588,1.64e-05,-1.64e-05,11.5952,0.703375,-0.703375,4270.0,7.45251,-7.45251,6071.0,128.7,-128.7,1.68,0.09,-0.09,1086.36,,,1599.0,,,CANDIDATE
3.5601365,6.3e-06,-6.3e-06,14.1499,1.87218,-1.87218,4630.0,2.16768,-2.16768,6762.0,138.8,-138.8,1.93,0.25,-0.25,2183.57,,,1904.0,,,CANDIDATE
3.6130857,0.0002737,-0.0002737,23.3477984,13.4153185,-13.4153185,12550.1377027,1239.5652,-1239.5652,7520.0,122.0,-122.0,1.63648,,,2495.0860744,,,1802.5658236,,,CANDIDATE
2.0084283,7.4e-06,-7.4e-06,16.5313,3.67441,-3.67441,1310.0,0.49342,-0.49342,5438.8,335.1,-335.1,4.54,1.0,-1.0,1608.42,,,1764.0,,,CANDIDATE
1.5659063,3.8e-06,-3.8e-06,18.7417,,,6810.0,1263.32,-1263.32,6356.0,122.0,-122.0,1.6,,,1827.32,,,1821.0,,,CANDIDATE
1.84996,0.0001401,-0.0001401,13.3315,,,9350.0,16.3639,-16.3639,6320.0,122.0,-122.0,1.37,,,2772.81,,,2021.0,,,FALSE POSITIVE
2.669856,1.5e-05,-1.5e-05,16.192,,,6480.0,6.71123,-6.71123,7833.0,125.0,-125.0,2.0,,,4573.16,,,2290.0,,,CANDIDATE
4.4367891,2.5e-05,-2.5e-05,16.9119,1.17619,-1.17619,4940.0,9.63679,-9.63679,6426.0,137.5,-137.5,2.42,0.12,-0.12,243.186,,,1100.0,,,CANDIDATE
2.2350331,5.6e-06,-5.6e-06,22.5855,1.03486,-1.03486,20880.0,6.78553,-6.78553,7057.0,135.5,-135.5,1.51,0.06,-0.06,2662.36,,,2001.0,,,CANDIDATE
3.6179419,3.22e-05,-3.22e-05,11.142,,,14890.0,199.185,-199.185,4460.0,122.0,-122.0,0.87,,,755.42,,,1460.0,,,CANDIDATE
0.6676722,1.8e-06,-1.8e-06,17.2447,1.25472,-1.25472,3440.0,5.39671,-5.39671,6842.0,135.8,-135.8,2.82,0.17,-0.17,4517.79,,,2284.0,,,CANDIDATE
4.9816829,1.55e-05,-1.55e-05,9.90628,0.562894,-0.562894,11450.0,6.12652,-6.12652,5670.0,131.2,-131.2,0.91,0.05,-0.05,170.85,,,1007.0,,,CANDIDATE
2.1271199,3e-06,-3e-06,13.6834,0.793992,-0.793992,14960.0,3.31509,-3.31509,5483.2,74.2,-74.2,1.08,0.06,-0.06,789.061,,,1476.0,,,CANDIDATE
0.6756067,2.6e-06,-2.6e-06,6.27738,,,3480.0,11.1325,-11.1325,5411.0,122.0,-122.0,0.92,,,1471.82,,,1725.0,,,CANDIDATE
1.46503,0.00029,-0.00029,5.43222,0.825769,-0.825769,3162.12,9.28965,-9.28965,5912.5,441.0,-441.0,0.88,0.12,-0.12,601.367,,,1379.0,,,FALSE POSITIVE
1.5169786,7.1e-06,-7.1e-06,6.64263,1.57115,-1.57115,2720.0,185.629,-185.629,5828.0,128.0,-128.0,1.02,0.05,-0.05,1674.03,,,1782.0,,,CANDIDATE
4.2442882,2.73e-05,-2.73e-05,13.1653,1.1408,-1.1408,7530.0,12.5005,-12.5005,6915.0,133.3,-133.3,1.52,0.11,-0.11,2036.6,,,1871.0,,,CANDIDATE
1.2361087,1.6e-06,-1.6e-06,8.82245,1.3312,-1.3312,19760.0,52.9706,-52.9706,4313.2,312.3,-312.3,0.59,0.08,-0.08,272.064,,,1131.0,,,FALSE POSITIVE
1.9405161,1.34e-05,-1.34e-05,15.0354,0.790211,-0.790211,5930.0,6.36378,-6.36378,8213.0,148.7,-148.7,1.94,0.07,-0.07,8627.96,,,2685.0,,,CANDIDATE
2.3577049,1.42e-05,-1.42e-05,11.6588,,,7210.0,8.26274,-8.26274,7822.0,122.0,-122.0,1.39,,,4995.52,,,2342.0,,,CANDIDATE
1.14057,0.00053,-0.00053,6.52263,2.67802,-2.67802,5009.01,843.33,-843.33,5349.5,38.6,-38.6,0.84,0.01,-0.01,13201.6,,,2986.0,,,FALSE POSITIVE
2.2364485,5.3e-06,-5.3e-06,24.5257,4.11384,-4.11384,17380.0,575.041,-575.041,6905.0,137.7,-137.7,1.51,0.07,-0.07,3957.51,,,2209.0,,,CANDIDATE
3.5949457,1.54e-05,-1.54e-05,11.7369,0.630303,-0.630303,5810.0,2.37803,-2.37803,6131.0,134.0,-134.0,1.36,0.07,-0.07,428.368,,,1267.0,,,CANDIDATE
4.1943867,8.5e-06,-8.5e-06,13.2866,,,27860.0,22.2016,-22.2016,4515.0,122.0,-122.0,0.76,,,140.213,,,958.0,,,CANDIDATE
5.7759952,3.2e-05,-3.2e-05,11.5628,0.665339,-0.665339,9030.0,4.02903,-4.02903,5992.0,133.6,-133.6,1.31,0.07,-0.07,313.194,,,1171.0,,,CANDIDATE
3.2136333,4.2e-06,-4.2e-06,11.1273,0.583107,-0.583107,7810.0,3.96589,-3.96589,6189.4,119.1,-119.1,1.25,0.06,-0.06,362.609,,,1215.0,,,FALSE POSITIVE
3.3704313,2.3e-05,-2.3e-05,13.6938,0.923101,-0.923101,5610.0,5.37847,-5.37847,5765.0,132.2,-132.2,1.85,0.11,-0.11,1466.04,,,1723.0,,,CONFIRMED
3.2969977,1.66e-05,-1.66e-05,17.145,0.892617,-0.892617,8860.0,5.21217,-5.21217,7108.0,132.3,-132.3,1.83,0.08,-0.08,2202.26,,,1908.0,,,CANDIDATE
3.990533,3.9e-06,-3.9e-06,16.0765989,0.5979652,-0.5979652,3306.4050915,49.619854,-49.619854,5868.2,,,2.76442,,,862.3677457,,,1382.1108481,,,CANDIDATE
5.6320791,2.84e-05,-2.84e-05,11.8957,0.621489,-0.621489,3600.0,1.86746,-1.86746,6409.0,135.0,-135.0,2.0,0.09,-0.09,817.311,,,1489.0,,,CANDIDATE
2.8317721,7.7e-06,-7.7e-06,17.0328,,,12860.0,6.90772,-6.90772,6084.0,122.0,-122.0,1.48,,,703.307,,,1434.0,,,CANDIDATE
2.3720554,2.12e-05,-2.12e-05,7.05055,,,4350.0,6.41249,-6.41249,4668.0,122.0,-122.0,1.11,,,661.224,,,1412.0,,,CANDIDATE
1.8118703,3.6e-06,-3.6e-06,18.0792,1.11733,-1.11733,5510.0,6.33367,-6.33367,6222.0,134.1,-134.1,2.25,0.12,-0.12,772.444,,,1468.0,,,CANDIDATE
5.21228,3.46e-05,-3.46e-05,19.3512,,,8950.0,8.19561,-8.19561,8532.0,122.0,-122.0,2.06,,,1823.95,,,1820.0,,,CANDIDATE
2.7723915,0.0005797,-0.0005797,6.3703129,0.8184217,-0.8184217,5882.0194354,503.295,-503.295,4558.0,122.0,-122.0,0.775641,,,193.9128694,,,951.7467616,,,CANDIDATE
1.8200065,1.8e-06,-1.8e-06,11.7988,0.780822,-0.780822,15750.0,3.51517,-3.51517,4994.0,130.4,-130.4,0.91,0.06,-0.06,457.836,,,1288.0,,,CANDIDATE
2.1738256,8.6e-06,-8.6e-06,17.3093,1.00412,-1.00412,2730.0,3.16059,-3.16059,7588.0,142.1,-142.1,3.28,0.15,-0.15,2159.42,,,1899.0,,,CANDIDATE
3.3898234,0.0006084,-0.0006084,14.9878,1.53379,-1.53379,1840.0,15.3306,-15.3306,6096.0,128.6,-128.6,3.13,0.15,-0.15,229.032,,,1083.0,,,CANDIDATE
10.7012764,2e-05,-2e-05,19.1102,0.942423,-0.942423,25250.0,10.7973,-10.7973,5853.2,131.5,-131.5,1.17,0.05,-0.05,152.102,,,978.0,,,CANDIDATE
2.5926199,1.2e-06,-1.2e-06,11.0137,0.376723,-0.376723,78210.0,17.8007,-17.8007,3375.0,157.0,-157.0,0.37,0.01,-0.01,13.8883,,,537.0,,,CONFIRMED
2.9098435,1.01e-05,-1.01e-05,13.2842,0.815267,-0.815267,9480.0,7.2433,-7.2433,5955.0,134.1,-134.1,1.31,0.07,-0.07,378.481,,,1228.0,,,FALSE POSITIVE
3.0271374,5e-06,-5e-06,22.466,,,22110.0,3.63396,-3.63396,6678.0,123.0,-123.0,1.49,,,1651.47,,,1775.0,,,CANDIDATE
2.2310803,0.0001292,-0.0001292,16.1961401,0.6906202,-0.6906202,12565.1881618,387.80066,-387.80066,5905.0,122.0,-122.0,1.42673,,,1896.2050788,,,1683.0269718,,,CANDIDATE
5.2848691,5.3e-06,-5.3e-06,21.377066,0.2707967,-0.2707967,27277.0990883,420.46158,-420.46158,6113.0,122.0,-122.0,1.2729501,,,523.2760294,,,1219.8388469,,,CANDIDATE
3.8600722,8e-06,-8e-06,10.5393,0.762034,-0.762034,16960.0,10.2751,-10.2751,5096.5,131.3,-131.3,0.77,0.05,-0.05,97.2691,,,874.0,,,CANDIDATE
6.8380862,4.6e-06,-4.6e-06,17.4994,0.840541,-0.840541,34050.0,5.81563,-5.81563,5912.0,127.8,-127.8,0.96,0.04,-0.04,82.8358,,,840.0,,,CANDIDATE
3.0001627,1.11e-05,-1.11e-05,15.0659,0.848819,-0.848819,10600.0,6.20059,-6.20059,6695.0,138.7,-138.7,1.45,0.07,-0.07,1151.61,,,1622.0,,,CANDIDATE
2.0519085,2.9e-06,-2.9e-06,14.7471,0.751844,-0.751844,10320.0,6.27206,-6.27206,6386.3,144.6,-144.6,1.42,0.06,-0.06,1024.7,,,1576.0,,,CANDIDATE
4.6606892,0.0017508,-0.0017508,21.5363,1.43902,-1.43902,6370.0,15.2159,-15.2159,8608.0,210.9,-210.9,2.6,0.11,-0.11,1436.15,,,1715.0,,,CANDIDATE
2.8977031,7.2e-06,-7.2e-06,17.057,0.941119,-0.941119,10130.0,2.8471,-2.8471,6397.0,123.4,-123.4,1.67,0.09,-0.09,2102.4,,,1886.0,,,CANDIDATE
4.319754,8.2e-06,-8.2e-06,13.1542,0.774706,-0.774706,10910.0,6.05497,-6.05497,5783.0,137.3,-137.3,1.25,0.07,-0.07,335.6,,,1192.0,,,CANDIDATE
5.3305676,4.82e-05,-4.82e-05,15.5434,1.07433,-1.07433,5820.0,10.8327,-10.8327,6076.0,130.3,-130.3,2.01,0.1,-0.1,277.237,,,1136.0,,,CANDIDATE
3.2782956,9.6e-06,-9.6e-06,12.1111,0.704797,-0.704797,8280.0,2.71814,-2.71814,5544.0,130.5,-130.5,1.32,0.07,-0.07,622.203,,,1391.0,,,CANDIDATE
3.2420704,1.54e-05,-1.54e-05,12.4447,,,10600.0,10.3563,-10.3563,5570.7,72.9,-72.9,1.21,,,368.009,,,1220.0,,,CANDIDATE
4.36907,1e-05,-1e-05,5.94716,0.577653,-0.577653,3970.0,8.69028,-8.69028,4391.0,122.6,-122.6,0.9,0.08,-0.08,26.8795,,,634.0,,,CANDIDATE
3.2806578,4.4e-06,-4.4e-06,11.5452,0.80253,-0.80253,9820.0,1.8882,-1.8882,5717.0,129.4,-129.4,1.18,0.08,-0.08,535.248,,,1340.0,,,CANDIDATE
4.3636327,9.6e-06,-9.6e-06,9.0556,0.611414,-0.611414,10410.0,5.30784,-5.30784,5042.0,124.9,-124.9,0.87,0.05,-0.05,121.921,,,925.0,,,CANDIDATE
4.3622356,0.0008529,-0.0008529,11.0608,,,18670.0,17.8254,-17.8254,4486.0,122.0,-122.0,0.78,,,89.5299,,,856.0,,,FALSE POSITIVE
2.2458338,5.9e-06,-5.9e-06,8.19934,,,10280.0,15.6688,-15.6688,4377.0,122.0,-122.0,0.76,,,121.462,,,924.0,,,CANDIDATE
6.3096313,2.25e-05,-2.25e-05,6.46255,0.345506,-0.345506,4370.0,2.37898,-2.37898,5829.0,134.6,-134.6,0.96,0.05,-0.05,148.356,,,972.0,,,CANDIDATE
2.5336422,9e-06,-9e-06,29.183,,,13290.0,3422.45,-3422.45,6038.0,122.0,-122.0,1.36,,,3022.37,,,2065.0,,,FALSE POSITIVE
3.4470312,1.05e-05,-1.05e-05,11.2549,0.68199,-0.68199,15240.0,9.30163,-9.30163,5629.0,133.5,-133.5,0.9,0.05,-0.05,352.463,,,1207.0,,,CANDIDATE
11.4520097,8.49e-05,-8.49e-05,9.64471,1.17421,-1.17421,1500.0,42.0936,-42.0936,6193.0,137.8,-137.8,1.52,0.07,-0.07,296.562,,,1156.0,,,CANDIDATE
0.8831279,2.4e-06,-2.4e-06,4.3749094,0.4186682,-0.4186682,2068.0674877,77.92001,-77.92001,5151.4,124.0,-124.0,0.86,0.05,-0.05,1586.2100083,,,1609.5701933,,,CONFIRMED
12.8770845,0.0001253,-0.0001253,10.8337698,0.6387876,-0.6387876,7385.1208646,254.65053,-254.65053,5953.0,125.8,-125.8,1.10769,0.0572663,-0.0572663,112.6342216,,,830.8781535,,,CANDIDATE
5.6155837,6.36e-05,-6.36e-05,7.87868,0.462072,-0.462072,2690.0,2.84121,-2.84121,5998.0,125.3,-125.3,1.51,0.07,-0.07,627.845,,,1394.0,,,CANDIDATE
3.3133491,1.96e-05,-1.96e-05,14.7466,0.788645,-0.788645,8900.0,2.63721,-2.63721,6690.0,131.0,-131.0,1.56,0.08,-0.08,1705.48,,,1790.0,,,CANDIDATE
3.7462806,6.9e-06,-6.9e-06,17.5312,,,6670.0,1234.38,-1234.38,5737.0,,,1.12,,,819.165,,,,,,CANDIDATE
2.7674682,1.85e-05,-1.85e-05,11.0509,0.662179,-0.662179,5740.0,2.78513,-2.78513,5890.0,134.4,-134.4,1.41,0.08,-0.08,932.409,,,1539.0,,,CANDIDATE
1.8641295,3.6e-06,-3.6e-06,6.95296,0.469238,-0.469238,4130.0,3.71993,-3.71993,5293.0,135.2,-135.2,1.02,0.06,-0.06,302.749,,,1162.0,,,CANDIDATE
4.132031,1.48e-05,-1.48e-05,3.73783,0.704389,-0.704389,4220.0,6.79235,-6.79235,5657.6,551.2,-551.2,0.53,0.1,-0.1,76.3127,,,823.0,,,CANDIDATE
10.0550764,4.1e-05,-4.1e-05,20.5931944,16.799604,-16.799604,13107.7141418,1174.0449,-1174.0449,5960.0,123.0,-123.0,1.31971,,,223.3992486,,,986.030109,,,CANDIDATE
4.1394473,1.65e-05,-1.65e-05,12.776,,,4070.0,1.44436,-1.44436,6014.9,,,1.96,,,454.749,,,,,,CANDIDATE
3.146714,9.8e-06,-9.8e-06,12.1786,,,7360.0,4.31232,-4.31232,5197.0,123.0,-123.0,1.37,,,215.374,,,1067.0,,,CANDIDATE
4.2955192,1.55e-05,-1.55e-05,13.6703,0.705699,-0.705699,20630.0,6.38738,-6.38738,5875.0,130.2,-130.2,0.95,0.05,-0.05,302.917,,,1162.0,,,CANDIDATE
2.9075077,2.32e-05,-2.32e-05,12.0308,0.730569,-0.730569,10020.0,8.7276,-8.7276,5709.0,132.1,-132.1,1.18,0.06,-0.06,677.605,,,1421.0,,,CANDIDATE
20.5020769,0.0009525,-0.0009525,11.7145,,,17680.0,143.137,-143.137,4511.0,122.0,-122.0,0.78,,,66.4002,,,795.0,,,CANDIDATE
7.0327412,2.83e-05,-2.83e-05,11.4154,0.713274,-0.713274,17290.0,5.05855,-5.05855,5021.0,122.9,-122.9,0.83,0.05,-0.05,68.7158,,,802.0,,,CANDIDATE
1.5265889,1.8e-06,-1.8e-06,12.3611,0.845252,-0.845252,23630.0,3.10775,-3.10775,4887.0,127.4,-127.4,0.77,0.05,-0.05,391.362,,,1239.0,,,CANDIDATE
3.2464257,0.0013149,-0.0013149,12.7086,,,8430.0,23.5802,-23.5802,5729.0,122.0,-122.0,1.35,,,297.123,,,1156.0,,,CANDIDATE
0.4191451,1.53e-05,-1.53e-05,6.1769613,5.6110053,-5.6110053,1898.2608647,149.64746,-149.64746,5430.0,5290.1,-5290.1,1.39542,0.151077,-0.151077,14526.5528051,,,2800.0152156,,,CANDIDATE
4.4781603,1.02e-05,-1.02e-05,9.2972393,0.8076569,-0.8076569,4339.8345448,436.44336,-436.44336,6074.0,133.7,-133.7,1.20333,0.0626834,-0.0626834,571.7432004,,,1247.1537636,,,CANDIDATE
3.8348994,4.51e-05,-4.51e-05,10.5061,,,4600.0,4.82731,-4.82731,5849.3,162.9,-162.9,1.56,,,559.599,,,1354.0,,,CANDIDATE
9.3108074,0.0001245,-0.0001245,10.1812,0.583801,-0.583801,2860.0,1.81506,-1.81506,6243.0,130.0,-130.0,1.89,0.1,-0.1,336.791,,,1193.0,,,CANDIDATE
3.502221,1.07e-05,-1.07e-05,14.1347,0.772629,-0.772629,13290.0,4.23056,-4.23056,5983.0,126.1,-126.1,1.21,0.06,-0.06,533.699,,,1339.0,,,CANDIDATE
0.8102219,6.2e-06,-6.2e-06,7.01523,0.987824,-0.987824,820.0,16.982,-16.982,6329.0,129.7,-129.7,2.03,0.1,-0.1,1338.85,,,1685.0,,,CANDIDATE
2.7022764,1.07e-05,-1.07e-05,15.3559,0.811737,-0.811737,11200.0,3.34068,-3.34068,5969.0,137.3,-137.3,1.43,0.07,-0.07,925.842,,,1536.0,,,CANDIDATE
2.0325685,5.1e-06,-5.1e-06,11.846,0.831526,-0.831526,18260.0,10.2883,-10.2883,4950.0,128.1,-128.1,0.85,0.06,-0.06,175.933,,,1014.0,,,CANDIDATE
2.7176413,1.2e-05,-1.2e-05,17.2275,,,12100.0,2.45352,-2.45352,6567.0,122.0,-122.0,1.52,,,1649.78,,,1775.0,,,CANDIDATE
1.4338615,2.3e-06,-2.3e-06,12.3818,0.429787,-0.429787,31360.0,8.1561,-8.1561,3913.0,157.0,-157.0,0.67,0.02,-0.02,158.892,,,989.0,,,CANDIDATE
1.4259934,1.23e-05,-1.23e-05,12.6369,0.957302,-0.957302,4670.0,12.1058,-12.1058,5955.0,133.0,-133.0,1.75,0.09,-0.09,910.147,,,1530.0,,,CANDIDATE
5.7042858,1.85e-05,-1.85e-05,5.0247868,1.8882914,-1.8882914,940.986289,53.571136,-53.571136,5560.5,123.1,-123.1,1.61148,0.0831859,-0.0831859,576.8749367,,,1249.9428806,,,CONFIRMED
3.910946,2.9e-05,-2.9e-05,10.6878,0.617883,-0.617883,5210.0,2.77136,-2.77136,5642.0,132.0,-132.0,1.54,0.08,-0.08,497.733,,,1315.0,,,FALSE POSITIVE
9.0653768,0.0020656,-0.0020656,9.03928,,,8550.0,17.5968,-17.5968,5302.0,,,0.95,,,27.2384,,,,,,CANDIDATE
4.2545208,0.0004338,-0.0004338,13.8532978,0.9229758,-0.9229758,9168.7791674,384.16196,-384.16196,5674.0,122.0,-122.0,1.43536,,,718.999383,,,1320.6930092,,,CANDIDATE
2.589659,0.0008789,-0.0008789,14.9823,,,7430.0,5.66874,-5.66874,6650.0,122.0,-122.0,1.75,,,2190.57,,,1905.0,,,CANDIDATE
2.5658729,0.0002602,-0.0002602,14.4803,0.641276,-0.641276,10050.0,4.36992,-4.36992,5003.0,95.2,-95.2,1.39,0.05,-0.05,351.223,,,1206.0,,,CANDIDATE
3.4379994,0.0010391,-0.0010391,13.3167,,,8370.0,10.1677,-10.1677,6193.0,123.0,-123.0,1.44,,,1192.84,,,1637.0,,,CANDIDATE
5.9493696,0.0012285,-0.0012285,11.8844,0.715727,-0.715727,10370.0,7.23767,-7.23767,5590.0,131.1,-131.1,1.15,0.06,-0.06,235.266,,,1091.0,,,CANDIDATE
3.9349141,1.18e-05,-1.18e-05,14.3155,,,7660.0,2.04432,-2.04432,6200.0,122.0,-122.0,1.61,,,1051.8,,,1586.0,,,CANDIDATE
3.0537856,4.7e-06,-4.7e-06,17.9453,1.11704,-1.11704,12440.0,20.1009,-20.1009,6103.0,128.1,-128.1,1.46,0.07,-0.07,583.27,,,1369.0,,,CANDIDATE
2.9264345,0.001539,-0.001539,6.98436,,,7890.0,20.24,-20.24,5121.0,122.0,-122.0,0.8,,,557.455,,,1353.0,,,CANDIDATE
4.2794669,3.1e-06,-3.1e-06,9.0099926,0.874558,-0.874558,17011.2798568,296.66782,-296.66782,4314.0,123.7,-123.7,0.703041,0.061892,-0.061892,74.8950024,,,750.296567,,,CANDIDATE
6.6926834,6.33e-05,-6.33e-05,9.62132,0.559269,-0.559269,3180.0,2.76886,-2.76886,5918.0,124.6,-124.6,1.75,0.08,-0.08,678.724,,,1421.0,,,CANDIDATE
5.451593,4.83e-05,-4.83e-05,11.1974,0.681171,-0.681171,3490.0,3.79618,-3.79618,5773.0,127.7,-127.7,1.87,0.09,-0.09,359.92,,,1231.0,,,CANDIDATE
1.5570251,4e-06,-4e-06,10.9349,0.887735,-0.887735,4220.0,16.8136,-16.8136,5590.0,126.5,-126.5,1.5,0.08,-0.08,1213.68,,,1644.0,,,CANDIDATE
8.6187455,2.25e-05,-2.25e-05,15.6647,0.903963,-0.903963,3430.0,6.40775,-6.40775,7400.0,137.4,-137.4,2.37,0.09,-0.09,173.998,,,1011.0,,,CANDIDATE
3.4930546,1.12e-05,-1.12e-05,13.1021,0.745237,-0.745237,7980.0,3.97136,-3.97136,5986.0,132.6,-132.6,1.42,0.07,-0.07,639.317,,,1400.0,,,CANDIDATE
2.025289,2.4e-06,-2.4e-06,12.3405,0.846774,-0.846774,18480.0,3.29594,-3.29594,5297.4,144.7,-144.7,0.86,0.06,-0.06,550.936,,,1349.0,,,CANDIDATE
3.8780401,1.08e-05,-1.08e-05,8.5758,0.491188,-0.491188,5030.0,1.82467,-1.82467,5617.0,135.6,-135.6,1.15,0.06,-0.06,602.229,,,1380.0,,,FALSE POSITIVE
3.8784358,0.0002987,-0.0002987,11.8812,,,9620.0,6.54987,-6.54987,5636.0,122.0,-122.0,1.14,,,310.093,,,1169.0,,,CANDIDATE
7.4832824,1.57e-05,-1.57e-05,12.264,0.728209,-0.728209,12910.0,3.03167,-3.03167,5306.0,126.3,-126.3,1.06,0.06,-0.06,129.267,,,939.0,,,CANDIDATE
2.4843369,2.34e-05,-2.34e-05,8.59746,,,4450.0,17.9205,-17.9205,5608.0,122.0,-122.0,1.76,,,160.141,,,991.0,,,FALSE POSITIVE
1.3828196,3.6e-06,-3.6e-06,15.7062,,,10030.0,15.5008,-15.5008,6362.0,122.0,-122.0,1.45,,,1001.35,,,1567.0,,,CANDIDATE
4.8435717,3.35e-05,-3.35e-05,15.3767,,,6120.0,3124.71,-3124.71,5552.0,122.0,-122.0,1.01,,,693.687,,,1429.0,,,FALSE POSITIVE
1.3677581,0.0002321,-0.0002321,11.144,0.770331,-0.770331,5840.0,10.815,-10.815,5355.0,139.3,-139.3,1.37,0.07,-0.07,596.492,,,1376.0,,,CANDIDATE
5.2330803,1.32e-05,-1.32e-05,12.7241,0.636417,-0.636417,6900.0,1.42963,-1.42963,6375.0,128.0,-128.0,1.49,0.07,-0.07,1001.08,,,1567.0,,,CANDIDATE
4.0668012,1.85e-05,-1.85e-05,10.2315,,,10210.0,10.7271,-10.7271,5789.0,122.0,-122.0,0.98,,,270.456,,,1129.0,,,CANDIDATE
2.9519989,1.09e-05,-1.09e-05,15.6964,0.804949,-0.804949,8270.0,3.00726,-3.00726,6136.0,131.8,-131.8,1.73,0.08,-0.08,1262.03,,,1660.0,,,CANDIDATE
0.5438807,4.38e-05,-4.38e-05,6.46581,,,3390.0,33.5861,-33.5861,5259.0,122.0,-122.0,0.98,,,1246.75,,,1655.0,,,FALSE POSITIVE
0.77685,3e-05,-3e-05,3.28324,0.350139,-0.350139,830.0,7.51073,-7.51073,5190.0,133.3,-133.3,0.96,0.06,-0.06,4180.32,,,2240.0,,,CONFIRMED
2.625748,1.93e-05,-1.93e-05,12.4597,0.874559,-0.874559,4650.0,7.00738,-7.00738,6693.0,113.7,-113.7,1.89,0.1,-0.1,2401.54,,,1950.0,,,CANDIDATE
3.6525305,7.52e-05,-7.52e-05,14.7302,0.716888,-0.716888,9770.0,0.392199,-0.392199,5930.0,129.2,-129.2,1.47,0.07,-0.07,967.919,,,1553.0,,,CONFIRMED
1.0571733,2.4e-06,-2.4e-06,12.0066,1.13779,-1.13779,2140.0,4.06663,-4.06663,6307.0,130.1,-130.1,2.53,0.21,-0.21,2168.84,,,1901.0,,,CANDIDATE
3.0223957,7e-06,-7e-06,11.507,1.4904,-1.4904,14800.0,226.274,-226.274,4653.0,124.1,-124.1,0.75,0.05,-0.05,791.733,,,1477.0,,,FALSE POSITIVE
2.8090597,1.23e-05,-1.23e-05,12.0828,0.69344,-0.69344,6430.0,4.81704,-4.81704,5852.0,129.2,-129.2,1.52,0.07,-0.07,1004.86,,,1568.0,,,CANDIDATE
1.0664194,1.8e-06,-1.8e-06,14.3422,,,14350.0,3.29977,-3.29977,5897.0,122.0,-122.0,1.18,,,2742.65,,,2016.0,,,CANDIDATE
4.1794516,1.62e-05,-1.62e-05,13.3164,0.725707,-0.725707,4480.0,1.94359,-1.94359,6151.0,125.9,-125.9,1.96,0.1,-0.1,815.017,,,1488.0,,,CANDIDATE
10.1923252,0.0001567,-0.0001567,5.40312,0.346144,-0.346144,1730.0,2.37491,-2.37491,5767.0,132.8,-132.8,1.28,0.06,-0.06,355.136,,,1209.0,,,CANDIDATE
5.0648278,5.4e-06,-5.4e-06,13.6307,0.610454,-0.610454,9920.0,0.497057,-0.497057,6411.0,127.4,-127.4,1.34,0.06,-0.06,738.156,,,1452.0,,,CANDIDATE
3.7852328,1.7e-05,-1.7e-05,4.7864833,0.3589693,-0.3589693,1338.8791278,102.16418,-102.16418,6150.0,129.2,-129.2,1.1289999,0.0535025,-0.0535025,650.4958544,,,1288.0445455,,,CANDIDATE
1.0815202,1.7e-06,-1.7e-06,17.3782,1.0167,-1.0167,9050.0,7.05463,-7.05463,6260.0,133.8,-133.8,1.78,0.09,-0.09,1428.47,,,1712.0,,,CANDIDATE
2.0180196,3.4e-06,-3.4e-06,12.168,0.698399,-0.698399,15190.0,7.1664,-7.1664,5544.0,131.1,-131.1,0.96,0.05,-0.05,520.136,,,1330.0,,,CONFIRMED
1.9242952,0.0002792,-0.0002792,16.9815,0.94611,-0.94611,12690.0,6.66582,-6.66582,6324.3,126.2,-126.2,1.48,0.07,-0.07,2478.4,,,1965.0,,,CANDIDATE
2.265394,0.000567,-0.000567,12.6882,1.03445,-1.03445,4540.0,4.40374,-4.40374,5568.0,128.3,-128.3,1.86,0.14,-0.14,1585.08,,,1757.0,,,CANDIDATE
1.2436504,3.8e-06,-3.8e-06,11.1385,,,7630.0,14.4777,-14.4777,6070.0,122.0,-122.0,1.18,,,828.458,,,1494.0,,,CANDIDATE
1.4893582,4.7e-06,-4.7e-06,12.5424,3.03828,-3.03828,8600.0,599.159,-599.159,6208.0,126.3,-126.3,1.11,0.05,-0.05,1946.1,,,1850.0,,,CANDIDATE
8.6369598,3.96e-05,-3.96e-05,13.0862,0.783856,-0.783856,13620.0,14.695,-14.695,6040.0,137.5,-137.5,1.04,0.05,-0.05,439.615,,,1275.0,,,CANDIDATE
5.9709305,1.1e-05,-1.1e-05,12.3371,0.622648,-0.622648,11800.0,2.59435,-2.59435,5748.0,126.0,-126.0,1.09,0.05,-0.05,180.951,,,1021.0,,,CANDIDATE
2.3651663,0.0010118,-0.0010118,19.4747,,,15360.0,56.303,-56.303,5805.0,123.0,-123.0,1.51,,,851.541,,,1504.0,,,FALSE POSITIVE
3.2229781,0.0011213,-0.0011213,14.58,2.97346,-2.97346,9310.0,405.136,-405.136,5488.0,139.9,-139.9,1.29,0.07,-0.07,2054.13,,,1875.0,,,CANDIDATE
2.1917701,9.4e-06,-9.4e-06,20.1864,,,11650.0,5.65744,-5.65744,7222.0,123.0,-123.0,1.84,,,3396.72,,,2126.0,,,CANDIDATE
4.8692603,0.0013765,-0.0013765,6.32448,1.96147,-1.96147,5510.0,600.394,-600.394,4323.0,124.0,-124.0,0.7,0.06,-0.06,215.764,,,1067.0,,,CANDIDATE
3.0591641,2.76e-05,-2.76e-05,7.01214,0.460945,-0.460945,2110.0,3.55194,-3.55194,4999.4,290.5,-290.5,1.59,0.07,-0.07,2296.74,,,1928.0,,,FALSE POSITIVE
2.6156239,1.2e-05,-1.2e-05,4.05281,0.214842,-0.214842,2340.0,2.67833,-2.67833,7002.0,132.8,-132.8,0.83,0.03,-0.03,1128.14,,,1614.0,,,CANDIDATE
1.26092,0.0004,-0.0004,8.46782,0.678134,-0.678134,4825.94,27.7901,-27.7901,5875.0,75.2,-75.2,1.11,0.03,-0.03,5014.81,,,2344.0,,,FALSE POSITIVE
2.2358979,1.14e-05,-1.14e-05,3.28794,0.345418,-0.345418,610.0,6.99303,-6.99303,4793.8,119.1,-119.1,0.9,0.06,-0.06,851.912,,,1505.0,,,CANDIDATE
4.311529,0.0001052,-0.0001052,15.9679,1.57675,-1.57675,9820.0,1.68729,-1.68729,6777.0,134.5,-134.5,1.57,0.15,-0.15,364.211,,,1217.0,,,CANDIDATE
13.8198702,0.0001136,-0.0001136,3.09224,0.228983,-0.228983,328.0,21.79,-21.79,5598.0,127.2,-127.2,1.96,0.1,-0.1,107.236,,,896.0,,,CANDIDATE
4.6658007,3.3e-06,-3.3e-06,2.17821,0.11227,-0.11227,565.0,7.37223,-7.37223,6365.0,197.0,-197.0,1.02,0.05,-0.05,216.429,,,1068.0,,,CONFIRMED
8.8176457,8.1e-06,-8.1e-06,2.36114,0.123182,-0.123182,645.0,11.2249,-11.2249,6365.0,197.0,-197.0,1.02,0.05,-0.05,85.6924,,,847.0,,,CANDIDATE
46.3810093,0.0005605,-0.0005605,5.7534556,1.758012,-1.758012,1108.3541952,77.516205,-77.516205,6307.9,111.3,-111.3,1.69625,0.072387,-0.072387,55.3448497,,,695.647218,,,CANDIDATE
15.6600896,0.0001737,-0.0001737,2.14305,0.143654,-0.143654,400.0,0.726227,-0.726227,6257.0,134.1,-134.1,1.13,0.05,-0.05,110.915,,,904.0,,,CANDIDATE
2.9122454,1.7e-05,-1.7e-05,5.08343,0.341509,-0.341509,1210.0,1.63314,-1.63314,5466.0,137.6,-137.6,1.46,0.08,-0.08,862.596,,,1509.0,,,CANDIDATE
2.6535777,0.0003826,-0.0003826,6.685956,2.0409603,-2.0409603,1446.2753601,105.75453,-105.75453,8037.0,156.255,-156.255,1.70185,0.0645226,-0.0645226,4941.3523429,,,2138.3618868,,,FALSE POSITIVE
8.8088443,3.58e-05,-3.58e-05,10.7596,0.583036,-0.583036,3550.0,7.18568,-7.18568,8072.0,235.3,-235.3,1.58,0.05,-0.05,2579.38,,,1985.0,,,FALSE POSITIVE
15.8118347,9.87e-05,-9.87e-05,2.24252,0.144711,-0.144711,601.0,38.1702,-38.1702,5746.7,49.9,-49.9,1.01,0.05,-0.05,70.4363,,,807.0,,,CANDIDATE
17.7082945,0.0002741,-0.0002741,11.7171,1.73563,-1.73563,2341.0,415.368,-415.368,7859.0,158.5,-158.5,2.8,0.1,-0.1,100.109,,,881.0,,,FALSE POSITIVE
18.0953159,4.48e-05,-4.48e-05,12.0619,0.700945,-0.700945,3176.0,281.152,-281.152,6509.8,102.5,-102.5,1.8,0.08,-0.08,37.2117,,,688.0,,,CONFIRMED
5.8769438,0.0001851,-0.0001851,12.3925008,0.6777663,-0.6777663,7168.7849256,113.04359,-113.04359,5805.0,133.1,-133.1,1.4484,0.0721859,-0.0721859,511.3176191,,,1212.8090781,,,CONFIRMED
5.3928876,4.02e-05,-4.02e-05,12.0135136,0.5904292,-0.5904292,7447.1137923,98.452286,-98.452286,5970.0,133.3,-133.3,1.3179801,0.0624095,-0.0624095,511.6375558,,,1212.9987503,,,CANDIDATE
8.4562659,1.27e-05,-1.27e-05,17.3093,,,8430.0,385.328,-385.328,6144.0,,,1.3,,,833.599,,,,,,CANDIDATE
7.2611991,8.63e-05,-8.63e-05,15.4357,5.05852,-5.05852,3980.0,628.747,-628.747,6702.0,131.5,-131.5,1.82,0.08,-0.08,1167.97,,,1628.0,,,CANDIDATE
6.87168,0.00112,-0.00112,28.967,8.47293,-8.47293,39248.4,3340.78,-3340.78,5446.0,57.0,-57.0,1.33,0.03,-0.03,380.128,,,1230.0,,,FALSE POSITIVE
2.3506831,1.23e-05,-1.23e-05,6.39563,0.352356,-0.352356,1940.0,2.01559,-2.01559,6589.0,131.1,-131.1,1.47,0.06,-0.06,1871.52,,,1832.0,,,CANDIDATE
3.5071842,0.0002187,-0.0002187,11.2416379,0.3421159,-0.3421159,3155.9223023,121.39443,-121.39443,7462.0,,,1.85807,,,2055.0809424,,,1716.6692962,,,CANDIDATE
6.534605,5.91e-05,-5.91e-05,12.2512,0.940269,-0.940269,6530.0,21.0504,-21.0504,5826.0,130.3,-130.3,1.41,0.07,-0.07,167.262,,,1001.0,,,CANDIDATE
2.6543295,4.3e-06,-4.3e-06,23.745,,,18470.0,4.96657,-4.96657,7517.0,122.0,-122.0,1.71,,,2779.92,,,2022.0,,,CANDIDATE
1.2368321,1.05e-05,-1.05e-05,7.3968,0.583536,-0.583536,1930.0,6.87011,-6.87011,6117.0,136.0,-136.0,1.59,0.08,-0.08,3451.44,,,2135.0,,,FALSE POSITIVE
4.7260751,5.19e-05,-5.19e-05,14.7931,,,6910.0,439.223,-439.223,7311.0,122.0,-122.0,1.55,,,4023.58,,,2218.0,,,CANDIDATE
0.5241284,2.1e-06,-2.1e-06,16.7968,7.37714,-7.37714,2400.0,1167.7,-1167.7,5860.0,135.1,-135.1,1.95,0.1,-0.1,16094.6,,,3137.0,,,FALSE POSITIVE
2.6101478,1.12e-05,-1.12e-05,15.9448335,0.8425055,-0.8425055,2843.8872049,118.47936,-118.47936,5320.0,103.6,-103.6,2.6926401,0.118834,-0.118834,9842.1090407,,,2540.3396841,,,CANDIDATE
1.6117444,5.8e-06,-5.8e-06,6.63491,0.421165,-0.421165,3120.0,4.11024,-4.11024,6056.0,134.5,-134.5,1.14,0.06,-0.06,847.062,,,1502.0,,,FALSE POSITIVE
5.36777,1e-05,-1e-05,14.2607,0.695606,-0.695606,6650.0,0.921726,-0.921726,6561.0,138.0,-138.0,1.72,0.08,-0.08,747.132,,,1456.0,,,CONFIRMED
3.3630421,1.65e-05,-1.65e-05,20.7277,,,20990.0,16.9985,-16.9985,5982.0,122.0,-122.0,1.42,,,509.118,,,1323.0,,,FALSE POSITIVE
4.4575332,1.7e-05,-1.7e-05,12.6057,0.656022,-0.656022,2900.0,0.698202,-0.698202,6289.3,74.0,-74.0,2.16,0.11,-0.11,1531.89,,,1742.0,,,CANDIDATE
9.7325799,6.09e-05,-6.09e-05,14.8778005,1.73638,-1.73638,11099.2665877,551.2085,-551.2085,6300.4,155.4,-155.4,1.3728499,0.0852562,-0.0852562,289.3283868,,,1051.8831808,,,CANDIDATE
1.8592079,6.3e-06,-6.3e-06,16.4056,2.18195,-2.18195,3150.0,2.26688,-2.26688,7257.0,135.8,-135.8,2.82,0.37,-0.37,2679.45,,,2004.0,,,CANDIDATE
2.2623261,1.14e-05,-1.14e-05,4.86815,0.341372,-0.341372,2940.0,5.96474,-5.96474,5786.0,131.1,-131.1,0.89,0.04,-0.04,1819.52,,,1819.0,,,FALSE POSITIVE
0.8855539,0.0001508,-0.0001508,5.05228,0.606624,-0.606624,1900.0,20.3194,-20.3194,6446.0,135.2,-135.2,1.13,0.05,-0.05,1788.08,,,1811.0,,,CANDIDATE
0.845657,0.0002605,-0.0002605,8.90314,,,390.0,1.96129,-1.96129,4969.9,49.4,-49.4,4.52,,,2301.5,,,1929.0,,,FALSE POSITIVE
1.680148,5.9e-06,-5.9e-06,9.76407,0.62366,-0.62366,1420.0,2.83645,-2.83645,5750.5,327.0,-327.0,2.35,0.11,-0.11,575.779,,,1364.0,,,FALSE POSITIVE
6.73069,0.00072,-0.00072,22.1494,0.857494,-0.857494,14721.7,7.32169,-7.32169,6048.2,96.2,-96.2,1.66,0.05,-0.05,457.721,,,1288.0,,,FALSE POSITIVE
4.7131119,0.0017496,-0.0017496,19.7629326,1.1382807,-1.1382807,10492.6573132,627.85583,-627.85583,6785.0,122.0,-122.0,1.88091,,,1722.7646011,,,1643.1463045,,,CANDIDATE
5.2059716,0.0006831,-0.0006831,11.1254,,,9210.0,14.6287,-14.6287,6210.0,122.0,-122.0,1.13,,,280.373,,,1139.0,,,CANDIDATE
7.8373997,4.63e-05,-4.63e-05,7.62042,0.448041,-0.448041,2880.0,3.44961,-3.44961,6715.0,139.4,-139.4,1.43,0.06,-0.06,254.905,,,1113.0,,,CANDIDATE
6.4700007,0.0004138,-0.0004138,22.0947602,1.0899736,-1.0899736,14835.6486181,329.24084,-329.24084,6819.0,131.5,-131.5,1.7676899,0.0803769,-0.0803769,1012.8517686,,,1438.8191925,,,CANDIDATE
3.6250244,1.63e-05,-1.63e-05,6.80665,0.356151,-0.356151,11380.0,18.0147,-18.0147,3811.0,157.0,-157.0,0.63,0.02,-0.02,53.0463,,,751.0,,,CANDIDATE
6.2088405,0.0016611,-0.0016611,3.5693526,0.9358242,-0.9358242,2992.8361072,267.2212,-267.2212,4655.8,119.9,-119.9,0.661528,0.0476885,-0.0476885,51.4155981,,,682.9571759,,,CANDIDATE
3.8036198,4.5e-06,-4.5e-06,22.1057,1.05506,-1.05506,17890.0,1.26587,-1.26587,6464.0,126.6,-126.6,1.61,0.08,-0.08,1174.87,,,1631.0,,,CANDIDATE
3.6689529,1.02e-05,-1.02e-05,13.2074,,,14780.0,9.39518,-9.39518,5642.0,123.0,-123.0,1.06,,,377.121,,,1227.0,,,CANDIDATE
11.2205176,1.9e-05,-1.9e-05,17.0919218,0.4004962,-0.4004962,10721.0265817,251.42989,-251.42989,6764.0,699.9,-699.9,1.60322,,,268.0187451,,,1031.9556709,,,CANDIDATE
2.5087868,4.2e-06,-4.2e-06,12.9918,0.652896,-0.652896,15750.0,4.56901,-4.56901,6255.0,135.8,-135.8,1.01,0.05,-0.05,922.499,,,1535.0,,,CANDIDATE
6.1458884,2.17e-05,-2.17e-05,18.4029,,,12900.0,10.1535,-10.1535,7231.0,122.0,-122.0,1.6,,,351.407,,,1206.0,,,CANDIDATE
2.623354,7.9e-06,-7.9e-06,16.3338,0.913873,-0.913873,8790.0,5.27747,-5.27747,6437.0,132.7,-132.7,1.69,0.08,-0.08,1425.08,,,1711.0,,,CANDIDATE
1.3847905,8.1e-06,-8.1e-06,11.9783,1.12612,-1.12612,4150.0,7.15705,-7.15705,5596.0,232.2,-232.2,1.82,0.15,-0.15,2691.16,,,2006.0,,,CANDIDATE
15.8346011,7.16e-05,-7.16e-05,16.7304,,,18000.0,228.857,-228.857,5713.1,90.6,-90.6,1.09,,,116.829,,,915.0,,,FALSE POSITIVE
7.7605254,8.19e-05,-8.19e-05,4.92551,0.31777,-0.31777,2060.0,3.40967,-3.40967,6070.0,119.1,-119.1,1.09,0.05,-0.05,218.205,,,1070.0,,,CANDIDATE
1.81383,0.00024,-0.00024,11.581,,,13170.0,18.8225,-18.8225,4775.0,125.0,-125.0,0.94,,,120.54,,,923.0,,,CANDIDATE
3.1405783,8.6e-06,-8.6e-06,11.93,0.90923,-0.90923,8570.0,20.0821,-20.0821,5636.0,131.1,-131.1,1.26,0.07,-0.07,210.456,,,1061.0,,,CANDIDATE
4.7114264,1.83e-05,-1.83e-05,15.6522,5.44226,-5.44226,5410.0,1117.91,-1117.91,8238.0,144.9,-144.9,1.47,0.05,-0.05,1055.88,,,1588.0,,,CANDIDATE
9.7355768,7.5e-05,-7.5e-05,9.29033,0.525245,-0.525245,2590.0,1.84301,-1.84301,5033.0,63.5,-63.5,1.81,0.09,-0.09,405.451,,,1250.0,,,CANDIDATE
3.5714448,1.75e-05,-1.75e-05,18.4074,2.38449,-2.38449,4090.0,56.536,-56.536,5942.0,123.5,-123.5,2.56,0.15,-0.15,873.532,,,1514.0,,,CANDIDATE
2.3626917,8.2e-06,-8.2e-06,14.4588,0.80143,-0.80143,7280.0,4.42137,-4.42137,8360.0,153.9,-153.9,1.62,0.08,-0.08,4798.12,,,2318.0,,,CANDIDATE
2.7194615,5.2e-06,-5.2e-06,12.4906,,,18840.0,4.55895,-4.55895,5454.0,122.0,-122.0,0.89,,,422.699,,,1263.0,,,CANDIDATE
1.5971426,0.0004152,-0.0004152,7.98964,0.593331,-0.593331,2150.0,4.4812,-4.4812,6263.0,133.6,-133.6,1.77,0.09,-0.09,4957.19,,,2337.0,,,FALSE POSITIVE
2.8389301,2.35e-05,-2.35e-05,16.9204,,,6210.0,21.3142,-21.3142,7132.0,123.0,-123.0,2.14,,,1669.46,,,1780.0,,,CANDIDATE
3.7788779,8.2e-06,-8.2e-06,13.9739571,0.8377756,-0.8377756,17654.0731284,188.22061,-188.22061,5817.7,145.7,-145.7,1.02896,0.060309,-0.060309,466.0843733,,,1185.0478458,,,CONFIRMED
0.6691882,2e-06,-2e-06,9.96751,0.734671,-0.734671,2850.0,7.76507,-7.76507,6623.0,123.1,-123.1,1.76,0.09,-0.09,7244.35,,,2570.0,,,FALSE POSITIVE
0.765415,4.2e-06,-4.2e-06,8.47671,,,2740.0,10.0127,-10.0127,6034.0,122.0,-122.0,1.51,,,3287.18,,,2109.0,,,CANDIDATE
6.1786733,9.2e-06,-9.2e-06,18.581,1.09717,-1.09717,16990.0,2.25705,-2.25705,5806.0,131.9,-131.9,1.4,0.08,-0.08,313.989,,,1172.0,,,CANDIDATE
2.9526508,7.8e-06,-7.8e-06,17.072,0.991048,-0.991048,9320.0,5.93037,-5.93037,5812.0,131.7,-131.7,1.73,0.09,-0.09,532.564,,,1338.0,,,CANDIDATE
13.9311096,6.57e-05,-6.57e-05,14.0219,0.739155,-0.739155,6720.0,3.12636,-3.12636,6445.0,134.9,-134.9,1.69,0.08,-0.08,70.2738,,,806.0,,,CANDIDATE
1.7563116,5.2e-06,-5.2e-06,8.3651129,0.5778891,-0.5778891,3476.9463159,215.92435,-215.92435,5885.0,121.6,-121.6,1.20235,0.0648392,-0.0648392,1827.7735678,,,1667.6324897,,,CANDIDATE
3.919695,1.36e-05,-1.36e-05,19.0078,,,12270.0,6.59701,-6.59701,6438.0,21.3,-21.3,1.73,,,1108.17,,,1607.0,,,CANDIDATE
2.7765784,9.4e-06,-9.4e-06,6.07883,0.502703,-0.502703,5710.0,4.91815,-4.91815,4348.2,106.7,-106.7,0.78,0.06,-0.06,130.312,,,941.0,,,CANDIDATE
3.1510024,8.1e-06,-8.1e-06,12.7872,1.82961,-1.82961,4700.0,107.064,-107.064,5927.9,105.2,-105.2,1.5,0.08,-0.08,34.0167,,,672.0,,,CANDIDATE
11.8885643,1.76e-05,-1.76e-05,19.2143,,,35450.0,1617.54,-1617.54,4427.0,122.0,-122.0,0.75,,,18.8935,,,580.0,,,FALSE POSITIVE
1.3955317,7.7e-06,-7.7e-06,10.461,0.718734,-0.718734,960.0,1.78237,-1.78237,4957.2,104.3,-104.3,3.29,0.17,-0.17,3163.13,,,2089.0,,,FALSE POSITIVE
4.9873145,1.5e-05,-1.5e-05,12.4458895,0.4939112,-0.4939112,16931.1672966,851.5151,-851.5151,6199.0,122.0,-122.0,0.87414,,,275.535577,,,1039.1163307,,,CANDIDATE
1.6660179,4.6e-06,-4.6e-06,10.257,1.13691,-1.13691,2090.0,14.6173,-14.6173,5993.3,229.4,-229.4,2.01,0.15,-0.15,1529.93,,,1742.0,,,CANDIDATE
5.9349921,2.37e-05,-2.37e-05,13.8526,,,9840.0,18.6486,-18.6486,5320.0,122.0,-122.0,1.13,,,38.9292,,,695.0,,,CANDIDATE
6.0672187,5.4e-06,-5.4e-06,9.4901642,0.5739224,-0.5739224,7468.3938627,137.45818,-137.45818,6149.0,126.6,-126.6,1.0793999,0.0536482,-0.0536482,316.7657662,,,1075.9802743,,,CANDIDATE
4.2594558,1.26e-05,-1.26e-05,10.33,,,7500.0,3.3239,-3.3239,5763.8,81.5,-81.5,1.18,,,433.367,,,1271.0,,,CANDIDATE
1.0078907,7.5e-06,-7.5e-06,14.2534,1.05338,-1.05338,1790.0,2.82505,-2.82505,6808.0,152.5,-152.5,3.52,0.2,-0.2,11995.5,,,2915.0,,,CANDIDATE
2.7188122,5.2e-06,-5.2e-06,16.9807,0.835697,-0.835697,12150.0,4.57209,-4.57209,6531.0,131.0,-131.0,1.48,0.07,-0.07,708.483,,,1437.0,,,CANDIDATE
2.9866836,8.3e-06,-8.3e-06,15.0254,1.15328,-1.15328,14000.0,8.94169,-8.94169,4790.0,128.0,-128.0,1.24,0.09,-0.09,282.578,,,1142.0,,,CANDIDATE
3.6562554,1.9e-05,-1.9e-05,10.421,0.615974,-0.615974,4970.0,4.18187,-4.18187,5994.0,130.8,-130.8,1.51,0.07,-0.07,1093.63,,,1602.0,,,CANDIDATE
3.8249546,1.4e-05,-1.4e-05,15.0897,0.811209,-0.811209,7630.0,2.79008,-2.79008,6341.2,114.6,-114.6,1.69,0.08,-0.08,1068.52,,,1592.0,,,CANDIDATE
11.2237372,3.12e-05,-3.12e-05,9.5654941,0.9639947,-0.9639947,11270.3887544,590.77496,-590.77496,5136.0,122.0,-122.0,0.903365,,,57.9380401,,,703.6564933,,,CANDIDATE
8.7234738,3.15e-05,-3.15e-05,10.5545,0.637956,-0.637956,10750.0,8.54821,-8.54821,5522.0,130.6,-130.6,1.0,0.05,-0.05,54.2067,,,755.0,,,CANDIDATE
2.8372178,2.1e-05,-2.1e-05,14.7827,,,4060.0,65.1451,-65.1451,5604.0,122.0,-122.0,2.24,,,4549.21,,,2287.0,,,CANDIDATE
4.3618031,3.55e-05,-3.55e-05,12.1596,0.733814,-0.733814,3130.0,3.32688,-3.32688,6126.0,129.4,-129.4,2.21,0.11,-0.11,1248.73,,,1656.0,,,CANDIDATE
3.9415006,1.49e-05,-1.49e-05,12.3165,0.69727,-0.69727,8940.0,8.35519,-8.35519,6011.0,127.3,-127.3,1.3,0.06,-0.06,264.591,,,1123.0,,,CANDIDATE
17.0298529,2.48e-05,-2.48e-05,12.0922,0.782579,-0.782579,15940.0,4.85516,-4.85516,5022.0,124.8,-124.8,0.92,0.06,-0.06,9.23182,,,485.0,,,CANDIDATE
32.6012979,0.0029076,-0.0029076,9.18821,0.577669,-0.577669,4490.0,5.83981,-5.83981,6067.8,122.7,-122.7,1.35,0.07,-0.07,17.4858,,,569.0,,,CANDIDATE
3.1726875,4.2e-06,-4.2e-06,11.911,0.79364,-0.79364,18990.0,12.2493,-12.2493,5056.0,126.7,-126.7,0.87,0.05,-0.05,172.9,,,1010.0,,,CANDIDATE
16.56308,0.00099,-0.00099,30.0184,7.70669,-7.70669,14010.0,2585.21,-2585.21,6177.0,125.1,-125.1,1.35,0.06,-0.06,184.89,,,1027.0,,,CANDIDATE
4.6288384,2.92e-05,-2.92e-05,17.2704,0.794132,-0.794132,5380.0,0.294727,-0.294727,5978.9,104.1,-104.1,2.22,0.1,-0.1,4580.01,,,2291.0,,,CANDIDATE
11.4483792,0.0001209,-0.0001209,10.4552,0.62006,-0.62006,6660.0,8.06197,-8.06197,6175.0,135.4,-135.4,1.28,0.06,-0.06,165.825,,,999.0,,,CANDIDATE
6.3885628,3.33e-05,-3.33e-05,7.62451,0.502363,-0.502363,4410.0,7.55645,-7.55645,5474.0,127.6,-127.6,1.03,0.05,-0.05,46.0383,,,725.0,,,CANDIDATE
3.6515704,1.36e-05,-1.36e-05,12.4868,0.680325,-0.680325,5830.0,3.66374,-3.66374,6353.0,131.8,-131.8,1.59,0.08,-0.08,290.61,,,1150.0,,,CANDIDATE
1.862908,0.0020072,-0.0020072,13.9775,5.68226,-5.68226,3420.0,1363.91,-1363.91,5626.0,129.6,-129.6,1.39,0.07,-0.07,20675.8,,,3340.0,,,FALSE POSITIVE
0.7799194,5.3e-05,-5.3e-05,9.09676,0.647777,-0.647777,1920.0,3.54741,-3.54741,5473.0,128.0,-128.0,2.04,0.11,-0.11,2609.72,,,1991.0,,,FALSE POSITIVE
3.3789946,0.0002786,-0.0002786,8.56973,,,11150.0,10.9407,-10.9407,4809.0,122.0,-122.0,0.82,,,333.667,,,1190.0,,,FALSE POSITIVE
2.6566986,6.4e-06,-6.4e-06,17.7901,0.95928,-0.95928,10670.0,1.98436,-1.98436,6823.0,134.7,-134.7,1.67,0.09,-0.09,2780.14,,,2022.0,,,CANDIDATE
4.040003,1.07e-05,-1.07e-05,6.8572283,0.9035359,-0.9035359,1577.506576,166.42082,-166.42082,5692.2,130.0,-130.0,1.48298,0.0845729,-0.0845729,832.9137795,,,1370.1551938,,,CANDIDATE
3.2404614,7.7e-06,-7.7e-06,18.8972,,,15130.0,49.1262,-49.1262,5823.0,130.0,-130.0,1.35,,,321.441,,,1179.0,,,CANDIDATE
8.7520247,2.43e-05,-2.43e-05,12.7543,0.665683,-0.665683,17410.0,2.92556,-2.92556,5666.0,131.0,-131.0,0.94,0.05,-0.05,114.611,,,911.0,,,CANDIDATE
1.5810556,0.0003538,-0.0003538,13.941,,,33340.0,38.0604,-38.0604,5985.0,122.0,-122.0,0.76,,,1668.68,,,1780.0,,,FALSE POSITIVE
4.0358074,1.13e-05,-1.13e-05,17.8847,,,11250.0,12.6294,-12.6294,6599.0,122.0,-122.0,1.56,,,498.733,,,1316.0,,,CANDIDATE
3.8795023,1.01e-05,-1.01e-05,14.0735,0.704073,-0.704073,12260.0,2.65337,-2.65337,6048.0,125.5,-125.5,1.26,0.06,-0.06,709.036,,,1437.0,,,CANDIDATE
2.7812908,3.6e-06,-3.6e-06,18.2165,0.770351,-0.770351,11930.0,2.09485,-2.09485,7560.0,140.3,-140.3,1.63,0.06,-0.06,2647.01,,,1998.0,,,CANDIDATE
4.3205081,1.48e-05,-1.48e-05,14.5156,0.652737,-0.652737,13290.0,9.57715,-9.57715,7627.0,146.5,-146.5,1.23,0.04,-0.04,706.863,,,1436.0,,,CANDIDATE
3.3626798,2.61e-05,-2.61e-05,14.2118,,,11000.0,12.9035,-12.9035,6165.0,122.0,-122.0,1.39,,,1144.81,,,1620.0,,,CANDIDATE
1.82856,2.3e-06,-2.3e-06,20.4999,1.08989,-1.08989,17750.0,3.75077,-3.75077,6078.0,130.7,-130.7,1.53,0.08,-0.08,2034.63,,,1871.0,,,CANDIDATE
2.1970052,1.18e-05,-1.18e-05,12.6118,,,7470.0,4.94085,-4.94085,5636.0,122.0,-122.0,1.47,,,1152.76,,,1623.0,,,CANDIDATE
0.4947938,6.3e-06,-6.3e-06,8.7665514,1.3032895,-1.3032895,2913.5611564,144.70316,-144.70316,5879.0,124.1,-124.1,1.5121,0.0864573,-0.0864573,15589.0579756,,,2849.8678213,,,CANDIDATE
0.9714298,2.9e-06,-2.9e-06,8.81333,0.626163,-0.626163,1650.0,3.3845,-3.3845,6495.0,133.9,-133.9,2.18,0.11,-0.11,2557.87,,,1981.0,,,FALSE POSITIVE
1.4466788,4.6e-06,-4.6e-06,12.978,0.832526,-0.832526,4410.0,7.69981,-7.69981,5881.0,126.4,-126.4,1.81,0.09,-0.09,1386.27,,,1699.0,,,CANDIDATE
5.1890769,1.62e-05,-1.62e-05,15.2719,0.758092,-0.758092,6810.0,0.92558,-0.92558,6195.0,133.7,-133.7,1.81,0.09,-0.09,863.316,,,1510.0,,,CANDIDATE
11.8413467,6.07e-05,-6.07e-05,2.20757,0.187216,-0.187216,770.0,0.83445,-0.83445,4554.0,122.3,-122.3,0.77,0.06,-0.06,18.0311,,,574.0,,,CANDIDATE
6.0379203,3.99e-05,-3.99e-05,1.49811,0.149393,-0.149393,469.0,39.1127,-39.1127,4554.0,122.3,-122.3,0.77,0.06,-0.06,56.3052,,,763.0,,,CANDIDATE
2.217782,2.1e-06,-2.1e-06,10.4759,0.708659,-0.708659,15050.0,5.60163,-5.60163,4841.0,122.0,-122.0,0.81,0.05,-0.05,133.224,,,946.0,,,CANDIDATE
6.9625419,9.93e-05,-9.93e-05,2.97636,0.2175,-0.2175,1030.0,2.46467,-2.46467,5727.0,131.9,-131.9,0.95,0.05,-0.05,360.794,,,1214.0,,,CANDIDATE
3.7833369,7.3e-06,-7.3e-06,13.3743,0.813695,-0.813695,11530.0,2.83408,-2.83408,5266.0,127.9,-127.9,1.23,0.07,-0.07,370.391,,,1222.0,,,CANDIDATE
9.1317488,9.6e-06,-9.6e-06,14.7541,1.04377,-1.04377,35470.0,5.66889,-5.66889,5198.2,147.1,-147.1,0.75,0.05,-0.05,27.2956,,,636.0,,,CANDIDATE
2.4038651,2.4e-06,-2.4e-06,22.3961,,,32410.0,2.77897,-2.77897,5961.0,,,1.21,,,1441.91,,,,,,CANDIDATE
9.2224171,9.8e-06,-9.8e-06,15.6527771,0.6736003,-0.6736003,3109.7617072,36.87473,-36.87473,6332.0,133.626,-133.626,2.5926199,0.109417,-0.109417,1125.057365,,,1477.1119659,,,CANDIDATE
8.159487,2.5e-05,-2.5e-05,3.3709444,0.922109,-0.922109,757.1865282,32.76288,-32.76288,5860.0,126.031,-126.031,1.2115099,0.0594473,-0.0594473,236.8223938,,,1000.5192324,,,CANDIDATE
7.748612,2.23e-05,-2.23e-05,2.2168828,0.7953379,-0.7953379,5124.9808086,450.5409,-450.5409,3230.0,157.0,-157.0,0.307821,0.0091862,-0.0091862,3.6244475,,,351.9088621,,,CANDIDATE
8.4130034,2.53e-05,-2.53e-05,4.3741604,2.483735,-2.483735,490.4350481,36.387394,-36.387394,6529.0,133.469,-133.469,1.92409,0.0838945,-0.0838945,752.108278,,,1335.6413065,,,CANDIDATE
1.5505494,1.4e-06,-1.4e-06,8.21753,0.357131,-0.357131,1576.0,65.566,-65.566,,,,2.02,0.07,-0.07,7457.95,,,2588.0,,,CANDIDATE
4.218076,6.4e-06,-6.4e-06,10.0080468,0.1259614,-0.1259614,7882.0701205,125.55036,-125.55036,5780.0,,,1.0,,,382.7103105,,,1128.0732222,,,CONFIRMED
4.8768783,5.39e-05,-5.39e-05,4.71563,0.438282,-0.438282,3800.0,10.2625,-10.2625,4562.0,120.541,-120.541,0.75,0.06,-0.06,295.298,,,1154.0,,,CANDIDATE
4.5992844,1.55e-05,-1.55e-05,19.0560523,1.301697,-1.301697,3654.1353754,85.0651,-85.0651,5695.0,132.098,-132.098,3.1233001,0.176914,-0.176914,3114.1185902,,,1905.2568703,,,CANDIDATE
7.3436151,0.0001444,-0.0001444,3.996537,1.929498,-1.929498,1314.7094959,116.10533,-116.10533,5406.0,131.891,-131.891,1.0980901,0.060603,-0.060603,175.4529921,,,928.2392842,,,CANDIDATE
3.4468018,7.8e-06,-7.8e-06,9.8310336,3.3501568,-3.3501568,3745.6837264,237.0964,-237.0964,7853.0,136.501,-136.501,1.5443701,0.0501257,-0.0501257,2682.0062952,,,1835.4167797,,,CANDIDATE
1.1882549,4.9e-06,-4.9e-06,12.1227001,3.2767613,-3.2767613,2971.3418778,372.71146,-372.71146,8405.0,154.635,-154.635,1.78789,0.0550854,-0.0550854,18176.4904225,,,2961.4012649,,,CANDIDATE
2.1570462,3.67e-05,-3.67e-05,14.5949243,0.7268147,-0.7268147,17928.3672773,330.31314,-330.31314,5863.0,140.7,-140.7,1.04535,0.0500503,-0.0500503,1041.3249499,,,1448.8262904,,,FALSE POSITIVE
2.9151556,1.17e-05,-1.17e-05,7.4578,,,2910.0,196.266,-196.266,6220.0,,,1.34,,,504.746,,,,,,CANDIDATE
4.4961387,0.0005752,-0.0005752,12.7988183,1.1429387,-1.1429387,10767.3313678,726.6213,-726.6213,5554.0,141.2,-141.2,1.18466,0.0600377,-0.0600377,426.7739259,,,1159.2289516,,,CANDIDATE
1.7561019,0.001041,-0.001041,8.43478,,,11010.0,48.2745,-48.2745,4896.0,122.0,-122.0,0.81,,,1012.39,,,1571.0,,,FALSE POSITIVE
1.2997811,0.0003363,-0.0003363,13.6803,0.895715,-0.895715,7140.0,11.7254,-11.7254,6053.0,247.7,-247.7,1.61,0.08,-0.08,3036.53,,,2068.0,,,FALSE POSITIVE
3.4654953,5.2e-06,-5.2e-06,14.2776184,1.1134071,-1.1134071,5884.1905569,134.21783,-134.21783,5570.3,131.6,-131.6,1.77738,0.128781,-0.128781,1373.5324063,,,1552.6711273,,,CONFIRMED
2.8724894,1.09e-05,-1.09e-05,13.1718,0.741802,-0.741802,13480.0,8.84634,-8.84634,5752.0,183.6,-183.6,1.1,0.05,-0.05,614.779,,,1387.0,,,CANDIDATE
2.9817237,1.58e-05,-1.58e-05,15.4413,1.05725,-1.05725,4970.0,6.13021,-6.13021,7717.5,20.6,-20.6,2.14,0.12,-0.12,2338.63,,,1937.0,,,CANDIDATE
1.5039495,5.2e-06,-5.2e-06,17.3816,3.08744,-3.08744,25120.0,720.038,-720.038,5623.0,132.1,-132.1,0.95,0.07,-0.07,1141.17,,,1619.0,,,CANDIDATE
3.0415724,1.1e-05,-1.1e-05,10.3727,,,6090.0,2.06687,-2.06687,5814.1,,,1.3,,,1021.58,,,,,,CANDIDATE
2.501531,7.3e-06,-7.3e-06,20.1829,15.5508,-15.5508,2980.0,7968.97,-7968.97,5823.0,130.4,-130.4,1.58,0.08,-0.08,2388.65,,,1947.0,,,CANDIDATE
3.3687307,1.11e-05,-1.11e-05,13.6378,,,13270.0,8.05674,-8.05674,5727.0,122.0,-122.0,1.18,,,403.813,,,1248.0,,,CANDIDATE
2.9661661,0.0010404,-0.0010404,16.476,0.849796,-0.849796,19190.0,41.4358,-41.4358,5436.0,32.5,-32.5,1.17,0.01,-0.01,263.25,,,1122.0,,,CANDIDATE
3.500869,7.3e-06,-7.3e-06,13.3258,2.6709,-2.6709,6230.0,192.639,-192.639,5870.0,126.7,-126.7,1.69,0.09,-0.09,913.394,,,1531.0,,,CANDIDATE
3.0086349,1.46e-05,-1.46e-05,13.7329,,,8530.0,6.74479,-6.74479,5984.0,122.0,-122.0,1.46,,,831.069,,,1495.0,,,CANDIDATE
3.3412415,8.3e-06,-8.3e-06,10.2542,2.86905,-2.86905,12360.0,800.673,-800.673,5285.0,149.4,-149.4,0.9,0.05,-0.05,161.632,,,993.0,,,CANDIDATE
2.304583,3.4e-06,-3.4e-06,16.9661,0.97774,-0.97774,10800.0,1.13023,-1.13023,6562.0,180.9,-180.9,1.58,0.09,-0.09,2500.98,,,1970.0,,,CANDIDATE
3.3418892,0.0004222,-0.0004222,13.4003,,,24860.0,41.749,-41.749,4874.0,122.0,-122.0,0.8,,,123.578,,,928.0,,,FALSE POSITIVE
0.8912218,0.0003058,-0.0003058,15.1782,1.1299,-1.1299,9160.0,24.2008,-24.2008,6245.0,136.1,-136.1,1.59,0.08,-0.08,4445.59,,,2274.0,,,FALSE POSITIVE
1.5380702,0.0003362,-0.0003362,18.9812,,,8770.0,24.5268,-24.5268,6125.0,122.0,-122.0,2.06,,,1996.94,,,1862.0,,,FALSE POSITIVE
1.755115,0.0001138,-0.0001138,33.1493745,33.721294,-33.721294,7747.1683435,399.54776,-399.54776,5889.0,153.7,-153.7,2.4012699,0.124875,-0.124875,7316.7400883,,,2358.8436545,,,CANDIDATE
2.5850398,3.2e-06,-3.2e-06,14.2221,0.361035,-0.361035,12980.0,406.857,-406.857,5770.0,52.6,-52.6,1.2,0.02,-0.02,568.458,,,1360.0,,,CANDIDATE
1.2979921,3.4e-06,-3.4e-06,39.1860336,16.82401,-16.82401,10855.6558194,439.68103,-439.68103,4965.0,122.0,-122.0,2.63993,,,1915.81643,,,1687.3618388,,,CANDIDATE
3.2346944,6e-06,-6e-06,13.3160023,0.6625785,-0.6625785,10156.5613928,132.62682,-132.62682,5613.0,107.7,-107.7,1.3147399,0.059593,-0.059593,843.7111506,,,1374.5742272,,,CONFIRMED
5.6133922,1.57e-05,-1.57e-05,15.2695,2.76607,-2.76607,15850.0,513.945,-513.945,5848.0,234.5,-234.5,1.07,0.05,-0.05,91.3894,,,861.0,,,FALSE POSITIVE
7.3105415,2.52e-05,-2.52e-05,15.0553,,,8940.0,503.742,-503.742,6353.0,122.0,-122.0,1.58,,,216.462,,,1068.0,,,CANDIDATE
6.0978165,1.73e-05,-1.73e-05,14.2859,,,15220.0,5.49127,-5.49127,6255.0,122.0,-122.0,1.11,,,283.742,,,1143.0,,,CANDIDATE
3.1198404,0.0001282,-0.0001282,12.1758,1.3005697,-1.3005697,8016.8009531,283.0963,-283.0963,6011.2,41.8,-41.8,1.13476,0.105497,-0.105497,728.1777183,,,1324.8877848,,,CONFIRMED
2.5313956,1.36e-05,-1.36e-05,23.2858,,,9640.0,3669.73,-3669.73,5854.0,122.0,-122.0,1.13,,,3659.88,,,2166.0,,,FALSE POSITIVE
4.2021893,4.4e-06,-4.4e-06,14.1363,2.25235,-2.25235,9310.0,194.2,-194.2,6702.0,194.0,-194.0,1.42,0.06,-0.06,523.564,,,1332.0,,,FALSE POSITIVE
6.481666,1.05e-05,-1.05e-05,22.7901,,,12000.0,713.87,-713.87,7849.0,,,1.99,,,1063.58,,,,,,CANDIDATE
3.1872086,7.62e-05,-7.62e-05,21.2058311,0.9539936,-0.9539936,15583.7155253,197.77478,-197.77478,6578.0,161.6,-161.6,1.64157,0.071583,-0.071583,2037.6641193,,,1713.5741385,,,CANDIDATE
5.2019364,2.89e-05,-2.89e-05,9.64178,0.572269,-0.572269,5830.0,5.67601,-5.67601,6111.0,144.1,-144.1,1.27,0.06,-0.06,312.039,,,1170.0,,,CANDIDATE
4.1632657,9.7e-06,-9.7e-06,17.3522,,,16500.0,880.914,-880.914,5145.0,122.0,-122.0,1.34,,,85.347,,,846.0,,,CANDIDATE
0.3093954,1.04e-05,-1.04e-05,15.7244,,,7680.0,4036.96,-4036.96,4769.0,122.0,-122.0,0.73,,,1703.73,,,1789.0,,,FALSE POSITIVE
1.8639309,1.39e-05,-1.39e-05,14.7339,5.0846,-5.0846,3640.0,848.736,-848.736,6527.4,135.7,-135.7,1.57,0.09,-0.09,19428.3,,,3289.0,,,FALSE POSITIVE
1.1239202,2.3e-06,-2.3e-06,8.30438,0.535139,-0.535139,1100.0,138.531,-138.531,7786.1,105.8,-105.8,2.06,0.08,-0.08,1555.17,,,1749.0,,,CANDIDATE
3.1940809,9.7e-06,-9.7e-06,12.9018,2.74154,-2.74154,3380.0,117.107,-117.107,6417.0,126.9,-126.9,2.24,0.11,-0.11,1528.03,,,1741.0,,,CANDIDATE
0.9277787,2.2e-06,-2.2e-06,13.2413,4.36256,-4.36256,3020.0,261.475,-261.475,6123.0,131.2,-131.2,2.42,0.14,-0.14,1195.25,,,1638.0,,,CANDIDATE
1.9410635,9.89e-05,-9.89e-05,11.8231228,0.227919,-0.227919,4846.7705905,134.97005,-134.97005,6497.2,,,1.46336,,,2216.7805559,,,1750.0498731,,,CANDIDATE
5.271813,9.6e-06,-9.6e-06,10.3325,3.08475,-3.08475,20390.0,702.375,-702.375,5947.6,654.6,-654.6,0.73,0.16,-0.16,435.707,,,1272.0,,,CANDIDATE
0.476873,4.42e-05,-4.42e-05,16.2032,3.79009,-3.79009,1930.0,7.72333,-7.72333,5877.0,697.0,-697.0,3.57,0.8,-0.8,5402.97,,,2388.0,,,FALSE POSITIVE
2.5650361,1.55e-05,-1.55e-05,13.0681,,,9190.0,943.168,-943.168,5866.0,122.0,-122.0,1.34,,,717.151,,,1441.0,,,CANDIDATE
2.5402287,5.2e-06,-5.2e-06,16.3917196,0.5753923,-0.5753923,8272.7904433,145.21654,-145.21654,9339.0,256.5,-256.5,1.5968,0.0536608,-0.0536608,7355.9058604,,,1939.0,,,CANDIDATE
5.7694373,2.72e-05,-2.72e-05,11.9640451,0.8375738,-0.8375738,4655.9610935,310.443,-310.443,5499.0,122.0,-122.0,1.5989701,,,542.4861018,,,1230.8833686,,,CANDIDATE
1.9804293,9.1e-06,-9.1e-06,10.1264,3.84238,-3.84238,1830.0,723.852,-723.852,6381.0,130.2,-130.2,1.29,0.06,-0.06,15472.4,,,3107.0,,,CANDIDATE
4.1273472,2.34e-05,-2.34e-05,20.1447,1.21618,-1.21618,18840.0,40.4997,-40.4997,7795.0,149.9,-149.9,1.44,0.05,-0.05,1041.76,,,1582.0,,,FALSE POSITIVE
1.3298469,0.0003009,-0.0003009,6.98364,2.55227,-2.55227,2190.0,798.326,-798.326,5791.1,52.5,-52.5,0.81,0.04,-0.04,32313.0,,,3735.0,,,FALSE POSITIVE
17.8552322,3.43e-05,-3.43e-05,14.5976753,0.6868606,-0.6868606,8831.6711744,165.61226,-165.61226,6779.2,106.3,-106.3,1.49114,0.0669849,-0.0669849,183.2136427,,,938.3377787,,,CONFIRMED
4.0875563,9.47e-05,-9.47e-05,19.9932642,0.8395072,-0.8395072,15662.5623222,158.39491,-158.39491,6454.0,225.6,-225.6,1.55158,0.0637588,-0.0637588,1655.4640288,,,1626.8581476,,,CANDIDATE
4.3170598,0.0002595,-0.0002595,12.9424,0.684476,-0.684476,10240.0,4.77829,-4.77829,6017.0,147.1,-147.1,1.25,0.06,-0.06,361.994,,,1215.0,,,FALSE POSITIVE
1.764534,4.8e-06,-4.8e-06,23.84,,,27120.0,1961.8,-1961.8,6479.0,122.0,-122.0,1.2,,,3379.0,,,2124.0,,,FALSE POSITIVE
1.9990323,2.5e-06,-2.5e-06,12.7486,3.42818,-3.42818,12390.0,811.547,-811.547,5675.0,129.4,-129.4,1.07,0.06,-0.06,241.443,,,1098.0,,,CANDIDATE
4.4178042,0.0001971,-0.0001971,6.4020317,0.7326464,-0.7326464,6790.1682056,234.63203,-234.63203,4864.0,135.9,-135.9,0.785799,0.0516809,-0.0516809,130.1481354,,,861.4483375,,,CONFIRMED
4.5956692,3.9e-06,-3.9e-06,14.2314,,,11760.0,286.994,-286.994,6157.0,,,1.3,,,485.021,,,,,,CANDIDATE
0.9399664,4.03e-05,-4.03e-05,6.6149456,2.76346,-2.76346,587.9364245,44.67597,-44.67597,6300.3,140.1,-140.1,2.5465,0.137786,-0.137786,22464.7891996,,,3122.4488768,,,FALSE POSITIVE
2.1083693,5.5e-06,-5.5e-06,13.1161,,,9250.0,336.021,-336.021,10984.0,130.0,-130.0,1.35,,,17992.5,,,3226.0,,,CANDIDATE
3.007925,3e-06,-3e-06,15.3022,1.27075,-1.27075,7760.0,194.924,-194.924,7457.0,287.0,-287.0,1.68,0.14,-0.14,1401.91,,,1704.0,,,CANDIDATE
9.8170028,0.000614,-0.000614,12.7271,1.00248,-1.00248,6510.0,24.1325,-24.1325,5994.3,116.9,-116.9,1.49,0.07,-0.07,196.707,,,1043.0,,,CANDIDATE
8.084554,0.0017143,-0.0017143,14.1848,6.136,-6.136,6180.0,2318.97,-2318.97,5739.0,160.2,-160.2,1.15,0.07,-0.07,159.573,,,990.0,,,CANDIDATE
4.6387689,7.1e-06,-7.1e-06,13.0535,0.656212,-0.656212,11400.0,303.118,-303.118,5543.7,113.4,-113.4,1.2,0.06,-0.06,340.838,,,1153.9361568,,,CANDIDATE
5.2667367,2.14e-05,-2.14e-05,8.71675,0.563045,-0.563045,2910.0,209.582,-209.582,5938.0,145.3,-145.3,1.6,0.08,-0.08,248.814,,,1106.0,,,CONFIRMED
1.3176767,8.9e-06,-8.9e-06,4.16809,0.392416,-0.392416,530.0,79.9536,-79.9536,7176.0,503.1,-503.1,1.73,0.07,-0.07,3463.78,,,2137.0,,,FALSE POSITIVE
9.10326,3e-05,-3e-05,26.9344,8.30257,-8.30257,14080.0,3775.36,-3775.36,5467.0,130.0,-130.0,1.21,0.07,-0.07,61.7667,,,781.0,,,CANDIDATE
3.121339,0.0001901,-0.0001901,9.21314,0.317389,-0.317389,26300.0,6.56512,-6.56512,3858.0,157.0,-157.0,0.56,0.02,-0.02,235.634,,,1091.0,,,FALSE POSITIVE
4.4168832,1.07e-05,-1.07e-05,14.9431,3.25702,-3.25702,11250.0,418.25,-418.25,5847.0,145.1,-145.1,1.42,0.07,-0.07,495.827,,,1314.0,,,CANDIDATE
3.5410781,6.1e-06,-6.1e-06,4.63661,0.353564,-0.353564,3020.0,130.405,-130.405,4652.0,119.7,-119.7,0.82,0.06,-0.06,112.33,,,906.0,,,CANDIDATE
11.3201226,1.66e-05,-1.66e-05,12.7584,2.80094,-2.80094,31070.0,1064.46,-1064.46,4971.0,143.0,-143.0,0.74,0.05,-0.05,28.0204,,,640.0,,,CANDIDATE
4.1584817,5.4e-06,-5.4e-06,16.4644,,,7650.0,184.965,-184.965,7486.0,,,1.87,,,1630.09,,,,,,CANDIDATE
3.7037478,1.33e-05,-1.33e-05,14.1169,0.833223,-0.833223,4210.0,207.549,-207.549,6688.0,137.9,-137.9,2.2,0.11,-0.11,2328.97,,,1935.0,,,CANDIDATE
3.0827487,1.4e-06,-1.4e-06,20.1593,0.951259,-0.951259,14750.0,159.715,-159.715,7658.5,148.8,-148.8,1.61,0.08,-0.08,2957.04,,,2054.0,,,CANDIDATE
16.45209,,,8.62362,1.00106,-1.00106,3320.0,17.571,-17.571,5573.0,130.8,-130.8,1.85,0.11,-0.11,,,,,,,CANDIDATE
8.4843917,6.45e-05,-6.45e-05,13.159,3.12315,-3.12315,5630.0,2134.37,-2134.37,5859.7,131.4,-131.4,1.65,0.2,-0.2,396.459,,,1243.0,,,CANDIDATE
5.5280331,5.76e-05,-5.76e-05,9.24388,0.604716,-0.604716,1850.0,172.018,-172.018,,,,2.11,0.08,-0.08,811.914,,,1487.0,,,CANDIDATE
3.8212977,0.0001557,-0.0001557,11.6869491,0.6743396,-0.6743396,13607.9927553,214.6267,-214.6267,5342.0,129.4,-129.4,0.992137,0.0536683,-0.0536683,330.730008,,,1087.6474599,,,CANDIDATE
9.3236885,2.35e-05,-2.35e-05,13.41,,,12730.0,790.806,-790.806,5505.0,122.0,-122.0,1.15,,,26.3577,,,631.0,,,CANDIDATE
1.805376,5.44e-05,-5.44e-05,12.0157766,0.8062136,-0.8062136,21680.3724998,337.05713,-337.05713,5090.0,127.7,-127.7,0.820538,0.0519572,-0.0519572,535.3422852,,,1226.8109303,,,CONFIRMED
4.9056578,1.42e-05,-1.42e-05,9.37482,0.500602,-0.500602,9475.0,415.413,-415.413,5989.7,100.6,-100.6,1.01,0.05,-0.05,357.504,,,1211.0,,,CANDIDATE
4.0088245,9.65e-05,-9.65e-05,11.5444262,0.7286459,-0.7286459,21483.7462243,187.97467,-187.97467,5007.0,114.7,-114.7,0.795696,0.0489648,-0.0489648,165.190061,,,914.3568608,,,CONFIRMED
3.7026941,5.5e-06,-5.5e-06,20.0,9.40308,-9.40308,13130.0,3197.47,-3197.47,6282.0,136.3,-136.3,1.5,0.07,-0.07,540.162,,,1343.0,,,CANDIDATE
3.2523102,0.0006564,-0.0006564,9.6972,,,11410.0,10.6376,-10.6376,5396.4,86.0,-86.0,0.9,,,382.391,,,1231.0,,,CANDIDATE
8.0635,6e-05,-6e-05,24.3071,7.87344,-7.87344,5180.0,1684.47,-1684.47,5657.0,118.0,-118.0,1.71,0.1,-0.1,621.088,,,1390.0,,,FALSE POSITIVE
5.016641,1.38e-05,-1.38e-05,17.7733,0.899605,-0.899605,10347.0,414.359,-414.359,6616.0,150.7,-150.7,1.83,0.08,-0.08,489.828,,,1310.0,,,CANDIDATE
4.0517972,1e-05,-1e-05,11.2646,0.704377,-0.704377,6256.0,221.382,-221.382,6284.0,126.6,-126.6,1.45,0.08,-0.08,506.135,,,1321.0,,,CANDIDATE
2.3874731,2.99e-05,-2.99e-05,15.9427336,0.6981905,-0.6981905,14252.9367639,120.55249,-120.55249,6566.0,199.1,-199.1,1.27379,0.0550553,-0.0550553,1799.1007103,,,1661.0534911,,,CANDIDATE
1.2678043,2.5e-06,-2.5e-06,8.74635,,,8549.0,1288.93,-1288.93,5303.0,124.0,-124.0,0.9,,,328.939,,,1186.0,,,CANDIDATE
3.6554335,3.3e-06,-3.3e-06,15.7486,0.746894,-0.746894,9680.0,157.482,-157.482,6321.0,134.0,-134.0,1.56,0.07,-0.07,1005.1,,,1568.0,,,CANDIDATE
2.6816329,0.000715,-0.000715,13.2689,,,3100.0,17.1943,-17.1943,7047.0,122.0,-122.0,2.34,,,1859.62,,,1829.0,,,FALSE POSITIVE
6.3854622,2.65e-05,-2.65e-05,9.57629,2.55507,-2.55507,6720.0,381.356,-381.356,5519.0,246.3,-246.3,1.17,0.06,-0.06,213.106,,,1064.0,,,CANDIDATE
1.7384809,1.26e-05,-1.26e-05,12.9358521,0.8135636,-0.8135636,3882.8974217,150.71355,-150.71355,5540.0,126.8,-126.8,1.72093,0.0970854,-0.0970854,3182.4341084,,,1915.6210676,,,FALSE POSITIVE
3.0789699,6.3e-06,-6.3e-06,15.4449,0.812247,-0.812247,9695.0,296.149,-296.149,6153.0,131.7,-131.7,1.64,0.08,-0.08,1319.62,,,1679.0,,,CANDIDATE
1.4822451,1.1e-06,-1.1e-06,14.0641,0.891826,-0.891826,21920.0,2.75825,-2.75825,5115.0,101.7,-101.7,0.91,0.06,-0.06,442.993,,,1278.0,,,CONFIRMED
3.1493729,3.3e-06,-3.3e-06,13.6409,,,18830.0,419.657,-419.657,5766.0,122.0,-122.0,0.96,,,465.25,,,1293.0,,,CANDIDATE
3.1315583,1.08e-05,-1.08e-05,11.2819,0.693629,-0.693629,5140.0,251.245,-251.245,5684.0,128.0,-128.0,1.69,0.09,-0.09,1058.47,,,1589.0,,,CANDIDATE
2.4188647,4.6e-06,-4.6e-06,20.8975,1.24817,-1.24817,5441.0,242.93,-242.93,7316.0,141.1,-141.1,2.9,0.15,-0.15,2177.78,,,1903.0,,,CANDIDATE
3.2337884,5.9e-06,-5.9e-06,15.3732,0.858438,-0.858438,9188.0,404.295,-404.295,6065.0,125.9,-125.9,1.64,0.08,-0.08,366.758,,,1219.0,,,CANDIDATE
3.4898546,5.4e-06,-5.4e-06,14.1029,0.943051,-0.943051,14004.0,660.125,-660.125,6083.0,130.9,-130.9,1.2,0.07,-0.07,169.429,,,1005.0,,,CANDIDATE
3.1988858,0.0004347,-0.0004347,19.4201044,0.8295097,-0.8295097,12106.5704512,567.9582,-567.9582,6133.0,122.0,-122.0,1.7076499,,,1852.610398,,,1673.2690337,,,CANDIDATE
14.2337615,5.12e-05,-5.12e-05,6.823525,2.0148726,-2.0148726,4283.0743607,358.0657,-358.0657,5692.0,127.9,-127.9,1.03392,0.0661206,-0.0661206,75.5085226,,,751.8284274,,,CANDIDATE
4.8893985,1.92e-05,-1.92e-05,12.8723,0.859652,-0.859652,6907.0,384.004,-384.004,5639.0,128.7,-128.7,1.62,0.09,-0.09,227.422,,,1081.0,,,CANDIDATE
5.6902814,0.00058,-0.00058,12.9495,1.18877,-1.18877,21290.0,28.266,-28.266,5400.1,39.0,-39.0,0.86,0.07,-0.07,121.736,,,925.0,,,FALSE POSITIVE
3.2131823,9e-06,-9e-06,13.6367,,,13772.0,571.746,-571.746,5688.6,51.7,-51.7,1.3,,,734.312,,,1450.0,,,CANDIDATE
5.7456862,2.12e-05,-2.12e-05,10.8845,,,9441.0,457.734,-457.734,5867.3,102.4,-102.4,1.19,,,258.608,,,1117.0,,,CANDIDATE
7.6460931,3.46e-05,-3.46e-05,8.25522,0.466303,-0.466303,3132.0,142.297,-142.297,6065.0,127.9,-127.9,1.49,0.07,-0.07,206.451,,,1056.0,,,CANDIDATE
2.9708659,6.04e-05,-6.04e-05,14.8135617,0.7202073,-0.7202073,11761.9984291,231.97023,-231.97023,6122.0,130.4,-130.4,1.30269,0.0597739,-0.0597739,1181.3395539,,,1495.2487083,,,CANDIDATE
19.8875338,0.003569,-0.003569,13.605,5.27748,-5.27748,3020.0,925.521,-925.521,5856.2,112.3,-112.3,1.57,0.07,-0.07,17.0243,,,565.0,,,FALSE POSITIVE
3.4945148,4.3e-06,-4.3e-06,11.03,0.610796,-0.610796,8254.0,285.086,-285.086,5699.0,127.7,-127.7,1.2,0.06,-0.06,362.88,,,1215.0,,,CANDIDATE
3.9365629,6.1e-06,-6.1e-06,8.09927,0.333912,-0.333912,15461.0,821.74,-821.74,3689.0,157.0,-157.0,0.61,0.02,-0.02,41.2897,,,706.0,,,CONFIRMED
1.9617969,0.0001487,-0.0001487,13.2107214,0.3344797,-0.3344797,14086.214603,380.50485,-380.50485,6026.0,122.0,-122.0,1.09703,,,1400.0225662,,,1560.1038498,,,CONFIRMED
2.6340964,0.0006795,-0.0006795,4.1106,1.20258,-1.20258,2250.0,12.5341,-12.5341,5163.2,714.1,-714.1,0.83,0.23,-0.23,1091.48,,,1601.0,,,FALSE POSITIVE
3.2403602,4.5e-06,-4.5e-06,12.8678,0.743583,-0.743583,9687.0,211.685,-211.685,6605.4,145.8,-145.8,1.36,0.08,-0.08,1165.99,,,1627.0,,,CANDIDATE
2.5266409,1.05e-05,-1.05e-05,18.3972,6.65775,-6.65775,2690.0,250.354,-250.354,7233.0,169.6,-169.6,3.6,0.44,-0.44,761.094,,,1463.0,,,CANDIDATE
5.0859432,7.2e-06,-7.2e-06,13.8966,,,7091.0,1219.56,-1219.56,6360.4,,,1.48,,,756.586,,,,,,FALSE POSITIVE
1.8048106,0.0002666,-0.0002666,14.8028768,1.1897252,-1.1897252,4555.9682539,186.855,-186.855,5972.0,123.5,-123.5,2.1619599,0.106453,-0.106453,5932.9885061,,,2238.402212,,,CANDIDATE
4.2186625,0.0002546,-0.0002546,13.6976778,0.8217431,-0.8217431,18527.6525232,340.44202,-340.44202,5425.9,114.6,-114.6,1.0068901,0.0550478,-0.0550478,311.7091966,,,1071.6603274,,,CONFIRMED
4.9276886,8e-06,-8e-06,21.6677618,22.295233,-22.295233,13381.8682851,480.5677,-480.5677,5263.0,121.1,-121.1,1.1462801,0.0638442,-0.0638442,301.3662182,,,1062.6576955,,,CANDIDATE
5.7208592,1.2e-05,-1.2e-05,14.6233,,,15720.0,665.141,-665.141,5856.0,122.0,-122.0,1.13,,,193.036,,,1038.0,,,CANDIDATE
0.4941631,6e-07,-6e-07,3.325,,,536.0,49.3092,-49.3092,6219.7,,,1.33,,,3757.98,,,,,,CANDIDATE
1.2205315,2.7e-06,-2.7e-06,43.2978,16.8323,-16.8323,3898.0,8926.09,-8926.09,8273.0,138.2,-138.2,3.49,0.59,-0.59,38806.5,,,3910.0,,,CANDIDATE
4.084447,3.4e-06,-3.4e-06,14.1047,0.815883,-0.815883,20681.0,595.309,-595.309,5458.0,131.5,-131.5,0.96,0.05,-0.05,101.257,,,883.0,,,CANDIDATE
1.5492212,0.000672,-0.000672,6.80431,0.506666,-0.506666,1420.0,4.2224,-4.2224,8364.0,129.8,-129.8,1.78,0.08,-0.08,8634.8,,,2685.0,,,FALSE POSITIVE
1.831733,8.6e-06,-8.6e-06,12.5113,1.00871,-1.00871,2188.0,197.189,-197.189,7308.0,136.0,-136.0,2.7,0.16,-0.16,2527.3,,,1975.0,,,CANDIDATE
2.959842,5.6e-06,-5.6e-06,12.6502,0.717909,-0.717909,11248.0,447.283,-447.283,5585.0,122.3,-122.3,1.13,0.06,-0.06,436.937,,,1273.0,,,CANDIDATE
2.1795448,2.7e-06,-2.7e-06,21.4131,,,24110.0,609.563,-609.563,5840.0,122.0,-122.0,1.42,,,875.049,,,1515.0,,,CANDIDATE
2.923461,1.74e-05,-1.74e-05,15.738,,,5092.0,345.0,-345.0,5858.5,106.7,-106.7,2.4,,,1209.83,,,1643.0,,,CANDIDATE
3.2637419,0.0012015,-0.0012015,13.3617,,,8150.0,25.2203,-25.2203,6016.1,45.4,-45.4,1.42,,,328.681,,,1186.0,,,CANDIDATE
1.7556768,0.0002993,-0.0002993,13.529,2.53357,-2.53357,12260.0,10.8247,-10.8247,5670.5,552.6,-552.6,1.19,0.22,-0.22,888.169,,,1520.0,,,CANDIDATE
1.5244603,6.3e-06,-6.3e-06,14.6878,5.83681,-5.83681,1648.0,4082.71,-4082.71,6714.1,145.2,-145.2,1.85,0.11,-0.11,13258.6,,,2356.9493582,,,CANDIDATE
3.4796904,8.9e-06,-8.9e-06,16.6632,0.976654,-0.976654,3796.0,108.747,-108.747,6841.0,164.6,-164.6,2.97,0.16,-0.16,1684.37,,,1784.0,,,CANDIDATE
4.6017262,9.8e-06,-9.8e-06,13.5575,,,14162.0,1044.45,-1044.45,5981.0,122.0,-122.0,1.12,,,87.4587,,,851.0,,,CANDIDATE
2.277182,0.0006275,-0.0006275,8.26117,0.726829,-0.726829,5220.0,11.5905,-11.5905,5622.0,127.6,-127.6,1.12,0.08,-0.08,394.584,,,1241.0,,,CANDIDATE
5.5122277,1.99e-05,-1.99e-05,12.2781,,,10785.0,641.71,-641.71,5587.5,119.3,-119.3,1.18,,,165.052,,,998.0,,,CANDIDATE
4.0898871,4.5e-06,-4.5e-06,15.4339,1.19358,-1.19358,30000.0,478.978,-478.978,6191.8,,,1.11,0.08,-0.08,392.925,,,1240.0,,,CANDIDATE
2.3882776,9.6e-06,-9.6e-06,18.5453,,,12572.0,24216.6,-24216.6,5097.0,122.0,-122.0,0.87,,,2401.38,,,1950.0,,,FALSE POSITIVE
1.7025848,6.6e-06,-6.6e-06,11.8582247,0.9856417,-0.9856417,7466.6719822,558.3052,-558.3052,5504.0,122.0,-122.0,1.27966,,,1762.6925977,,,1652.5853359,,,CANDIDATE
3.9497635,0.0005688,-0.0005688,18.2571108,14.586028,-14.586028,8478.1708441,748.2278,-748.2278,6373.0,128.6,-128.6,1.44338,0.0674371,-0.0674371,1096.7458697,,,1467.7302713,,,CANDIDATE
9.9908116,0.0020103,-0.0020103,13.9288,,,4620.0,2.61376,-2.61376,7934.0,,,2.02,,,335.88,,,,,,CANDIDATE
3.5639862,1.44e-05,-1.44e-05,10.1033,0.83134,-0.83134,2126.0,166.325,-166.325,6940.9,137.1,-137.1,2.41,0.14,-0.14,737.328,,,1451.0,,,FALSE POSITIVE
3.2975093,9.4e-06,-9.4e-06,12.8987,0.778444,-0.778444,13404.0,623.99,-623.99,5556.0,213.2,-213.2,1.18,0.06,-0.06,349.544,,,1204.0,,,CANDIDATE
0.8746494,0.0004607,-0.0004607,3.71319,0.355009,-0.355009,1910.0,8.91633,-8.91633,4977.4,111.6,-111.6,0.81,0.05,-0.05,1522.95,,,1740.0,,,CANDIDATE
4.4085194,0.0002461,-0.0002461,12.4986982,0.6465426,-0.6465426,8977.0354304,133.06244,-133.06244,5961.2,106.9,-106.9,1.2983299,0.0614598,-0.0614598,648.882601,,,1287.2452024,,,CONFIRMED
5.4439776,0.0012798,-0.0012798,16.8830792,5.5288196,-5.5288196,9179.0608475,963.7226,-963.7226,5717.0,122.0,-122.0,1.41985,,,518.5661197,,,1217.0846478,,,CANDIDATE
0.7415247,1.2e-06,-1.2e-06,13.5277,0.985763,-0.985763,2342.0,157.969,-157.969,5921.0,120.4,-120.4,2.73,0.17,-0.17,2304.37,,,1930.0,,,CANDIDATE
1.2126653,4.8e-06,-4.8e-06,10.8168,1.85428,-1.85428,5132.0,545.257,-545.257,5958.7,505.2,-505.2,1.51,0.24,-0.24,1112.72,,,1609.0,,,CANDIDATE
4.7150255,2.4e-06,-2.4e-06,17.6148,3.60232,-3.60232,4566.0,7099.47,-7099.47,5756.9,195.2,-195.2,1.2,0.06,-0.06,1853.5,,,1827.0,,,FALSE POSITIVE
2.1947767,0.0003173,-0.0003173,13.7928815,17.876797,-17.876797,7174.209618,524.1912,-524.1912,5601.5,121.3,-121.3,1.05234,0.0642663,-0.0642663,899.1857327,,,1396.6323632,,,CANDIDATE
1.7266138,3.6e-06,-3.6e-06,16.1222,1.09622,-1.09622,12043.0,1033.84,-1033.84,5972.0,151.6,-151.6,1.41,0.07,-0.07,315.053,,,1836.4094485,,,CANDIDATE
2.4254068,0.0013362,-0.0013362,11.0715,0.788839,-0.788839,1910.0,5.1026,-5.1026,8290.0,167.7,-167.7,2.51,0.11,-0.11,7043.91,,,2552.0,,,FALSE POSITIVE
2.2390796,2.9e-06,-2.9e-06,16.4201,,,17069.0,412.326,-412.326,5615.0,122.0,-122.0,1.29,,,891.034,,,1522.0,,,CANDIDATE
4.4619426,1.45e-05,-1.45e-05,13.0569,,,10390.0,450.099,-450.099,5854.0,122.0,-122.0,1.36,,,399.27,,,1245.0,,,CANDIDATE
5.9577768,1.79e-05,-1.79e-05,12.4756295,0.4923419,-0.4923419,12419.1287881,282.91254,-282.91254,5219.0,122.0,-122.0,1.12249,,,218.579857,,,980.6686318,,,CANDIDATE
3.6923071,0.000229,-0.000229,14.2002,1.08284,-1.08284,14130.0,15.647,-15.647,8469.0,780.2,-780.2,1.1,0.08,-0.08,375.352,,,1226.0,,,FALSE POSITIVE
4.8542148,5.8e-05,-5.8e-05,18.9133256,0.925474,-0.925474,7842.3157995,53.60526,-53.60526,7259.3,108.6,-108.6,2.0394399,0.0992162,-0.0992162,2370.8794126,,,1779.7012929,,,FALSE POSITIVE
5.9664078,6.7e-06,-6.7e-06,12.7661,0.702355,-0.702355,20351.0,645.011,-645.011,5418.0,118.2,-118.2,0.89,0.05,-0.05,111.516,,,905.0,,,CANDIDATE
1.38665,,,15.5656,0.813864,-0.813864,24680.0,0.231424,-0.231424,5444.0,126.2,-126.2,0.93,0.05,-0.05,1237.91,,,1652.0,,,FALSE POSITIVE
4.6401269,0.0002793,-0.0002793,10.2407443,0.6686679,-0.6686679,9954.9098835,179.02782,-179.02782,5191.0,131.0,-131.0,1.00936,0.0602211,-0.0602211,243.0337156,,,1007.016024,,,CONFIRMED
3.3462671,8.2e-06,-8.2e-06,12.1727,0.686426,-0.686426,4070.0,0.790036,-0.790036,5501.0,124.7,-124.7,1.91,0.1,-0.1,711.319,,,1438.0,,,CANDIDATE
1.3697115,2.4e-06,-2.4e-06,20.6045,5.85772,-5.85772,3867.0,4225.81,-4225.81,7321.3,132.5,-132.5,2.15,0.12,-0.12,18782.0,,,3261.0,,,CANDIDATE
3.105654,8.7e-06,-8.7e-06,17.6225,,,12400.0,25.1553,-25.1553,6241.0,122.0,-122.0,1.44,,,643.523,,,1403.0,,,FALSE POSITIVE
4.9777448,1.5e-05,-1.5e-05,12.9782,,,13389.0,628.795,-628.795,5785.0,122.0,-122.0,1.21,,,238.883,,,1095.0,,,CANDIDATE
5.0778064,0.0001727,-0.0001727,14.9343184,0.9164556,-0.9164556,14469.3182017,169.63617,-169.63617,5262.0,159.8,-159.8,1.24347,0.0743216,-0.0743216,340.2177584,,,1095.3653389,,,CANDIDATE
3.246208,0.0001879,-0.0001879,13.2996429,0.7229807,-0.7229807,9405.9910446,184.73451,-184.73451,6088.0,151.3,-151.3,1.34548,0.0669749,-0.0669749,1107.8472213,,,1471.4303775,,,CONFIRMED
2.4145007,6.1e-06,-6.1e-06,15.7019,,,7472.5714594,414.79016,-414.79016,6391.0,122.0,-122.0,1.67,,,1150.77,,,1622.0,,,CANDIDATE
10.0755592,1.73e-05,-1.73e-05,8.169,0.756713,-0.756713,5820.0,518.672,-518.672,4798.6,106.2,-106.2,0.97,0.08,-0.08,4.4805,,,405.0,,,CANDIDATE
3.3411398,4.3e-06,-4.3e-06,15.9091,0.706385,-0.706385,15431.0,284.847,-284.847,6702.0,155.1,-155.1,1.3,0.06,-0.06,1126.75,,,1614.0,,,CANDIDATE
9.0881638,0.0003139,-0.0003139,12.8974,0.762001,-0.762001,24660.0,3.40598,-3.40598,5211.0,134.1,-134.1,0.8,0.05,-0.05,57.0645,,,765.0,,,CONFIRMED
2.5400911,0.0012765,-0.0012765,5.00683,0.601564,-0.601564,4260.0,24.6267,-24.6267,4245.0,140.1,-140.1,0.77,0.07,-0.07,102.529,,,886.0,,,CANDIDATE
4.4236103,1.93e-05,-1.93e-05,13.1733,1.05742,-1.05742,5831.0,291.084,-291.084,6120.1,137.5,-137.5,1.86,0.13,-0.13,1421.6916309,,,1549.0,,,CANDIDATE
2.3467263,0.0003722,-0.0003722,15.2126883,0.9539552,-0.9539552,6652.2691917,237.2649,-237.2649,6121.8,106.5,-106.5,1.78044,0.0931558,-0.0931558,3021.6682115,,,1890.956087,,,CANDIDATE
3.0423931,0.000383,-0.000383,18.1780385,1.0154984,-1.0154984,10703.7246212,467.70886,-467.70886,7046.0,223.5,-223.5,1.65768,0.0732965,-0.0732965,2668.9183266,,,1833.1734999,,,CANDIDATE
4.0463709,3.6e-06,-3.6e-06,18.1541478,0.2896212,-0.2896212,27706.6329031,491.4265,-491.4265,5805.0,123.0,-123.0,1.05486,,,446.0901861,,,1172.1290154,,,CANDIDATE
4.4184429,0.0006178,-0.0006178,12.8324877,0.7691362,-0.7691362,12333.3914621,557.8172,-557.8172,6166.0,129.0,-129.0,1.11999,0.0528769,-0.0528769,526.2868256,,,1221.5897336,,,CANDIDATE
4.2605739,0.0007174,-0.0007174,15.3220568,0.9476163,-0.9476163,20069.2666289,1051.8398,-1051.8398,5457.0,122.0,-122.0,1.0759,,,359.3500241,,,1110.4504109,,,CANDIDATE
3.8901335,0.0005858,-0.0005858,19.0494736,1.2613474,-1.2613474,6927.6783585,298.41602,-298.41602,6530.0,157.0,-157.0,2.2370601,0.11803,-0.11803,2845.1375927,,,1862.711381,,,CANDIDATE
1.3944879,0.0001573,-0.0001573,18.0998636,29.871353,-29.871353,12737.547033,586.3105,-586.3105,5483.9,145.7,-145.7,0.965059,,,1298.1724908,,,1530.9212454,,,CANDIDATE
1.9025032,0.000116,-0.000116,11.3732439,0.7500005,-0.7500005,10717.8931836,326.13382,-326.13382,5464.2,124.5,-124.5,1.02592,0.0609447,-0.0609447,959.0316129,,,1419.3123455,,,CONFIRMED
4.3701795,0.000839,-0.000839,15.4523265,0.6119335,-0.6119335,15001.3632154,614.05493,-614.05493,6647.1,112.0,-112.0,1.23067,,,772.6493902,,,1344.6689175,,,CANDIDATE
4.9107194,3.92e-05,-3.92e-05,14.9335,,,8240.0,6.07132,-6.07132,6302.0,122.0,-122.0,1.66,,,838.921,,,1499.0,,,CANDIDATE
7.27299,8.8e-06,-8.8e-06,13.3662,0.77572,-0.77572,13820.0,269.422,-269.422,5400.0,277.5,-277.5,1.13,0.06,-0.06,178.298,,,1018.0,,,CANDIDATE
3.4813814,7.1e-06,-7.1e-06,6.5778157,1.2485672,-1.2485672,5175.9836967,260.0032,-260.0032,5389.0,132.7,-132.7,0.910221,0.0504121,-0.0504121,322.4829107,,,1080.8027122,,,CANDIDATE
2.4802272,0.0008213,-0.0008213,15.7506,,,8420.0,9.03318,-9.03318,6267.0,122.0,-122.0,1.72,,,2003.04,,,1863.0,,,CANDIDATE
3.0108217,0.0008003,-0.0008003,18.2459,,,8840.0,16.562,-16.562,5983.0,122.0,-122.0,1.89,,,273.596,,,1133.0,,,CANDIDATE
1.5224706,0.0001972,-0.0001972,7.53174,0.842854,-0.842854,8545.4542713,625.58,-625.58,4654.3,230.0,-230.0,0.8,0.08,-0.08,633.3271919,,,1279.4602071,,,CANDIDATE
10.4401778,3.21e-05,-3.21e-05,11.2253,1.26344,-1.26344,14120.0,17.8405,-17.8405,4571.1,148.6,-148.6,0.89,0.09,-0.09,27.7794,,,639.0,,,CANDIDATE
2.1547472,6.12e-05,-6.12e-05,11.6102486,0.3671731,-0.3671731,49552.1823437,571.32574,-571.32574,3538.0,157.0,-157.0,0.50843,0.0150691,-0.0150691,53.5321999,,,689.8799484,,,CONFIRMED
2.4713543,0.0004767,-0.0004767,21.0203111,0.9701951,-0.9701951,8215.1143339,569.6593,-569.6593,6351.8,,,2.0498199,,,1837.1071466,,,1669.7573784,,,CANDIDATE
4.230596,0.0020719,-0.0020719,12.1709,0.919293,-0.919293,3770.0,7.23992,-7.23992,6455.1,100.8,-100.8,2.02,0.12,-0.12,1263.61,,,1661.0,,,CANDIDATE
1.2222265,8.11e-05,-8.11e-05,13.3612412,1.2535077,-1.2535077,7777.4504416,269.48367,-269.48367,6629.1,124.4,-124.4,1.47816,0.0862311,-0.0862311,6057.9111479,,,2250.09303,,,CANDIDATE
4.7378265,0.0010818,-0.0010818,20.9386989,18.860388,-18.860388,3331.699976,475.18338,-475.18338,6533.0,181.7,-181.7,2.6408801,0.126449,-0.126449,3058.6451322,,,1896.714755,,,CANDIDATE
3.5411235,0.0004452,-0.0004452,10.2150358,0.906281,-0.906281,8736.2229728,408.45926,-408.45926,5151.0,168.9,-168.9,1.09532,0.0682236,-0.0682236,401.2147341,,,1141.4685966,,,CANDIDATE
1.0788649,7.4e-05,-7.4e-05,18.4561494,0.5065747,-0.5065747,32197.0916181,864.46094,-864.46094,4920.0,66.1,-66.1,1.31,0.03,-0.03,2357.2189752,,,1777.1321825,,,CANDIDATE
3.9442027,1.24e-05,-1.24e-05,14.6517,,,13590.0,5.16944,-5.16944,6518.1,61.2,-61.2,1.22,,,741.79,,,1453.0,,,CANDIDATE
4.7262208,0.0013113,-0.0013113,12.4034204,0.6293656,-0.6293656,9512.9165619,697.2413,-697.2413,5947.0,122.0,-122.0,1.1428699,,,454.4461913,,,1177.5798524,,,FALSE POSITIVE
4.8404431,0.000412,-0.000412,17.700332,0.4513284,-0.4513284,27037.3771224,841.66766,-841.66766,5925.1,131.8,-131.8,1.04742,,,366.5736704,,,1115.9893923,,,CANDIDATE
13.3988634,0.0027077,-0.0027077,12.8019377,0.705757,-0.705757,6620.0882527,243.75635,-243.75635,6475.0,134.9,-134.9,1.46637,0.0684875,-0.0684875,230.6263738,,,993.9098444,,,CANDIDATE
1.632,0.00042,-0.00042,9.24379,,,5500.0,21.4543,-21.4543,5997.0,122.0,-122.0,1.11,,,806.657,,,1484.0,,,FALSE POSITIVE
2.9594651,0.0021098,-0.0021098,17.5182,7.27343,-7.27343,2460.0,782.468,-782.468,6633.2,117.8,-117.8,2.35,0.12,-0.12,11520.9,,,2886.0,,,CANDIDATE
2.1263167,0.0003576,-0.0003576,22.1075367,1.4044659,-1.4044659,7318.4567789,464.2924,-464.2924,6361.4,114.5,-114.5,2.2823701,0.11112,-0.11112,6216.4494671,,,2264.6722133,,,FALSE POSITIVE
3.3526843,0.0001661,-0.0001661,11.1102207,1.1268069,-1.1268069,11429.0738935,160.2925,-160.2925,6245.0,106.5,-106.5,1.0157599,0.102229,-0.102229,643.2144362,,,1284.4248381,,,CANDIDATE
2.2091186,0.000374,-0.000374,20.0456418,0.8796826,-0.8796826,11835.254258,652.8365,-652.8365,6876.0,122.0,-122.0,1.79471,,,4482.4184345,,,2086.8817852,,,CANDIDATE
5.5609997,1.43e-05,-1.43e-05,15.2954,0.892006,-0.892006,9170.0,2.04433,-2.04433,5863.0,357.4,-357.4,1.58,0.09,-0.09,424.633,,,1264.0,,,CANDIDATE
4.3847594,4.8e-06,-4.8e-06,17.2316994,1.3136953,-1.3136953,8783.8532254,81.16471,-81.16471,6806.6,143.8,-143.8,1.75577,0.132995,-0.132995,1666.4153311,,,1629.5420157,,,CANDIDATE
3.4471559,0.0006088,-0.0006088,16.6194574,0.8537605,-0.8537605,9497.7556385,407.22427,-407.22427,6083.0,122.0,-122.0,1.67828,,,1585.810069,,,1609.4687264,,,CANDIDATE
5.4820954,1.89e-05,-1.89e-05,13.3111519,0.8101916,-0.8101916,8403.0676421,363.85187,-363.85187,5719.0,130.0,-130.0,1.28194,0.0657236,-0.0657236,419.3870005,,,1154.1798573,,,CANDIDATE
2.0449545,0.0001213,-0.0001213,18.9624,0.874119,-0.874119,36060.0,6.73362,-6.73362,5086.8,110.8,-110.8,0.97,0.04,-0.04,638.907,,,1400.0,,,CANDIDATE
8.9279009,0.0009795,-0.0009795,15.0384,0.639276,-0.639276,49560.0,38.564,-38.564,3916.0,157.0,-157.0,0.67,0.02,-0.02,17.5959,,,570.0,,,FALSE POSITIVE
3.9010509,0.0013504,-0.0013504,15.3760904,2.3441672,-2.3441672,3017.5555289,234.5487,-234.5487,6257.0,157.3,-157.3,2.7449501,0.13852,-0.13852,3848.7247292,,,2008.8567199,,,CANDIDATE
1.6883103,0.0007907,-0.0007907,7.5805,,,7400.0,16.7765,-16.7765,4830.0,132.0,-132.0,0.9,,,941.489,,,1543.0,,,CANDIDATE
1.8012697,0.000928,-0.000928,3.19942,0.294622,-0.294622,1800.0,3.63809,-3.63809,4570.0,126.3,-126.3,0.75,0.06,-0.06,1024.77,,,1576.0,,,FALSE POSITIVE
1.5503072,0.0003488,-0.0003488,15.625642,1.0999545,-1.0999545,4601.821312,415.5405,-415.5405,7747.0,208.7,-208.7,1.98568,0.073329,-0.073329,12362.172636,,,2689.3260002,,,CANDIDATE
2.3753009,0.0003826,-0.0003826,14.7510708,1.5344483,-1.5344483,9683.8865565,711.67993,-711.67993,6087.0,122.0,-122.0,1.43317,,,1905.0724424,,,1684.9911465,,,CANDIDATE
1.8751894,8e-06,-8e-06,14.0349,,,9200.0,4.45089,-4.45089,5410.0,122.0,-122.0,1.5,,,1205.51,,,1641.0,,,CANDIDATE
9.4546478,2.48e-05,-2.48e-05,12.7656513,0.472219,-0.472219,1354.9261507,30.23651,-30.23651,5001.6,76.0,-76.0,3.2739301,,,161.2909516,,,908.9128651,,,CANDIDATE
12.4844641,0.0014759,-0.0014759,8.49489,0.407563,-0.407563,17130.0,21.3373,-21.3373,3815.0,157.0,-157.0,0.63,0.02,-0.02,7.652,,,463.0,,,CANDIDATE
2.9157041,7.4e-06,-7.4e-06,13.8344,0.708049,-0.708049,12630.0,2.12034,-2.12034,6400.6,119.9,-119.9,1.2,0.06,-0.06,1361.85,,,1692.0,,,CANDIDATE
3.6502527,1.12e-05,-1.12e-05,21.323,1.87409,-1.87409,9000.0,52.2744,-52.2744,6630.3,102.6,-102.6,1.95,0.1,-0.1,1462.84,,,1722.0,,,FALSE POSITIVE
2.5312823,0.0009511,-0.0009511,11.7709,2.26008,-2.26008,1320.0,43.5352,-43.5352,6170.0,337.6,-337.6,2.98,0.17,-0.17,9149.72,,,2724.0,,,CANDIDATE
5.5455798,0.0009983,-0.0009983,10.3353813,0.7583416,-0.7583416,8040.2832674,364.86206,-364.86206,5354.0,315.4,-315.4,1.07607,0.06451,-0.06451,238.4089829,,,1002.1907807,,,CONFIRMED
3.4391954,0.0001572,-0.0001572,12.4377309,0.4391133,-0.4391133,32914.4087358,722.86084,-722.86084,3902.0,157.0,-157.0,0.637223,0.0189888,-0.0189888,58.4322157,,,705.1521561,,,CONFIRMED
3.4177514,7.1e-06,-7.1e-06,15.3577,0.790461,-0.790461,10160.0,2.47595,-2.47595,5868.0,158.2,-158.2,1.52,0.07,-0.07,734.21,,,1450.0,,,CANDIDATE
2.7509863,2.4e-06,-2.4e-06,12.6685799,0.770943,-0.770943,10686.8965192,215.08722,-215.08722,5317.0,134.8,-134.8,1.0711401,0.0627538,-0.0627538,587.6484052,,,1255.7382989,,,CANDIDATE
25.8944827,0.0005207,-0.0005207,17.6301,3.59975,-3.59975,27610.0,1634.3,-1634.3,4375.0,121.1,-121.1,0.74,0.06,-0.06,2.69966,,,357.0,,,CANDIDATE
0.6843601,0.0001334,-0.0001334,6.83269,0.751495,-0.751495,720.0,5.92887,-5.92887,6779.0,102.4,-102.4,2.17,0.15,-0.15,2045.89,,,1873.0,,,CANDIDATE
2.0042661,0.0001815,-0.0001815,17.4679856,0.9361914,-0.9361914,8701.8905063,244.88925,-244.88925,7284.0,174.8,-174.8,1.8149,0.0837362,-0.0837362,6165.1811066,,,2259.9883961,,,CANDIDATE
6.5718534,0.001704,-0.001704,17.2374292,3.663783,-3.663783,8510.3680527,672.27374,-672.27374,4773.0,122.0,-122.0,1.89337,,,150.7938358,,,893.7491602,,,CANDIDATE
3.1479532,0.0001924,-0.0001924,17.745577,0.7244649,-0.7244649,10550.5908783,179.83112,-179.83112,7298.0,220.4,-220.4,1.63943,0.0635301,-0.0635301,2765.4837198,,,1849.5348804,,,CANDIDATE
3.5414573,0.0015465,-0.0015465,7.74182,,,5930.0,16.2215,-16.2215,5244.0,122.0,-122.0,0.99,,,333.084,,,1190.0,,,CANDIDATE
2.3907751,0.0005889,-0.0005889,21.8606641,1.8332431,-1.8332431,10809.3425575,1078.2849,-1078.2849,5382.0,123.0,-123.0,2.0989001,,,2835.6275008,,,1861.1528619,,,CANDIDATE
2.1803154,0.0002645,-0.0002645,18.3770154,1.2707536,-1.2707536,8016.0263872,276.24652,-276.24652,7166.0,134.8,-134.8,1.9933,0.100849,-0.100849,6330.1622488,,,2274.9584022,,,CANDIDATE
10.3380912,0.0008853,-0.0008853,14.0125,0.645523,-0.645523,6750.0,1.86915,-1.86915,6650.0,181.1,-181.1,1.7,0.07,-0.07,183.03,,,1024.0,,,CANDIDATE
1.55028,5e-05,-5e-05,14.723,4.58264,-4.58264,23529.8,2256.7,-2256.7,5039.5,80.5,-80.5,0.87,0.03,-0.03,1769.75,,,1806.0,,,FALSE POSITIVE
0.9183768,0.000376,-0.000376,7.7093,,,6480.0,109.64,-109.64,5176.0,122.0,-122.0,0.9,,,660.579,,,1412.0,,,CANDIDATE
3.6238662,1.01e-05,-1.01e-05,16.4563404,0.3299118,-0.3299118,11798.1114337,314.60223,-314.60223,6717.3,33.1,-33.1,1.39527,,,1310.9028217,,,1534.6607085,,,CANDIDATE
4.1689145,0.0005913,-0.0005913,7.3156426,1.3284963,-1.3284963,7081.4201521,406.47116,-406.47116,5119.0,167.1,-167.1,0.874119,0.05399,-0.05399,201.8900648,,,961.3875339,,,CANDIDATE
2.9508097,0.0003578,-0.0003578,19.4435142,3.9033902,-3.9033902,8878.2030994,726.67267,-726.67267,5823.8,199.6,-199.6,1.70744,0.211269,-0.211269,1793.3967876,,,1659.7353595,,,CANDIDATE
5.3868381,1.26e-05,-1.26e-05,15.8461,,,18740.0,5.06728,-5.06728,5915.0,122.0,-122.0,1.13,,,255.316,,,1113.0,,,CANDIDATE
2.3365744,0.0009253,-0.0009253,9.51324,,,4580.0,11.7318,-11.7318,6545.0,139.0,-139.0,1.41,,,1516.77,,,1738.0,,,CANDIDATE
5.6089886,3.98e-05,-3.98e-05,8.1185589,0.8302718,-0.8302718,7494.8820162,362.46667,-362.46667,5353.3,33.6,-33.6,0.927391,,,173.8254973,,,926.0791782,,,CANDIDATE
3.10926,0.00045,-0.00045,9.58224,9.58616,-9.58616,5448.84,4.46476,-4.46476,5894.0,190.0,-190.0,1.18,1.18,-1.18,532.263,,,1338.0,,,FALSE POSITIVE
1.4005308,1.4e-06,-1.4e-06,15.9952422,0.1790155,-0.1790155,21518.3969126,250.57712,-250.57712,5765.0,122.0,-122.0,1.06059,,,1816.6738365,,,1665.0948975,,,CANDIDATE
3.2583798,1.24e-05,-1.24e-05,6.27906,0.489746,-0.489746,4800.0,4.94853,-4.94853,4992.1,131.4,-131.4,0.9,0.06,-0.06,197.102,,,1043.0,,,FALSE POSITIVE
6.1080224,2.86e-05,-2.86e-05,12.8902,0.695123,-0.695123,7840.0,3.88211,-3.88211,6204.0,125.9,-125.9,1.48,0.07,-0.07,544.723,,,1345.0,,,CANDIDATE
4.9386676,0.0006581,-0.0006581,21.2842391,3.4790454,-3.4790454,4880.2549784,359.04538,-359.04538,5646.0,122.0,-122.0,3.0218699,,,2578.0960496,,,1817.3748885,,,CANDIDATE
4.6747218,1.12e-05,-1.12e-05,4.73219,0.206202,-0.206202,8200.0,7.52428,-7.52428,3502.0,157.0,-157.0,0.5,0.01,-0.01,11.5347,,,513.0,,,CONFIRMED
4.8163162,2.1e-05,-2.1e-05,14.751756,0.5185754,-0.5185754,15809.0676843,358.35138,-358.35138,5290.0,122.0,-122.0,1.1743,,,330.3698152,,,1087.3512039,,,CANDIDATE
3.0923729,0.0003416,-0.0003416,15.1739,1.07166,-1.07166,7200.0,10.3167,-10.3167,6510.2,150.8,-150.8,1.76,0.1,-0.1,1605.66,,,1763.0,,,CANDIDATE
4.120004,1.29e-05,-1.29e-05,10.4236143,0.6563313,-0.6563313,13334.2651359,438.7785,-438.7785,5497.6,32.2,-32.2,0.902842,,,270.6876112,,,1034.5151246,,,CANDIDATE
0.91677,1e-05,-1e-05,3.12766,0.205199,-0.205199,276.272,0.879078,-0.879078,5825.0,97.8,-97.8,1.71,0.06,-0.06,4151.31,,,2236.0,,,FALSE POSITIVE
13.247777,0.000244,-0.000244,11.7716,0.754998,-0.754998,13420.0,23.8528,-23.8528,5373.8,107.5,-107.5,0.89,0.04,-0.04,74.203,,,817.0,,,FALSE POSITIVE
3.1833919,2.3e-06,-2.3e-06,13.8362,0.682889,-0.682889,9850.0,2.85947,-2.85947,6405.0,201.7,-201.7,1.39,0.06,-0.06,430.956,,,1269.0,,,CANDIDATE
3.2551315,1.29e-05,-1.29e-05,17.8868067,0.3908472,-0.3908472,14394.4055364,444.23987,-444.23987,6433.0,122.0,-122.0,1.3329901,,,1237.4249188,,,1512.6883561,,,CANDIDATE
2.8300213,0.0009204,-0.0009204,6.47417,0.65248,-0.65248,3790.0,27.864,-27.864,6205.0,109.5,-109.5,1.01,0.04,-0.04,462.811,,,1292.0,,,FALSE POSITIVE
14.9857436,0.0009352,-0.0009352,9.39924,0.614637,-0.614637,9980.0,8.10638,-8.10638,5279.0,129.2,-129.2,0.86,0.05,-0.05,155.741,,,984.0,,,FALSE POSITIVE
17.6229161,5.06e-05,-5.06e-05,11.2819,0.69765,-0.69765,8430.0,5.62915,-5.62915,5973.8,142.2,-142.2,1.21,0.07,-0.07,23.6888,,,614.0,,,CANDIDATE
2.6797436,1.01e-05,-1.01e-05,12.2250402,0.7423229,-0.7423229,9857.9233831,350.00034,-350.00034,5573.0,131.6,-131.6,1.07552,0.0583945,-0.0583945,709.9849597,,,1316.5338707,,,CANDIDATE
8.2064867,1.66e-05,-1.66e-05,14.6693181,0.8646077,-0.8646077,29281.2259569,345.89005,-345.89005,5236.1,124.7,-124.7,0.824569,0.0476683,-0.0476683,77.9725277,,,757.8882131,,,FALSE POSITIVE
0.5045539,2.4e-06,-2.4e-06,18.3768141,3.3280954,-3.3280954,18806.2299248,320.6136,-320.6136,5227.0,166.8,-166.8,1.0,,,6493.5059824,,,2289.4942693,,,CANDIDATE
1.6667559,0.000626,-0.000626,5.73913,0.429375,-0.429375,1730.0,4.70509,-4.70509,7189.4,107.2,-107.2,1.4,0.07,-0.07,3970.53,,,2211.0,,,CANDIDATE
5.8677921,2.41e-05,-2.41e-05,12.8354727,0.713846,-0.713846,14083.5242428,293.39172,-293.39172,5565.6,106.7,-106.7,1.04333,0.0518216,-0.0518216,233.7179242,,,997.224075,,,CANDIDATE
1.4658218,0.0001651,-0.0001651,12.9122,0.819436,-0.819436,8700.0,7.72178,-7.72178,5586.0,129.2,-129.2,1.36,0.07,-0.07,491.415,,,1311.0,,,CANDIDATE
2.5492773,8.9e-06,-8.9e-06,13.2377,0.858582,-0.858582,3970.0,3.84637,-3.84637,6862.4,119.6,-119.6,2.07,0.11,-0.11,1223.62,,,1647.0,,,CANDIDATE
3.2905683,1.9e-05,-1.9e-05,14.6087971,0.3460885,-0.3460885,18079.622642,425.41132,-425.41132,5689.0,122.0,-122.0,1.06203,,,560.3316578,,,1240.8835851,,,CANDIDATE
3.8960447,0.000934,-0.000934,12.1478,0.835696,-0.835696,13340.0,15.7225,-15.7225,5295.0,131.8,-131.8,1.02,0.06,-0.06,151.232,,,976.0,,,CANDIDATE
2.8989758,5e-06,-5e-06,10.0928,0.857036,-0.857036,3680.0,18.4165,-18.4165,5908.0,133.4,-133.4,1.47,0.07,-0.07,401.9,,,1247.0,,,CONFIRMED
3.6754815,9.7e-06,-9.7e-06,22.3487036,10.045133,-10.045133,9843.1330115,250.93195,-250.93195,6305.0,178.2,-178.2,1.4902101,0.0791005,-0.0791005,1252.5773445,,,1517.2980079,,,FALSE POSITIVE
3.6346303,0.0003175,-0.0003175,13.6402,,,25220.0,13.9448,-13.9448,5058.0,123.0,-123.0,0.85,,,215.456,,,1067.0,,,CANDIDATE
4.89577,4e-05,-4e-05,3.30734,0.167954,-0.167954,360.0,0.218278,-0.218278,5883.0,52.4,-52.4,1.77,0.08,-0.08,240.778,,,1097.0,,,FALSE POSITIVE
1.0590994,1.23e-05,-1.23e-05,10.6616565,1.6141707,-1.6141707,5155.2973108,235.09889,-235.09889,9332.0,126.0,-126.0,1.42848,,,18843.6190459,,,2988.2080302,,,FALSE POSITIVE
2.9594596,5.3e-06,-5.3e-06,7.75397,0.77082,-0.77082,2140.0,26.307,-26.307,5560.0,123.6,-123.6,1.19,0.06,-0.06,94.5522,,,868.0,,,CANDIDATE
3.8850001,5.3e-06,-5.3e-06,12.1627174,0.6193916,-0.6193916,18102.202403,145.98099,-145.98099,5382.2,108.6,-108.6,0.89315,0.0444924,-0.0444924,268.037691,,,1031.9739072,,,CANDIDATE
3.7178656,9.5e-06,-9.5e-06,13.6754452,0.3047134,-0.3047134,11274.5959098,241.7387,-241.7387,6268.0,122.0,-122.0,1.23586,,,837.7005046,,,1372.1195235,,,CANDIDATE
4.9513106,1.5e-05,-1.5e-05,14.0040077,0.7164033,-0.7164033,8623.7001528,152.36186,-152.36186,5914.0,126.5,-126.5,1.43625,0.0691508,-0.0691508,663.7580626,,,1294.5600539,,,CANDIDATE
4.8709815,1.08e-05,-1.08e-05,21.2108,1.15046,-1.15046,12380.0,2.05649,-2.05649,5908.0,130.9,-130.9,1.87,0.1,-0.1,611.598,,,1385.0,,,CANDIDATE
1.0358225,3.8e-06,-3.8e-06,10.1292,,,6610.0,46.7955,-46.7955,6180.0,122.0,-122.0,1.14,,,1819.34,,,1819.0,,,CANDIDATE
4.8504819,5.08e-05,-5.08e-05,17.4413086,0.8009589,-0.8009589,6852.3350469,248.3279,-248.3279,6313.0,122.0,-122.0,2.05899,,,1660.3166024,,,1628.0490201,,,CANDIDATE
3.2371501,1.61e-05,-1.61e-05,13.8548638,0.5371373,-0.5371373,10146.6837063,289.49194,-289.49194,5800.1,112.8,-112.8,1.35302,,,984.9041254,,,1428.7894629,,,CANDIDATE
3.244299,4.4e-06,-4.4e-06,12.9273057,0.6855241,-0.6855241,5692.0048309,83.75496,-83.75496,5999.0,132.1,-132.1,1.5585901,0.0800503,-0.0800503,1427.7989564,,,1567.7850348,,,CONFIRMED
0.4568,4e-05,-4e-05,6.64264,0.384265,-0.384265,3428.7,9.59936,-9.59936,5777.0,66.7,-66.7,1.03,0.02,-0.02,1132.97,,,1616.0,,,FALSE POSITIVE
5.4290781,9.3e-06,-9.3e-06,24.5471729,9.78399,-9.78399,7391.6084773,172.7723,-172.7723,6403.0,125.9,-125.9,1.86967,0.101146,-0.101146,1214.2295602,,,1505.5491913,,,CANDIDATE
2.5972551,1.98e-05,-1.98e-05,23.7348191,1.0927039,-1.0927039,9907.4814267,599.9783,-599.9783,7054.0,122.0,-122.0,2.1075301,,,5351.1817869,,,2181.3842633,,,CANDIDATE
3.1235179,5.6e-06,-5.6e-06,13.2914966,0.7370533,-0.7370533,15459.8027576,178.88608,-178.88608,5376.0,118.6,-118.6,1.04447,0.0556356,-0.0556356,489.470679,,,1199.6413306,,,CANDIDATE
7.1404043,5.51e-05,-5.51e-05,10.5731,,,8300.0,37.5463,-37.5463,5886.6,137.9,-137.9,1.11,,,53.052,,,751.0,,,FALSE POSITIVE
2.9150294,4.7e-06,-4.7e-06,12.8379,1.56876,-1.56876,13530.0,3.33548,-3.33548,5385.0,137.3,-137.3,1.08,0.13,-0.13,464.816,,,1293.0,,,CANDIDATE
10.9803025,9.3e-06,-9.3e-06,7.58741,,,2390.0,3.83463,-3.83463,5951.0,,,1.27,,,73.7576,,,,,,FALSE POSITIVE
3.2493152,1.04e-05,-1.04e-05,10.3587,,,9260.0,7.35397,-7.35397,5371.2,71.3,-71.3,1.04,,,173.46,,,1011.0,,,CANDIDATE
24.0819851,9.71e-05,-9.71e-05,9.42632,0.500343,-0.500343,7830.0,3.63989,-3.63989,5952.0,138.2,-138.2,1.05,0.05,-0.05,22.9814,,,609.0,,,CANDIDATE
1.3460633,1.4e-06,-1.4e-06,14.2662,0.694023,-0.694023,15780.0,2.57595,-2.57595,5788.7,114.3,-114.3,1.09,0.05,-0.05,1231.36,,,1650.0,,,CANDIDATE
11.8886495,2.73e-05,-2.73e-05,11.0233,0.6475,-0.6475,7800.0,2.90688,-2.90688,5773.9,138.7,-138.7,1.21,0.07,-0.07,138.065,,,954.0,,,CONFIRMED
3.0193545,1.41e-05,-1.41e-05,14.357,6.13047,-6.13047,2360.0,1524.35,-1524.35,6341.0,120.2,-120.2,1.42,0.06,-0.06,1252.3,,,1657.0,,,CANDIDATE
9.30734,0.00218,-0.00218,30.7623,5.66372,-5.66372,42774.4,1444.99,-1444.99,5819.0,31.3,-31.3,1.35,0.01,-0.01,304.138,,,1163.0,,,FALSE POSITIVE
3.6217624,1.76e-05,-1.76e-05,10.1723,,,6140.0,5.01437,-5.01437,5788.0,122.0,-122.0,1.28,,,493.866,,,1313.0,,,CANDIDATE
4.1124956,2.3e-05,-2.3e-05,12.4396125,3.012068,-3.012068,5537.3250771,536.91016,-536.91016,6145.0,122.0,-122.0,1.64364,,,1230.1400953,,,1510.4570936,,,CANDIDATE
3.6566206,0.0002678,-0.0002678,13.587,0.997221,-0.997221,21730.0,8.37261,-8.37261,4489.2,107.4,-107.4,0.91,0.06,-0.06,113.212,,,908.0,,,CANDIDATE
2.1461672,3.4e-06,-3.4e-06,16.91,0.920368,-0.920368,14110.0,6.34512,-6.34512,6046.0,121.0,-121.0,1.41,0.07,-0.07,663.959,,,1414.0,,,FALSE POSITIVE
1.540776,7e-07,-7e-07,13.3674,1.1963,-1.1963,27310.0,1.09942,-1.09942,4234.0,120.1,-120.1,0.77,0.07,-0.07,210.669,,,1061.0,,,CONFIRMED
11.0783748,2.28e-05,-2.28e-05,10.2336,0.577323,-0.577323,9060.0,3.88634,-3.88634,5623.0,127.5,-127.5,1.06,0.05,-0.05,36.8868,,,686.0,,,CANDIDATE
15.9544918,6.84e-05,-6.84e-05,9.88117,,,12480.0,12.2575,-12.2575,4798.0,122.0,-122.0,0.82,,,19.3942,,,584.0,,,CANDIDATE
1.2220437,9e-07,-9e-07,14.8723,,,20110.0,1.29855,-1.29855,5196.0,122.0,-122.0,1.0,,,973.648,,,1556.0,,,CANDIDATE
0.6680065,3e-07,-3e-07,15.4569,,,550.0,426.543,-426.543,5159.0,122.0,-122.0,3.77,,,7749.15,,,2613.0,,,FALSE POSITIVE
14.4832964,5.41e-05,-5.41e-05,13.2087,1.72858,-1.72858,10870.0,209.713,-209.713,6039.0,125.5,-125.5,1.02,0.05,-0.05,232.655,,,1088.0,,,CANDIDATE
3.383466,1.1e-05,-1.1e-05,4.68953,0.256576,-0.256576,1400.0,63.3101,-63.3101,5838.0,126.8,-126.8,1.23,0.06,-0.06,559.625,,,1355.0,,,CANDIDATE
16.1020097,3.23e-05,-3.23e-05,13.9974,,,22600.0,5.39687,-5.39687,6010.0,122.0,-122.0,0.92,,,42.3341,,,710.0,,,CANDIDATE
5.6922342,3.74e-05,-3.74e-05,4.57552,0.302114,-0.302114,1550.0,2.40604,-2.40604,5648.0,139.1,-139.1,1.12,0.06,-0.06,215.174,,,1067.0,,,CANDIDATE
3.2693612,5.2e-06,-5.2e-06,9.96136,,,10790.0,5.7045,-5.7045,5814.0,122.0,-122.0,0.93,,,281.839,,,1141.0,,,CANDIDATE
3.4952497,8.1e-06,-8.1e-06,12.6528,,,19250.0,10.8417,-10.8417,4304.8,171.6,-171.6,0.9,,,50.504,,,742.0,,,CANDIDATE
2.0436029,1.3e-06,-1.3e-06,13.3605,0.771249,-0.771249,12980.0,3.81919,-3.81919,5568.0,129.4,-129.4,1.13,0.06,-0.06,321.632,,,1179.0,,,CANDIDATE
3.2956376,0.0004862,-0.0004862,12.4635,,,20300.0,13.6595,-13.6595,4646.6,59.0,-59.0,0.86,,,155.029,,,983.0,,,CANDIDATE
16.5968329,0.0001088,-0.0001088,4.85367,0.277502,-0.277502,1750.0,1.41731,-1.41731,6329.0,136.0,-136.0,1.16,0.06,-0.06,77.8158,,,827.0,,,CANDIDATE
5.1119781,4.1e-06,-4.1e-06,10.6694,0.569399,-0.569399,1415.0,107.01,-107.01,8562.0,152.5,-152.5,2.67,0.09,-0.09,890.377,,,1521.0,,,CANDIDATE
3.0012386,6.7e-06,-6.7e-06,14.4673,,,13660.0,6.77102,-6.77102,6331.0,122.0,-122.0,1.21,,,1099.61,,,1604.0,,,CANDIDATE
1.7763987,2.7e-06,-2.7e-06,10.8531,3.18461,-3.18461,5670.0,1144.84,-1144.84,4899.3,105.6,-105.6,0.84,0.05,-0.05,137.995,,,954.0,,,CANDIDATE
1.5574603,1.9e-06,-1.9e-06,6.15317,0.363828,-0.363828,3900.0,1.67963,-1.67963,5564.4,378.8,-378.8,0.93,0.05,-0.05,358.839,,,1212.0,,,CANDIDATE
10.9543562,7.11e-05,-7.11e-05,9.03653,0.52125,-0.52125,8770.0,5.84212,-5.84212,5542.4,117.5,-117.5,0.96,0.05,-0.05,113.516,,,909.0,,,CANDIDATE
2.1371195,3.4e-06,-3.4e-06,13.2766,,,15620.0,3.08977,-3.08977,5570.0,83.2,-83.2,1.03,,,697.213,,,1431.0,,,CANDIDATE
5.7310859,1.28e-05,-1.28e-05,11.8502,0.915913,-0.915913,10870.0,10.2019,-10.2019,5552.1,173.2,-173.2,1.07,0.08,-0.08,60.3278,,,776.0,,,CANDIDATE
18.565813,4.79e-05,-4.79e-05,7.83236,0.590228,-0.590228,9420.0,4.95343,-4.95343,4671.0,120.5,-120.5,0.79,0.06,-0.06,13.8526,,,537.0,,,CANDIDATE
4.155,,,11.0678,0.561924,-0.561924,4900.0,2.51246,-2.51246,6270.0,314.4,-314.4,1.57,0.07,-0.07,534.715,,,1339.0,,,FALSE POSITIVE
2.6292572,6e-06,-6e-06,8.44711,0.540215,-0.540215,3790.0,5.85926,-5.85926,5933.0,117.0,-117.0,1.35,0.06,-0.06,469.737,,,1296.0,,,CANDIDATE
4.754432,7.6e-06,-7.6e-06,11.4372,0.656093,-0.656093,13130.0,10.8417,-10.8417,5491.7,97.5,-97.5,0.94,0.05,-0.05,158.463,,,988.0,,,CANDIDATE
4.4100654,1.79e-05,-1.79e-05,8.08157,0.5234,-0.5234,6450.0,7.65801,-7.65801,5726.0,126.1,-126.1,0.99,0.05,-0.05,232.658,,,1088.0,,,CANDIDATE
3.8951475,5.1e-06,-5.1e-06,14.6884,1.28399,-1.28399,8970.0,43.4662,-43.4662,6071.0,130.8,-130.8,1.48,0.07,-0.07,256.108,,,1114.0,,,CANDIDATE
5.5822739,9.9e-06,-9.9e-06,11.6541,,,7390.0,6.86305,-6.86305,5997.0,122.0,-122.0,1.25,,,64.0979,,,788.0,,,CANDIDATE
6.0835972,8e-06,-8e-06,12.0351,0.747527,-0.747527,8460.0,9.3645,-9.3645,5579.0,126.1,-126.1,1.22,0.06,-0.06,102.465,,,886.0,,,CANDIDATE
6.5846694,1.03e-05,-1.03e-05,14.5999,0.802001,-0.802001,22460.0,11.9318,-11.9318,5852.0,128.4,-128.4,0.97,0.05,-0.05,107.766,,,897.0,,,CANDIDATE
4.1225477,0.0006274,-0.0006274,12.0574,0.97052,-0.97052,5760.0,11.3078,-11.3078,5662.2,141.6,-141.6,1.55,0.1,-0.1,257.46,,,1115.0,,,CANDIDATE
0.8377576,2.6e-06,-2.6e-06,6.706,0.502356,-0.502356,1410.0,3.70762,-3.70762,6322.5,140.8,-140.8,1.6,0.09,-0.09,2114.06,,,1889.0,,,CANDIDATE
4.8104679,3e-05,-3e-05,4.19665,0.335083,-0.335083,1940.0,3.66771,-3.66771,5332.3,143.9,-143.9,0.92,0.06,-0.06,167.688,,,1002.0,,,CANDIDATE
2.9036816,1e-06,-1e-06,14.913823,0.7252665,-0.7252665,4642.2749148,27.956842,-27.956842,6059.0,,,2.14325,0.102739,-0.102739,3384.6096881,,,1945.3461862,,,CONFIRMED
2.1614819,0.0004185,-0.0004185,8.10367,,,6340.0,174.87,-174.87,4501.0,37.0,-37.0,0.87,,,108.567,,,899.0,,,CANDIDATE
3.3401814,9.7e-06,-9.7e-06,8.19874,0.453485,-0.453485,4960.0,3.30162,-3.30162,5508.5,110.7,-110.7,1.14,0.05,-0.05,332.424,,,1189.0,,,CANDIDATE
7.0080817,5.9e-06,-5.9e-06,13.1807,0.56908,-0.56908,14900.0,0.846507,-0.846507,6307.0,121.6,-121.6,1.06,0.05,-0.05,189.492,,,1033.0,,,FALSE POSITIVE
4.5445569,7.2e-06,-7.2e-06,5.7177,0.201745,-0.201745,30740.0,10.5317,-10.5317,3192.0,157.0,-157.0,0.3,0.01,-0.01,5.65747,,,429.0,,,CONFIRMED
4.2441117,1.53e-05,-1.53e-05,14.06,0.782265,-0.782265,7540.0,2.78993,-2.78993,6034.0,127.0,-127.0,1.57,0.08,-0.08,671.867,,,1418.0,,,CANDIDATE
5.3298577,2.05e-05,-2.05e-05,8.01139,,,9330.0,11.4177,-11.4177,4773.0,122.0,-122.0,0.8,,,46.3832,,,727.0,,,CANDIDATE
2.5228506,1.1e-06,-1.1e-06,12.9082,0.775932,-0.775932,21300.0,0.573301,-0.573301,5294.0,119.8,-119.8,0.84,0.05,-0.05,307.773,,,1166.0,,,CANDIDATE
13.45913,0.00113,-0.00113,7.68909,2.55479,-2.55479,2579.32,281.435,-281.435,6457.7,115.5,-115.5,1.38,0.05,-0.05,897.182,,,1524.0,,,FALSE POSITIVE
0.6203033,2.3e-06,-2.3e-06,7.82821,2.30594,-2.30594,1390.0,131.789,-131.789,6294.0,122.5,-122.5,1.78,0.12,-0.12,10295.4,,,2806.0,,,FALSE POSITIVE
2.7694074,3.22e-05,-3.22e-05,3.02805,0.253264,-0.253264,1010.0,3.67328,-3.67328,5269.6,111.0,-111.0,0.94,0.05,-0.05,551.573,,,1350.0,,,CANDIDATE
4.5808535,7.6e-06,-7.6e-06,12.4319,0.781719,-0.781719,11480.0,2.22956,-2.22956,5528.7,134.0,-134.0,1.14,0.07,-0.07,328.68,,,1186.0,,,CANDIDATE
9.0576962,4e-05,-4e-05,4.28974,0.443613,-0.443613,3430.0,11.4748,-11.4748,4485.0,127.1,-127.1,0.72,0.06,-0.06,79.0884,,,830.0,,,CANDIDATE
4.3345378,3.7e-06,-3.7e-06,14.3572,0.704475,-0.704475,10000.0,1.46059,-1.46059,6314.8,303.0,-303.0,1.43,0.07,-0.07,546.903,,,1347.0,,,CONFIRMED
6.6713748,3.76e-05,-3.76e-05,9.63035,0.765534,-0.765534,7480.0,8.10901,-8.10901,5614.5,174.7,-174.7,1.11,0.08,-0.08,162.655,,,994.0,,,CANDIDATE
4.3773113,2.08e-05,-2.08e-05,2.97425,0.205637,-0.205637,1430.0,1.90317,-1.90317,5127.0,120.1,-120.1,0.75,0.04,-0.04,144.988,,,966.0,,,CANDIDATE
7.6607094,4.44e-05,-4.44e-05,5.12716,,,1860.0,1.8048,-1.8048,5911.7,690.4,-690.4,1.19,,,278.513,,,,,,CANDIDATE
8.6789911,5.28e-05,-5.28e-05,11.1545,,,9700.0,11.2579,-11.2579,5693.8,151.5,-151.5,1.12,,,135.622,,,950.0,,,CANDIDATE
5.2077671,0.0001814,-0.0001814,2.66176,0.209219,-0.209219,850.0,1.76769,-1.76769,5522.5,144.8,-144.8,0.92,0.06,-0.06,144.63,,,966.0,,,CANDIDATE
1.470258,7.9e-05,-7.9e-05,12.2412,4.50667,-4.50667,2700.0,1416.26,-1416.26,6321.46,53.5103,-53.5103,1.08,0.04,-0.04,884.686,,,1519.0,,,FALSE POSITIVE
14.7802661,0.0030347,-0.0030347,9.06559,,,6840.0,8.73781,-8.73781,5659.0,,,1.09,,,38.1314,,,,,,CANDIDATE
9.546972,2.18e-05,-2.18e-05,12.4743,,,17300.0,15.7849,-15.7849,5834.0,122.0,-122.0,0.91,,,33.8682,,,672.0,,,CANDIDATE
2.9406027,1.31e-05,-1.31e-05,10.835,,,9820.0,609.976,-609.976,5464.2,26.9,-26.9,0.97,,,168.01,,,1003.0,,,CANDIDATE
14.8496574,0.0001249,-0.0001249,9.3235,,,8710.0,24.3964,-24.3964,5296.6,30.6,-30.6,0.96,,,70.8112,,,808.0,,,CANDIDATE
5.3599361,1.82e-05,-1.82e-05,11.2314,,,11350.0,4.96144,-4.96144,5933.0,122.0,-122.0,1.04,,,306.956,,,1166.0,,,CANDIDATE
1.7213564,1.4e-06,-1.4e-06,10.674,0.698094,-0.698094,11890.0,1.94778,-1.94778,5072.0,129.8,-129.8,0.95,0.06,-0.06,559.726,,,1355.0,,,CANDIDATE
3.5115357,4.6e-06,-4.6e-06,12.81,0.766814,-0.766814,9290.0,2.02994,-2.02994,5490.8,134.8,-134.8,1.35,0.08,-0.08,569.545,,,1360.0,,,CANDIDATE
1.9550932,5e-07,-5e-07,13.1406834,0.6209248,-0.6209248,19634.9908668,103.89829,-103.89829,5400.0,,,0.873418,0.0410955,-0.0410955,690.3398082,,,1307.3307576,,,CONFIRMED
5.7158895,2.9e-06,-2.9e-06,12.3206,0.743769,-0.743769,22050.0,2.50481,-2.50481,5224.0,126.5,-126.5,0.82,0.05,-0.05,76.4949,,,823.0,,,CANDIDATE
9.3517097,6.01e-05,-6.01e-05,3.52814,0.251677,-0.251677,1590.0,3.12779,-3.12779,5298.6,116.8,-116.8,0.86,0.05,-0.05,47.221,,,730.0,,,CANDIDATE
3.4936188,4.9e-06,-4.9e-06,14.2355,0.688538,-0.688538,9730.0,1.93405,-1.93405,5779.5,111.8,-111.8,1.42,0.07,-0.07,628.664,,,1394.0,,,CONFIRMED
4.0384773,5.4e-06,-5.4e-06,7.98387,0.775449,-0.775449,8110.0,6.24488,-6.24488,4180.4,124.0,-124.0,0.83,0.08,-0.08,17.0069,,,565.0,,,CANDIDATE
6.7136512,0.000476,-0.000476,12.5036,0.710705,-0.710705,11490.0,1.69591,-1.69591,6179.1,146.5,-146.5,1.15,0.06,-0.06,244.013,,,1101.0,,,FALSE POSITIVE
2.2012625,1.6e-06,-1.6e-06,13.6145,0.715826,-0.715826,25690.0,2.76973,-2.76973,5177.8,106.9,-106.9,0.81,0.04,-0.04,387.574,,,1236.0,,,CANDIDATE
3.4014954,1.11e-05,-1.11e-05,9.32202,0.543263,-0.543263,7370.0,7.10966,-7.10966,6005.0,128.9,-128.9,1.06,0.05,-0.05,313.317,,,1172.0,,,CANDIDATE
3.0654283,1.26e-05,-1.26e-05,10.6174,,,5850.0,9.21559,-9.21559,5236.0,122.0,-122.0,1.35,,,264.883,,,1123.0,,,CANDIDATE
7.4332642,2.35e-05,-2.35e-05,10.213,0.57938,-0.57938,6000.0,4.62312,-4.62312,6227.0,123.1,-123.1,1.32,0.06,-0.06,184.322,,,1026.0,,,CONFIRMED
23.2556119,0.0003044,-0.0003044,14.4434,1.11532,-1.11532,35720.0,6.74157,-6.74157,4742.0,131.7,-131.7,0.73,0.06,-0.06,51.103,,,744.0,,,FALSE POSITIVE
3.8960617,2.6e-06,-2.6e-06,12.1401,0.760153,-0.760153,22610.0,5.20339,-5.20339,5247.0,129.7,-129.7,0.8,0.05,-0.05,84.8919,,,845.0,,,CANDIDATE
2.0474832,6.37e-05,-6.37e-05,14.3474,,,6790.0,2428.08,-2428.08,6791.0,122.0,-122.0,1.04,,,12096.5,,,2921.0,,,FALSE POSITIVE
3.0330919,0.0001788,-0.0001788,7.40327,0.548203,-0.548203,1280.0,3.56566,-3.56566,7471.0,395.3,-395.3,2.14,0.09,-0.09,4283.51,,,2253.0,,,FALSE POSITIVE
2.7873223,6.3e-06,-6.3e-06,10.6299,,,5548.0,189.765,-189.765,6466.0,,,1.46,,,2023.22,,,,,,CANDIDATE
4.4921154,3.9e-06,-3.9e-06,14.9094,0.850558,-0.850558,19562.0,486.598,-486.598,5353.0,202.7,-202.7,1.08,0.06,-0.06,223.672,,,1077.0,,,CANDIDATE
2.2035349,4.9e-06,-4.9e-06,13.3861,0.73349,-0.73349,7570.0,334.437,-334.437,6141.0,182.4,-182.4,1.52,0.07,-0.07,1272.37,,,1663.0,,,CANDIDATE
3.4608812,4.3e-06,-4.3e-06,19.0253,,,16514.0,355.671,-355.671,5695.0,122.0,-122.0,1.52,,,672.096,,,1418.0,,,CANDIDATE
2.49221,0.00061,-0.00061,1.71311,0.10767,-0.10767,1480.0,3.7192,-3.7192,3450.0,157.0,-157.0,0.45,0.01,-0.01,43.3259,,,714.0,,,FALSE POSITIVE
7.6644,7.4e-05,-7.4e-05,9.9098801,0.3654469,-0.3654469,8534.5638357,266.33255,-266.33255,5694.0,122.0,-122.0,1.04215,,,175.3654356,,,928.1234573,,,CANDIDATE
1.97549,8.1e-06,-8.1e-06,17.6764,,,5457.0,351.613,-351.613,8523.0,123.0,-123.0,2.46,,,5560.11,,,2405.0,,,CANDIDATE
11.7512673,4.1e-05,-4.1e-05,17.4049,2.12732,-2.12732,7683.0,2013.85,-2013.85,6571.0,144.7,-144.7,1.68,0.08,-0.08,86.313,,,849.0,,,CANDIDATE
1.6923573,2.06e-05,-2.06e-05,12.7696702,0.7357958,-0.7357958,20172.9323968,205.1378,-205.1378,5287.0,138.7,-138.7,0.88876,0.0495226,-0.0495226,762.5979736,,,1340.2742114,,,CANDIDATE
2.8778095,0.0001002,-0.0001002,7.35828,,,4830.0,12.2433,-12.2433,6131.0,122.0,-122.0,1.05,,,1005.2,,,1568.0,,,FALSE POSITIVE
2.3466472,1.5e-06,-1.5e-06,12.2268,,,25278.0,715.834,-715.834,4477.0,122.0,-122.0,0.75,,,153.353,,,980.0,,,CANDIDATE
3.4895723,7e-06,-7e-06,12.9484,,,32560.0,1395.89,-1395.89,4315.0,122.0,-122.0,0.71,,,87.9248,,,853.0,,,CANDIDATE
2.8817718,5.7e-06,-5.7e-06,14.8764,0.788703,-0.788703,13332.0,470.65,-470.65,6137.0,133.7,-133.7,1.38,0.06,-0.06,854.357,,,1506.0,,,CANDIDATE
3.1082514,0.0002286,-0.0002286,13.7608011,1.7861685,-1.7861685,5659.4686877,861.41675,-861.41675,6413.0,155.6,-155.6,1.5486799,0.0699498,-0.0699498,1763.4216575,,,1652.7561891,,,CANDIDATE
5.5613023,3.93e-05,-3.93e-05,10.4506,0.703996,-0.703996,2200.0,140.741,-140.741,5607.0,191.5,-191.5,2.27,0.12,-0.12,713.503,,,1439.0,,,CANDIDATE
4.4638411,1.81e-05,-1.81e-05,9.59744,0.732904,-0.732904,3791.0,398.382,-398.382,5472.0,201.8,-201.8,1.42,0.08,-0.08,78.9834,,,830.0,,,CANDIDATE
5.7033411,3.84e-05,-3.84e-05,15.2151,0.791465,-0.791465,14730.0,6.52083,-6.52083,5933.0,164.4,-164.4,1.24,0.06,-0.06,217.888,,,1070.0,,,CANDIDATE
6.7716021,3.67e-05,-3.67e-05,16.5311,0.982021,-0.982021,4580.0,225.161,-225.161,6136.0,152.2,-152.2,2.62,0.13,-0.13,831.07,,,1495.0,,,CANDIDATE
2.1176601,7.64e-05,-7.64e-05,5.16544,1.67143,-1.67143,2000.0,284.446,-284.446,5814.0,152.2,-152.2,0.89,0.04,-0.04,12280.2,,,2932.0,,,FALSE POSITIVE
2.2297524,5.9e-06,-5.9e-06,10.5562,,,8798.0,394.068,-394.068,5846.0,123.0,-123.0,1.17,,,970.705,,,1555.0,,,CANDIDATE
3.4488281,7.2e-06,-7.2e-06,15.6361,,,14430.0,556.913,-556.913,5994.0,123.0,-123.0,1.27,,,617.246,,,1388.0,,,CANDIDATE
2.1861455,5.8e-06,-5.8e-06,11.5599,,,8780.0,454.165,-454.165,5342.0,123.0,-123.0,1.24,,,612.53,,,1385.0,,,CANDIDATE
2.9897732,2e-06,-2e-06,17.6166,0.761057,-0.761057,12893.0,167.725,-167.725,6786.0,332.8,-332.8,1.57,0.07,-0.07,1317.93,,,1678.0,,,CANDIDATE
3.4043154,7.1e-06,-7.1e-06,20.3568,,,9317.0,25499.5,-25499.5,5833.0,123.0,-123.0,1.0,,,113.665,,,909.0,,,CANDIDATE
3.1274951,0.0002643,-0.0002643,17.6985303,0.9503285,-0.9503285,13633.9167281,518.0987,-518.0987,6457.0,173.2,-173.2,1.41321,0.0663317,-0.0663317,1481.4610493,,,1582.3126821,,,CANDIDATE
2.6686464,5.5e-06,-5.5e-06,12.9106,,,7370.0,2484.78,-2484.78,5227.0,122.0,-122.0,0.9,,,332.941,,,1190.0,,,CANDIDATE
1.5891628,6.2e-06,-6.2e-06,12.5934,,,3550.0,670.703,-670.703,6227.0,122.0,-122.0,2.0,,,1679.03,,,1783.0,,,FALSE POSITIVE
12.0031646,0.0020471,-0.0020471,10.9265063,0.6826136,-0.6826136,5497.3001958,218.8319,-218.8319,6362.0,193.3,-193.3,1.40388,0.0664824,-0.0664824,234.5768031,,,998.1389779,,,CANDIDATE
3.8426038,1.22e-05,-1.22e-05,12.7873,,,5880.0,387.502,-387.502,7032.0,122.0,-122.0,1.66,,,453.87,,,1285.0,,,CANDIDATE
5.9739124,1.87e-05,-1.87e-05,2.3917735,0.1233295,-0.1233295,232.5621027,10.742767,-10.742767,6308.31,52.7451,-52.7451,1.2845,0.0539246,-0.0539246,488.0089226,,,1198.7446729,,,CONFIRMED
3.58529,1e-05,-1e-05,1.77141,0.0938401,-0.0938401,180.0,0.16408,-0.16408,6308.31,52.7451,-52.7451,1.28,0.05,-0.05,646.628,,,1404.0,,,CONFIRMED
11.2304605,4.55e-05,-4.55e-05,2.0754665,0.2093126,-0.2093126,208.629137,15.516351,-15.516351,6308.31,52.7451,-52.7451,1.2845,0.0539246,-0.0539246,210.3340005,,,971.2859803,,,CONFIRMED
3.2399875,2e-06,-2e-06,13.613,,,18440.0,1.19405,-1.19405,5521.0,122.0,-122.0,0.97,,,380.139,,,1230.0,,,CANDIDATE
3.3501179,9.7e-06,-9.7e-06,17.5987,1.15662,-1.15662,4066.0,355.111,-355.111,6238.0,259.6,-259.6,2.57,0.12,-0.12,279.334,,,1138.0,,,CANDIDATE
6.2329571,4.43e-05,-4.43e-05,14.2956,4.83828,-4.83828,2367.0,4718.45,-4718.45,6016.0,275.6,-275.6,1.55,0.07,-0.07,1245.8,,,1655.0,,,CANDIDATE
4.7253516,1.22e-05,-1.22e-05,17.6483,0.751411,-0.751411,7817.0,175.797,-175.797,7220.0,152.6,-152.6,2.15,0.09,-0.09,2045.04,,,1873.0,,,CANDIDATE
4.6709424,1.37e-05,-1.37e-05,21.2461,20.0333,-20.0333,870.0,10279.2,-10279.2,7211.0,123.1,-123.1,1.79,0.08,-0.08,2.26831,,,341.0,,,CANDIDATE
1.5464949,6.4e-06,-6.4e-06,3.7295,0.273399,-0.273399,930.0,1.91113,-1.91113,5973.5,185.9,-185.9,1.14,0.06,-0.06,438.793,,,1275.0,,,FALSE POSITIVE
10.6001229,6.41e-05,-6.41e-05,10.601,,,6115.0,342.62,-342.62,5647.0,122.0,-122.0,1.51,,,240.751,,,1097.0,,,CANDIDATE
10.511362,4.9e-06,-4.9e-06,11.935,0.608141,-0.608141,16120.0,220.649,-220.649,5908.0,284.9,-284.9,0.92,0.05,-0.05,61.3806,,,779.0,,,CANDIDATE
1.7922888,1.9e-06,-1.9e-06,12.6983,,,18880.0,3.92121,-3.92121,5095.7,92.4,-92.4,0.89,,,318.713,,,1177.0,,,CANDIDATE
9.4258906,0.0001267,-0.0001267,9.65497,2.8658,-2.8658,4450.0,1415.25,-1415.25,4507.0,123.7,-123.7,0.67,0.05,-0.05,76.541,,,824.0,,,FALSE POSITIVE
6.6080989,5.7e-05,-5.7e-05,12.1125,0.538039,-0.538039,6740.0,1.16844,-1.16844,5993.0,102.9,-102.9,1.5,0.06,-0.06,298.497,,,1157.0,,,CONFIRMED
23.2547644,9.41e-05,-9.41e-05,10.7553,0.583982,-0.583982,9410.0,5.52072,-5.52072,5627.0,124.1,-124.1,0.88,0.04,-0.04,172.212,,,1009.0,,,CANDIDATE
3.5472157,2e-05,-2e-05,16.293,,,6550.0,3.79051,-3.79051,5548.0,122.0,-122.0,2.02,,,992.177,,,1563.0,,,CANDIDATE
2.041659,0.0001213,-0.0001213,8.90978,0.818121,-0.818121,3230.0,17.4073,-17.4073,6806.0,179.2,-179.2,1.56,0.07,-0.07,5195.14,,,2365.0,,,FALSE POSITIVE
1.3600283,2e-07,-2e-07,13.0911813,0.6022821,-0.6022821,19427.6944703,46.61427,-46.61427,5500.0,,,0.933975,0.0429146,-0.0429146,1343.1568273,,,1544.0146992,,,CONFIRMED
3.6089193,7.8e-06,-7.8e-06,17.0677,5.86311,-5.86311,5318.0,6158.93,-6158.93,5854.0,169.2,-169.2,1.63,0.08,-0.08,1247.0,,,1655.0,,,CANDIDATE
2.2437501,0.0001412,-0.0001412,10.0826,0.775679,-0.775679,2880.0,8.70425,-8.70425,7209.0,146.3,-146.3,1.96,0.09,-0.09,5651.55,,,2415.0,,,FALSE POSITIVE
5.3438948,2.31e-05,-2.31e-05,16.9428,0.920814,-0.920814,6479.0,290.711,-290.711,7469.0,143.4,-143.4,2.3,0.1,-0.1,1248.08,,,1655.0,,,CANDIDATE
4.3533211,8.6e-06,-8.6e-06,7.17236,0.270225,-0.270225,21740.0,10.4724,-10.4724,3422.0,157.0,-157.0,0.46,0.01,-0.01,14.9972,,,548.0,,,CONFIRMED
1.6212474,8.63e-05,-8.63e-05,10.3122,,,1100.0,3.55088,-3.55088,4949.0,122.0,-122.0,3.11,,,1846.95,,,1826.0,,,FALSE POSITIVE
2.8744227,7e-06,-7e-06,13.3953,0.748783,-0.748783,5002.0,154.752,-154.752,6334.0,394.2,-394.2,2.17,0.11,-0.11,2213.89,,,1910.0,,,CANDIDATE
1.5716819,9.58e-05,-9.58e-05,4.5091786,5.6954865,-5.6954865,743.4097278,77.67882,-77.67882,4752.8,64.0,-64.0,0.982066,0.103283,-0.103283,715.6772333,,,1319.1647872,,,FALSE POSITIVE
5.8423636,0.0002217,-0.0002217,18.7395,1.43879,-1.43879,2280.0,6.97953,-6.97953,8648.0,158.4,-158.4,3.85,0.19,-0.19,716.73,,,1441.0,,,FALSE POSITIVE
2.2774846,0.0001184,-0.0001184,17.7506,,,1520.0,3.99662,-3.99662,4827.0,122.0,-122.0,4.7,,,1146.77,,,1621.0,,,CANDIDATE
2.2237067,0.0001775,-0.0001775,16.2026957,20.064247,-20.064247,4640.0476893,272.10956,-272.10956,6424.0,,,1.4399,,,1748.4439071,,,1649.2355042,,,CANDIDATE
3.8974136,7.79e-05,-7.79e-05,6.8757,0.423689,-0.423689,1990.0,3.21743,-3.21743,6827.0,188.2,-188.2,1.51,0.07,-0.07,504.623,,,1320.0,,,FALSE POSITIVE
17.2045725,0.0008618,-0.0008618,21.5086,8.69046,-8.69046,3770.0,1969.09,-1969.09,6278.0,139.0,-139.0,1.77,0.08,-0.08,434.974,,,1272.0,,,FALSE POSITIVE
3.4600026,7.1e-06,-7.1e-06,17.6761,5.73074,-5.73074,8214.0,8816.28,-8816.28,5997.0,191.2,-191.2,1.37,0.07,-0.07,744.569,,,1455.0,,,CANDIDATE
1.81451,1.2e-06,-1.2e-06,13.3431,0.755071,-0.755071,12864.0,488.412,-488.412,5696.0,148.9,-148.9,1.17,0.06,-0.06,609.008,,,1383.0,,,CANDIDATE
4.112385,0.0001344,-0.0001344,9.65749,0.752702,-0.752702,2110.0,4.81944,-4.81944,5659.0,262.1,-262.1,2.14,0.12,-0.12,570.966,,,1361.0,,,FALSE POSITIVE
3.6344447,4.2e-06,-4.2e-06,14.25,0.706771,-0.706771,9230.0,0.849809,-0.849809,6272.0,,,1.42,0.07,-0.07,1133.73,,,1616.0,,,CONFIRMED
3.7027104,5.8e-06,-5.8e-06,21.058,0.868727,-0.868727,12813.0,375.469,-375.469,7493.0,216.7,-216.7,1.9,0.07,-0.07,1803.49,,,1815.0,,,CANDIDATE
4.8982659,2e-05,-2e-05,4.84123,0.315159,-0.315159,2055.0,125.259,-125.259,5696.0,459.4,-459.4,1.09,0.06,-0.06,293.004,,,1152.0,,,CANDIDATE
3.3378852,1.63e-05,-1.63e-05,19.0038,2.06249,-2.06249,5564.0,1246.01,-1246.01,6274.0,135.0,-135.0,2.15,0.11,-0.11,1878.15,,,1834.0,,,FALSE POSITIVE
3.9606593,2.12e-05,-2.12e-05,10.7218,0.560209,-0.560209,5810.0,4.01372,-4.01372,6647.0,146.7,-146.7,1.4,0.06,-0.06,970.247,,,1554.0,,,CANDIDATE
5.3798996,2.22e-05,-2.22e-05,7.09264,0.429372,-0.429372,8550.0,6.28051,-6.28051,4930.3,133.5,-133.5,0.76,0.04,-0.04,104.667,,,891.0,,,CANDIDATE
3.8471662,0.0001144,-0.0001144,7.48475,0.678934,-0.678934,1770.0,6.4163,-6.4163,5115.0,159.8,-159.8,1.69,0.11,-0.11,173.747,,,1011.0,,,FALSE POSITIVE
4.5432349,7.2e-06,-7.2e-06,12.5868,0.495154,-0.495154,12236.0,304.737,-304.737,7998.0,592.7,-592.7,1.16,0.04,-0.04,1563.16,,,1751.0,,,CANDIDATE
2.8278059,2.35e-05,-2.35e-05,4.22619,0.307616,-0.307616,650.0,1.68872,-1.68872,6603.0,501.3,-501.3,1.62,0.08,-0.08,885.332,,,1519.0,,,FALSE POSITIVE
4.3271416,1.67e-05,-1.67e-05,14.5369,0.932703,-0.932703,5340.0,8.30595,-8.30595,5994.0,151.8,-151.8,1.91,0.09,-0.09,400.919,,,1246.0,,,CANDIDATE
2.48548,2e-05,-2e-05,1.28248,0.0791035,-0.0791035,160.0,0.219406,-0.219406,5928.0,85.6,-85.6,0.96,0.05,-0.05,1105.11,,,1606.0,,,FALSE POSITIVE
5.4146235,5.51e-05,-5.51e-05,6.6139476,0.5147521,-0.5147521,4983.0756289,160.40565,-160.40565,4888.0,137.7,-137.7,0.880213,0.0571608,-0.0571608,126.2342489,,,872.0,,,CONFIRMED
14.7091662,0.0002341,-0.0002341,6.5471787,0.5916236,-0.5916236,5047.9326311,201.932,-201.932,4888.0,137.7,-137.7,0.880213,0.0571608,-0.0571608,33.3030602,,,612.6899904,,,CONFIRMED
1.3483075,2.08e-05,-2.08e-05,3.1949876,1.4817452,-1.4817452,1206.3535884,89.4403,-89.4403,4888.0,137.7,-137.7,0.880213,0.0571608,-0.0571608,805.779628,,,1358.8572016,,,CONFIRMED
4.3359117,3.01e-05,-3.01e-05,13.9797,,,8530.0,9.62132,-9.62132,5815.0,122.0,-122.0,1.51,,,485.004,,,1307.0,,,CANDIDATE
1.82544,2.3e-06,-2.3e-06,11.7503,,,21650.0,7.54176,-7.54176,4324.0,122.0,-122.0,0.77,,,181.783,,,1022.0,,,CANDIDATE
2.6325313,1.89e-05,-1.89e-05,15.2766,,,4220.0,3.80991,-3.80991,5407.0,122.0,-122.0,2.42,,,1493.24,,,1731.0,,,CANDIDATE
2.8067423,6.2e-06,-6.2e-06,13.4381,,,17630.0,11.597,-11.597,5863.0,122.0,-122.0,0.98,,,361.087,,,1214.0,,,CANDIDATE
4.7427131,3e-06,-3e-06,17.876,0.87203,-0.87203,13560.0,1.01718,-1.01718,5947.0,150.8,-150.8,1.51,0.07,-0.07,320.783,,,1179.0,,,CANDIDATE
7.0423707,3.65e-05,-3.65e-05,14.7821,,,5890.0,7.10255,-7.10255,4892.0,122.0,-122.0,1.88,,,56.09,,,762.0,,,CANDIDATE
2.2963814,2.19e-05,-2.19e-05,20.9239,6.70331,-6.70331,7950.0,263.685,-263.685,6620.0,1539.9,-1539.9,1.87,0.52,-0.52,5163.1,,,2361.0,,,FALSE POSITIVE
4.7559737,1.85e-05,-1.85e-05,1.725417,0.6993496,-0.6993496,398.6310113,20.788399,-20.788399,5175.2,23.6172,-23.6172,0.841842,0.0418417,-0.0418417,161.7314334,,,909.5327855,,,CONFIRMED
17.1807214,4.58e-05,-4.58e-05,2.1954034,1.6291252,-1.6291252,680.1385904,39.817078,-39.817078,5175.2,23.6172,-23.6172,0.841842,0.0418417,-0.0418417,29.1782002,,,592.7674866,,,CONFIRMED
5.1175439,1.78e-05,-1.78e-05,12.6029,0.867576,-0.867576,3090.0,8.83789,-8.83789,6429.0,195.1,-195.1,2.07,0.09,-0.09,131.814,,,943.0,,,CANDIDATE
6.3262148,2.97e-05,-2.97e-05,12.5231,,,4928.0,202.261,-202.261,5842.0,122.0,-122.0,1.9,,,558.3,,,1354.0,,,CANDIDATE
16.2840915,0.0001063,-0.0001063,7.99273,,,4600.0,233.935,-233.935,5770.0,122.0,-122.0,1.2,,,121.312,,,924.0,,,CANDIDATE
3.6074546,2.48e-05,-2.48e-05,2.69934,0.222211,-0.222211,1168.0,94.108,-94.108,5593.0,202.1,-202.1,0.91,0.05,-0.05,297.468,,,1156.0,,,CANDIDATE
3.9589142,8.8e-06,-8.8e-06,15.2242,,,16160.0,9.62841,-9.62841,5963.0,122.0,-122.0,1.22,,,301.848,,,1161.0,,,CANDIDATE
5.8850401,5.22e-05,-5.22e-05,6.61503,0.355533,-0.355533,3030.0,2.34006,-2.34006,5712.4,108.5,-108.5,1.18,0.05,-0.05,282.509,,,1142.0,,,CANDIDATE
3.532822,0.000138,-0.000138,13.474905,0.184494,-0.184494,11283.619423,137.88638,-137.88638,6153.0,,,1.25,,,837.7033716,,,1372.1206975,,,CONFIRMED
2.5089892,9.2e-06,-9.2e-06,5.46523,,,2970.0,2.21766,-2.21766,5574.0,122.0,-122.0,0.99,,,609.961,,,1384.0,,,CANDIDATE
10.0462596,4.11e-05,-4.11e-05,16.4472821,3.1947503,-3.1947503,18214.2478783,529.1728,-529.1728,5637.9,89.8,-89.8,0.945159,,,97.290087,,,801.0080118,,,CANDIDATE
2.4567112,7.92e-05,-7.92e-05,3.05136,0.467354,-0.467354,530.0,12.2897,-12.2897,6223.0,125.1,-125.1,1.16,0.05,-0.05,614.383,,,1387.0,,,FALSE POSITIVE
1.8020923,2.8e-06,-2.8e-06,17.3634,0.917806,-0.917806,8570.0,1.85406,-1.85406,5760.0,151.8,-151.8,1.85,0.09,-0.09,1870.78,,,1832.0,,,CANDIDATE
2.7761628,0.0001338,-0.0001338,6.58454,0.625656,-0.625656,1340.0,6.78709,-6.78709,5778.0,147.9,-147.9,1.84,0.09,-0.09,538.633,,,1342.0,,,FALSE POSITIVE
4.7257129,2.86e-05,-2.86e-05,10.5468,0.660109,-0.660109,1740.0,2.48875,-2.48875,6139.0,130.0,-130.0,2.48,0.12,-0.12,350.147,,,1205.0,,,FALSE POSITIVE
4.2989288,1.63e-05,-1.63e-05,9.94472,,,4590.0,3.68139,-3.68139,5671.0,122.0,-122.0,1.45,,,371.547,,,1223.0,,,CANDIDATE
4.7308142,1.67e-05,-1.67e-05,9.85689,0.530334,-0.530334,8780.0,4.84153,-4.84153,5777.0,122.1,-122.1,1.05,0.05,-0.05,295.429,,,1154.0,,,CANDIDATE
2.9626402,1.5e-06,-1.5e-06,12.65489,0.6409269,-0.6409269,27118.3262165,262.97327,-262.97327,5473.0,,,0.718635,0.0359297,-0.0359297,269.8828476,,,1033.7453536,,,CONFIRMED
7.1357259,0.0001205,-0.0001205,2.7853042,1.548157,-1.548157,1047.4205923,125.76148,-125.76148,5446.0,132.8,-132.8,0.835627,0.0471859,-0.0471859,108.1100329,,,822.4059608,,,CANDIDATE
7.8808589,1.93e-05,-1.93e-05,10.2354,0.503941,-0.503941,5120.0,0.97874,-0.97874,5914.8,118.2,-118.2,1.41,0.07,-0.07,289.546,,,1149.0,,,CANDIDATE
2.3238426,0.0005122,-0.0005122,13.8867,,,9780.0,11.2573,-11.2573,5983.9,81.1,-81.1,1.38,,,870.497,,,1513.0,,,CANDIDATE
5.1191172,8.5e-06,-8.5e-06,13.0806,0.652824,-0.652824,6317.0,125.176,-125.176,5926.0,207.4,-207.4,1.7,0.08,-0.08,939.766,,,1542.0,,,CANDIDATE
4.1508803,2.06e-05,-2.06e-05,8.31799,,,12290.0,4.05162,-4.05162,4460.0,122.0,-122.0,0.73,,,70.6022,,,807.0,,,FALSE POSITIVE
0.7583741,2.2e-06,-2.2e-06,5.4111,0.443729,-0.443729,850.0,4.10971,-4.10971,6209.0,128.5,-128.5,1.56,0.08,-0.08,1262.0,,,1660.0,,,CANDIDATE
4.5029619,0.0001865,-0.0001865,9.44788,,,2890.0,7.00385,-7.00385,8103.0,122.0,-122.0,1.77,,,2710.22,,,2010.0,,,CANDIDATE
1.972401,3e-05,-3e-05,14.7348,,,7460.0,19.5085,-19.5085,6184.0,122.0,-122.0,1.6,,,2239.66,,,1916.0,,,FALSE POSITIVE
31.4001189,0.0002609,-0.0002609,10.2456091,0.4498566,-0.4498566,15097.0640966,595.7911,-595.7911,4953.0,122.0,-122.0,0.791713,,,10.156754,,,455.3113573,,,CANDIDATE
1.7560902,1.1e-06,-1.1e-06,7.52118,,,1650.0,1.08733,-1.08733,6249.0,338.7,-338.7,1.29,,,1923.34,,,,,,FALSE POSITIVE
4.6546139,2.59e-05,-2.59e-05,12.7473,,,5540.0,24.143,-24.143,5966.0,122.0,-122.0,1.58,,,91.4646,,,861.0,,,CANDIDATE
1.5373948,3e-06,-3e-06,5.76435,,,2710.0,291.497,-291.497,5091.0,122.0,-122.0,1.0,,,621.715,,,1391.0,,,CANDIDATE
0.7409429,7e-06,-7e-06,4.58442,,,2460.0,7.01997,-7.01997,5406.0,122.0,-122.0,0.87,,,1523.27,,,1740.0,,,FALSE POSITIVE
17.356719,9.45e-05,-9.45e-05,9.705386,0.2260594,-0.2260594,12730.2717116,328.183,-328.183,4697.0,122.0,-122.0,0.760629,,,17.7377655,,,523.4129662,,,CANDIDATE
4.567925,6.1e-06,-6.1e-06,14.2306,,,18440.0,4.27367,-4.27367,5675.0,122.0,-122.0,1.04,,,266.468,,,1125.0,,,CANDIDATE
5.0518907,1.32e-05,-1.32e-05,9.11036,0.480293,-0.480293,3310.0,1.03427,-1.03427,6328.9,138.5,-138.5,1.55,0.08,-0.08,588.998,,,1372.0,,,CANDIDATE
2.4076941,4.6e-06,-4.6e-06,7.15781,,,4810.0,3.80744,-3.80744,5702.0,122.0,-122.0,0.98,,,255.63,,,1113.0,,,CANDIDATE
2.0381761,6e-07,-6e-07,13.0071,,,23020.0,0.744239,-0.744239,4928.0,122.0,-122.0,0.82,,,310.835,,,1169.0,,,CANDIDATE
13.1757294,3.13e-05,-3.13e-05,1.9602373,0.4459335,-0.4459335,2479.3477138,128.92201,-128.92201,3349.0,63.0,-63.0,0.388609,0.0116001,-0.0116001,2.6453174,,,325.2663942,,,CONFIRMED
6.614911,3.13e-05,-3.13e-05,1.2731554,3.2967181,-3.2967181,1060.5715819,201.45874,-201.45874,3349.0,63.0,-63.0,0.388609,0.0116001,-0.0116001,6.6294678,,,409.2506857,,,CONFIRMED
6.7473822,7.2e-06,-7.2e-06,13.1026,,,14810.0,6.4281,-6.4281,5332.0,122.0,-122.0,1.06,,,47.3055,,,730.0,,,CANDIDATE
3.8823511,0.0002694,-0.0002694,9.5364228,5.6189537,-5.6189537,3177.344653,304.6319,-304.6319,5622.4,110.3,-110.3,1.68668,0.0778292,-0.0778292,1088.6638396,,,1465.018804,,,CANDIDATE
3.5908038,1.01e-05,-1.01e-05,9.85407,0.599621,-0.599621,6690.0,2.19339,-2.19339,5657.0,143.4,-143.4,1.18,0.07,-0.07,462.467,,,1291.0,,,CANDIDATE
6.7201811,1.43e-05,-1.43e-05,11.5271,,,18030.0,5.7357,-5.7357,4914.0,122.0,-122.0,0.85,,,76.4183,,,823.0,,,CANDIDATE
3.6772391,0.0008793,-0.0008793,13.2496189,0.7206731,-0.7206731,13763.2116365,814.2667,-814.2667,5801.0,122.0,-122.0,1.11792,,,567.6066573,,,1244.8918384,,,FALSE POSITIVE
1.1578392,7.2e-06,-7.2e-06,11.2362,,,9660.0,23.8474,-23.8474,6409.0,122.0,-122.0,1.18,,,2519.45,,,1973.0,,,FALSE POSITIVE
2.7240303,8.1e-06,-8.1e-06,10.9383,,,12600.0,13.5237,-13.5237,5366.0,122.0,-122.0,0.93,,,193.03,,,1038.0,,,CANDIDATE
3.1504798,7.4e-06,-7.4e-06,10.0008,,,9210.0,179.711,-179.711,5229.0,122.0,-122.0,0.89,,,98.0783,,,876.0,,,CANDIDATE
6.5169955,0.0012892,-0.0012892,2.26174,0.19634,-0.19634,930.0,2.838,-2.838,4937.5,123.2,-123.2,0.71,0.05,-0.05,62.6073,,,783.0,,,CANDIDATE
3.2175013,6.7e-06,-6.7e-06,16.011,2.13317,-2.13317,11871.0,453.272,-453.272,7932.0,169.3,-169.3,1.56,0.2,-0.2,1034.94,,,1580.0,,,CANDIDATE
4.3965758,0.0007443,-0.0007443,9.71601,0.618219,-0.618219,6250.0,8.69091,-8.69091,5957.0,131.6,-131.6,1.23,0.06,-0.06,350.289,,,1205.0,,,CANDIDATE
5.5679111,0.000343,-0.000343,9.5108395,0.7381334,-0.7381334,12867.4456847,453.60904,-453.60904,4887.0,121.1,-121.1,0.801525,0.0517186,-0.0517186,100.8499947,,,808.2369842,,,CANDIDATE
1.9872259,7.3e-06,-7.3e-06,15.6112,0.765135,-0.765135,19450.0,2.51995,-2.51995,6178.0,242.9,-242.9,1.08,0.05,-0.05,1292.25,,,1670.0,,,CANDIDATE
1.33679,,,2.70732,0.190993,-0.190993,700.0,1.48052,-1.48052,5600.0,187.0,-187.0,0.98,0.05,-0.05,1038.31,,,1581.0,,,FALSE POSITIVE
3.7519831,6.2e-06,-6.2e-06,12.9516,,,17240.0,6.56554,-6.56554,5389.0,122.0,-122.0,0.97,,,297.501,,,1157.0,,,CANDIDATE
9.2584055,0.0001608,-0.0001608,11.7073433,1.8273736,-1.8273736,2039.8195589,102.628235,-102.628235,5707.0,154.6,-154.6,2.53632,0.128081,-0.128081,811.0432719,,,1361.0709228,,,CANDIDATE
4.625568,1.7e-05,-1.7e-05,13.2242,0.745804,-0.745804,9810.0,4.62029,-4.62029,5972.0,276.8,-276.8,1.34,0.07,-0.07,493.442,,,1313.0,,,CANDIDATE
2.0714803,5.63e-05,-5.63e-05,9.7546,0.584532,-0.584532,1660.0,2.25536,-2.25536,7047.0,184.4,-184.4,2.46,0.11,-0.11,4440.11,,,2274.0,,,FALSE POSITIVE
15.634183,0.0001548,-0.0001548,11.238,0.674562,-0.674562,12980.0,13.8802,-13.8802,5725.0,131.9,-131.9,0.96,0.05,-0.05,23.2536,,,611.0,,,CANDIDATE
2.8285323,9.11e-05,-9.11e-05,10.3779772,0.6638843,-0.6638843,9695.9755103,203.75189,-203.75189,5257.0,131.4,-131.4,1.02586,0.0596382,-0.0596382,504.0504139,,,1208.4765945,,,CANDIDATE
5.6917579,1.87e-05,-1.87e-05,12.6894204,0.6639973,-0.6639973,5379.1683802,89.54175,-89.54175,5783.0,123.1,-123.1,1.66513,0.0806784,-0.0806784,694.6315867,,,1309.3579262,,,CANDIDATE
3.1774814,9e-07,-9e-07,13.9016,0.65223,-0.65223,14190.0,0.18035,-0.18035,6071.0,205.3,-205.3,1.12,0.05,-0.05,625.157,,,1393.0,,,CONFIRMED
2.7284428,3.6e-06,-3.6e-06,12.71,0.677451,-0.677451,10460.0,3.18854,-3.18854,5686.0,130.8,-130.8,1.21,0.06,-0.06,427.584,,,1266.0,,,CANDIDATE
3.2462849,7.2e-06,-7.2e-06,18.4686,,,9210.0,2863.05,-2863.05,5895.5,,,1.06,,,610.063,,,,,,CANDIDATE
6.7992776,4.02e-05,-4.02e-05,1.09621,0.100217,-0.100217,210.0,0.680695,-0.680695,4913.8,71.5,-71.5,0.73,0.05,-0.05,30.7937,,,656.0,,,FALSE POSITIVE
3.177514,1.8e-05,-1.8e-05,5.10272,0.395537,-0.395537,3640.0,3.89601,-3.89601,4740.0,124.5,-124.5,0.82,0.06,-0.06,150.032,,,975.0,,,CANDIDATE
3.0038696,0.0001132,-0.0001132,3.44576,0.285666,-0.285666,760.0,3.21494,-3.21494,6171.0,130.0,-130.0,1.2,0.06,-0.06,1394.39,,,1702.0,,,FALSE POSITIVE
7.495973,1.55e-05,-1.55e-05,12.6471,0.758967,-0.758967,7790.0,0.983328,-0.983328,5667.0,132.5,-132.5,1.41,0.08,-0.08,328.532,,,1186.0,,,CANDIDATE
10.4722034,4.28e-05,-4.28e-05,3.13882,0.200697,-0.200697,1769.0,82.1965,-82.1965,5388.0,129.8,-129.8,0.79,0.04,-0.04,59.5148,,,773.0,,,CANDIDATE
17.7046155,0.0004409,-0.0004409,2.8587599,1.112972,-1.112972,1283.7058316,114.85193,-114.85193,5388.0,129.8,-129.8,0.791536,0.0439874,-0.0439874,27.963637,,,586.5001986,,,CANDIDATE
4.9111786,5.57e-05,-5.57e-05,3.4399601,0.291455,-0.291455,606.3968298,35.89207,-35.89207,6186.0,325.3,-325.3,1.2372299,0.0571608,-0.0571608,561.8717441,,,1241.735358,,,CANDIDATE
4.1539244,1.2e-05,-1.2e-05,9.73932,0.596034,-0.596034,7500.0,11.8653,-11.8653,5737.0,105.0,-105.0,1.09,0.05,-0.05,86.6756,,,850.0,,,CANDIDATE
10.1045108,6.24e-05,-6.24e-05,3.3818,0.251105,-0.251105,1490.0,98.0566,-98.0566,5053.0,125.6,-125.6,0.9,0.06,-0.06,47.9649,,,733.0,,,CANDIDATE
2.7741864,1.11e-05,-1.11e-05,3.6487,0.224433,-0.224433,1910.0,2.02996,-2.02996,5636.0,127.9,-127.9,0.82,0.04,-0.04,393.387,,,1240.0,,,CANDIDATE
1.1789842,3.5e-06,-3.5e-06,5.02454,0.368092,-0.368092,1160.0,3.12678,-3.12678,5650.0,128.5,-128.5,1.37,0.07,-0.07,403.61,,,1248.0,,,CANDIDATE
4.3954123,3.33e-05,-3.33e-05,2.02986,0.168567,-0.168567,850.0,1.66672,-1.66672,4836.0,120.5,-120.5,0.73,0.05,-0.05,119.282,,,920.0,,,CANDIDATE
1.42744,1e-05,-1e-05,7.86301,2.00946,-2.00946,450.0,182.622,-182.622,6000.2,130.8,-130.8,1.33,0.05,-0.05,28512.6,,,3620.0,,,FALSE POSITIVE
2.6834113,4.48e-05,-4.48e-05,2.33576,0.220728,-0.220728,760.0,4.33852,-4.33852,5221.0,152.1,-152.1,0.76,0.04,-0.04,168.322,,,1003.0,,,FALSE POSITIVE
12.2740928,6.6e-06,-6.6e-06,12.7514,0.642275,-0.642275,14450.0,0.40822,-0.40822,5674.0,129.2,-129.2,1.05,0.05,-0.05,50.0141,,,740.0,,,CANDIDATE
2.3757662,1.05e-05,-1.05e-05,19.1019,1.19183,-1.19183,7500.0,318.906,-318.906,6676.0,132.2,-132.2,2.2,0.13,-0.13,2544.85,,,1978.0,,,CANDIDATE
5.7152049,3.09e-05,-3.09e-05,10.4523,0.62062,-0.62062,2080.0,1.83577,-1.83577,5845.0,128.4,-128.4,2.25,0.11,-0.11,213.024,,,1064.0,,,CANDIDATE
3.5322939,1.38e-05,-1.38e-05,3.40196,0.369568,-0.369568,2450.0,3.35884,-3.35884,4003.0,124.1,-124.1,0.66,0.07,-0.07,64.0026,,,787.0,,,CANDIDATE
14.4348737,8.14e-05,-8.14e-05,8.117,0.555657,-0.555657,1640.0,3.28599,-3.28599,5834.0,131.8,-131.8,1.93,0.1,-0.1,220.777,,,1073.0,,,CANDIDATE
12.320331,3.13e-05,-3.13e-05,5.10721,0.499507,-0.499507,5790.0,3.68205,-3.68205,4103.0,122.6,-122.6,0.65,0.06,-0.06,7.71974,,,464.0,,,CANDIDATE
9.5730706,2.75e-05,-2.75e-05,2.3053058,0.2454543,-0.2454543,370.8091141,19.648224,-19.648224,6101.0,193.0,-193.0,1.11672,0.0480905,-0.0480905,186.024825,,,941.9166541,,,CONFIRMED
4.040413,2.26e-05,-2.26e-05,1.5473747,0.1454431,-0.1454431,143.394396,12.183512,-12.183512,6101.0,193.0,-193.0,1.11672,0.0480905,-0.0480905,587.586178,,,1255.7050544,,,CONFIRMED
0.7676706,3.1e-06,-3.1e-06,2.98877,0.211164,-0.211164,340.0,0.968097,-0.968097,6377.0,122.5,-122.5,1.53,0.07,-0.07,2825.39,,,2031.0,,,FALSE POSITIVE
12.2788421,5.95e-05,-5.95e-05,9.64521,0.585322,-0.585322,4960.0,3.31378,-3.31378,5596.0,129.8,-129.8,1.39,0.07,-0.07,84.8171,,,845.0,,,CANDIDATE
22.1575175,0.0001375,-0.0001375,2.17495,0.166484,-0.166484,837.0,58.3308,-58.3308,5174.0,132.1,-132.1,0.79,0.05,-0.05,12.4497,,,523.0,,,CANDIDATE
4.8038539,9.02e-05,-9.02e-05,4.0981388,0.4721263,-0.4721263,2380.362129,185.12244,-185.12244,4080.0,126.3,-126.3,0.692076,0.0688216,-0.0688216,51.6275524,,,683.6599416,,,CANDIDATE
2.9855843,2.6e-06,-2.6e-06,10.0005,0.974955,-0.974955,9990.0,48.1483,-48.1483,4602.0,123.8,-123.8,0.82,0.06,-0.06,100.984,,,883.0,,,CANDIDATE
3.6311186,1.57e-05,-1.57e-05,15.6552,,,6300.0,302.139,-302.139,5979.9,,,1.63,,,1145.48,,,,,,FALSE POSITIVE
25.0930011,0.000271,-0.000271,10.3058363,0.6422571,-0.6422571,5820.9357478,145.4691,-145.4691,5775.0,126.6,-126.6,1.33728,0.0655326,-0.0655326,62.0331918,,,715.7737734,,,CANDIDATE
2.5551882,3.3e-06,-3.3e-06,13.5962,0.685276,-0.685276,11630.0,1.93545,-1.93545,5855.0,129.3,-129.3,1.21,0.06,-0.06,595.9,,,1376.0,,,CANDIDATE
5.201975,1.1e-05,-1.1e-05,9.15316,0.734403,-0.734403,4990.0,9.94253,-9.94253,4950.0,126.7,-126.7,1.18,0.08,-0.08,30.1871,,,653.0,,,CANDIDATE
1.1096992,2.2e-06,-2.2e-06,9.33715,0.735812,-0.735812,620.0,3.87915,-3.87915,8666.0,229.0,-229.0,3.13,0.1,-0.1,122457.0,,,5211.0,,,FALSE POSITIVE
4.8952783,1.2e-05,-1.2e-05,14.0672,0.74192,-0.74192,4730.0,1.11667,-1.11667,5828.0,129.6,-129.6,1.77,0.09,-0.09,883.882,,,1519.0,,,CANDIDATE
2.8622679,3e-06,-3e-06,18.4047,0.966393,-0.966393,14440.0,491.996,-491.996,7167.0,131.4,-131.4,1.49,0.07,-0.07,1757.24,,,1803.0,,,CANDIDATE
2.787945,1.66e-05,-1.66e-05,7.5851475,8.170832,-8.170832,3211.467356,220.98615,-220.98615,5375.0,122.2,-122.2,0.847241,0.0460552,-0.0460552,374.4763489,,,1121.9560583,,,CANDIDATE
3.4138019,6.2e-06,-6.2e-06,22.5559,1.98218,-1.98218,9850.0,311.487,-311.487,5150.0,218.2,-218.2,2.24,0.19,-0.19,309.683,,,1168.0,,,CANDIDATE
4.7155974,2.38e-05,-2.38e-05,18.3601489,0.9564092,-0.9564092,11242.4339671,286.49048,-286.49048,5873.0,124.0,-124.0,1.5585099,0.0763267,-0.0763267,821.3764221,,,1365.3855665,,,CANDIDATE
3.2428744,0.0001546,-0.0001546,2.3171,0.28819,-0.28819,1470.0,6.59101,-6.59101,4016.0,126.2,-126.2,0.58,0.06,-0.06,113.659,,,909.0,,,FALSE POSITIVE
56.4043748,0.0002054,-0.0002054,12.5447,0.610691,-0.610691,9060.0,2.5734,-2.5734,6433.0,138.4,-138.4,1.25,0.06,-0.06,0.909373,,,272.0,,,CONFIRMED
1.9795413,7.1e-06,-7.1e-06,4.77367,0.316145,-0.316145,2640.0,1.74308,-1.74308,5275.0,130.6,-130.6,0.92,0.06,-0.06,604.981,,,1381.0,,,CANDIDATE
3.2724973,6.5e-06,-6.5e-06,5.6778,0.460887,-0.460887,5320.0,2.52861,-2.52861,4279.0,107.4,-107.4,0.75,0.06,-0.06,44.1281,,,718.0,,,CANDIDATE
3.6623918,7e-07,-7e-07,17.2805567,0.8474124,-0.8474124,12253.6582523,33.79843,-33.79843,6600.0,,,1.48532,0.0727839,-0.0727839,1645.9886958,,,1624.5252338,,,CONFIRMED
6.269716,0.0002671,-0.0002671,3.86288,0.340606,-0.340606,1240.0,3.26674,-3.26674,4812.0,125.3,-125.3,1.08,0.07,-0.07,154.408,,,982.0,,,FALSE POSITIVE
2.3382502,3.9e-06,-3.9e-06,11.123,0.665334,-0.665334,13090.0,1.78478,-1.78478,5263.0,129.6,-129.6,0.94,0.05,-0.05,438.011,,,1274.0,,,CANDIDATE
11.7647926,5.01e-05,-5.01e-05,11.5240963,0.7157869,-0.7157869,4428.9591948,99.853004,-99.853004,5801.0,106.5,-106.5,1.69397,0.0847436,-0.0847436,287.7082031,,,1050.4074921,,,CANDIDATE
0.9135968,2.36e-05,-2.36e-05,2.17077,0.20325,-0.20325,540.0,3.22189,-3.22189,5987.0,131.7,-131.7,0.89,0.04,-0.04,2079.14,,,1881.0,,,FALSE POSITIVE
2.5139764,7e-06,-7e-06,4.90303,0.26506,-0.26506,560.0,0.426529,-0.426529,6150.0,200.2,-200.2,2.05,0.09,-0.09,1043.42,,,1583.0,,,FALSE POSITIVE
3.7630305,2.01e-05,-2.01e-05,5.96705,0.365984,-0.365984,1580.0,2.00578,-2.00578,6357.0,144.5,-144.5,1.5,0.07,-0.07,1050.55,,,1586.0,,,CANDIDATE
3.8016217,2.6e-06,-2.6e-06,13.6371,0.640087,-0.640087,8310.0,0.652961,-0.652961,6244.0,129.2,-129.2,1.47,0.07,-0.07,672.585,,,1418.0,,,CONFIRMED
3.660032,4.4e-06,-4.4e-06,17.5565568,0.8129793,-0.8129793,7749.7203265,36.76219,-36.76219,5988.0,140.0,-140.0,1.88626,0.0869244,-0.0869244,1804.5548719,,,1662.3109767,,,CONFIRMED
4.6200781,0.0001123,-0.0001123,7.04607,0.51119,-0.51119,3480.0,9.0439,-9.0439,5999.0,128.9,-128.9,1.16,0.06,-0.06,216.021,,,1068.0,,,FALSE POSITIVE
1.82488,,,24.8366,2.8968,-2.8968,2950.0,384.622,-384.622,5773.74,76.0,-76.0,1.23,0.06,-0.06,3161.32,,,2088.0,,,FALSE POSITIVE
4.2511214,5.7e-06,-5.7e-06,11.2617,0.607523,-0.607523,13830.0,2.00381,-2.00381,5501.0,128.5,-128.5,0.94,0.05,-0.05,240.568,,,1097.0,,,CANDIDATE
3.6022715,8.1e-06,-8.1e-06,14.4799,0.736902,-0.736902,9700.0,359.016,-359.016,6338.0,126.7,-126.7,1.45,0.07,-0.07,582.883,,,1368.0,,,CANDIDATE
3.6593967,2.42e-05,-2.42e-05,12.1105,0.715638,-0.715638,4230.0,4.76007,-4.76007,5875.0,120.1,-120.1,1.86,0.09,-0.09,1001.69,,,1567.0,,,CANDIDATE
9.8482192,0.0007348,-0.0007348,13.8742,1.27637,-1.27637,1670.0,6.18557,-6.18557,6126.0,126.4,-126.4,3.31,0.21,-0.21,206.691,,,1056.0,,,FALSE POSITIVE
16.9020565,2.31e-05,-2.31e-05,11.3763,0.641715,-0.641715,14890.0,1.99691,-1.99691,5442.0,129.4,-129.4,0.91,0.05,-0.05,62.5724,,,783.0,,,CANDIDATE
4.0664446,1.3e-06,-1.3e-06,12.1827,0.685761,-0.685761,19740.0,3.7531,-3.7531,5421.0,155.1,-155.1,0.86,0.05,-0.05,89.3911,,,856.0,,,CONFIRMED
2.3745416,3.2e-06,-3.2e-06,13.6144,0.703471,-0.703471,10590.0,2.39068,-2.39068,5865.0,129.4,-129.4,1.3,0.06,-0.06,1303.71,,,1674.0,,,CANDIDATE
3.6841446,7.21e-05,-7.21e-05,3.74263,0.281723,-0.281723,2260.0,2.70526,-2.70526,4939.0,201.8,-201.8,0.79,0.05,-0.05,286.262,,,1145.0,,,FALSE POSITIVE
3.2928068,5.4e-06,-5.4e-06,11.9432,0.803304,-0.803304,16460.0,7.13136,-7.13136,5037.0,143.4,-143.4,0.91,0.06,-0.06,159.842,,,990.0,,,CANDIDATE
3.6112621,2.2e-06,-2.2e-06,13.6137403,0.5967907,-0.5967907,5684.0944144,49.322964,-49.322964,6450.0,,,1.68443,0.07301,-0.07301,1818.5488883,,,1665.5243818,,,CONFIRMED
9.7938352,0.0025257,-0.0025257,13.1815999,1.1075028,-1.1075028,6228.3071316,586.0073,-586.0073,5737.0,143.5,-143.5,1.46202,0.0741256,-0.0741256,254.8254794,,,1019.0147305,,,CANDIDATE
11.6999152,2.95e-05,-2.95e-05,12.0929,0.56622,-0.56622,2960.0,0.641485,-0.641485,6906.0,97.0,-97.0,2.16,0.1,-0.1,157.492,,,986.0,,,CANDIDATE
4.6174254,1.26e-05,-1.26e-05,16.6632337,0.7609565,-0.7609565,9412.560054,53.913795,-53.913795,6411.0,231.7,-231.7,1.67219,0.0757286,-0.0757286,1212.0072219,,,1504.8598368,,,CONFIRMED
7.3446285,3.6e-05,-3.6e-05,12.8665,0.689679,-0.689679,4210.0,2.19269,-2.19269,6320.0,131.8,-131.8,1.99,0.09,-0.09,506.001,,,1321.0,,,CANDIDATE
3.3207642,1.34e-05,-1.34e-05,3.02356,0.173903,-0.173903,940.0,0.863072,-0.863072,6142.0,389.6,-389.6,0.95,0.05,-0.05,586.762,,,1371.0,,,CONFIRMED
4.461878,2.92e-05,-2.92e-05,2.32515,0.156053,-0.156053,500.0,0.851334,-0.851334,5986.0,132.4,-132.4,1.04,0.05,-0.05,459.495,,,1289.0,,,CANDIDATE
12.822639,5.46e-05,-5.46e-05,3.0954065,0.4638515,-0.4638515,750.9057494,67.971954,-67.971954,5986.0,132.4,-132.4,1.0396301,0.0514071,-0.0514071,101.3928989,,,809.3225377,,,CANDIDATE
5.289835,1.9e-05,-1.9e-05,7.64474,2.22559,-2.22559,2330.0,328.449,-328.449,6655.0,183.5,-183.5,1.11,0.05,-0.05,2582.58,,,1986.0,,,FALSE POSITIVE
7.0114,1e-05,-1e-05,18.1417,1.08769,-1.08769,8970.0,12.8786,-12.8786,6084.8,35.2,-35.2,1.82,0.08,-0.08,753.673,,,1459.0,,,FALSE POSITIVE
4.4427146,1.08e-05,-1.08e-05,11.7585481,0.6272951,-0.6272951,12220.1525687,139.8514,-139.8514,5754.0,132.4,-132.4,1.04413,0.053706,-0.053706,375.1250027,,,1122.4415956,,,CANDIDATE
4.2607797,4.11e-05,-4.11e-05,13.7822358,0.7463378,-0.7463378,3857.0364187,123.28848,-123.28848,7409.0,121.8,-121.8,2.1503201,0.0938592,-0.0938592,3322.0021575,,,1936.2869886,,,CANDIDATE
4.3744258,3.3e-06,-3.3e-06,19.4866,0.922258,-0.922258,8580.0,0.137644,-0.137644,6013.0,130.7,-130.7,2.05,0.1,-0.1,1159.28,,,1625.0,,,CANDIDATE
21.5615248,0.000104,-0.000104,7.76454,0.430661,-0.430661,3600.0,2.47858,-2.47858,5644.0,121.7,-121.7,1.28,0.06,-0.06,51.2879,,,745.0,,,CANDIDATE
3.522843,2.3e-05,-2.3e-05,3.93303,0.504998,-0.504998,800.0,63.6225,-63.6225,5952.0,353.9,-353.9,1.39,0.17,-0.17,638.021,,,1400.0,,,CANDIDATE
7.1406422,1.02e-05,-1.02e-05,11.978218,5.4364552,-5.4364552,7517.3472752,408.40536,-408.40536,5463.0,121.4,-121.4,1.00007,0.0520905,-0.0520905,156.6452579,,,902.2960634,,,CANDIDATE
5.236124,5.8e-05,-5.8e-05,2.94616,0.229194,-0.229194,930.0,2.61524,-2.61524,5604.0,144.5,-144.5,0.96,0.05,-0.05,188.943,,,1032.0,,,CANDIDATE
14.793901,3.23e-05,-3.23e-05,8.42756,0.550541,-0.550541,8150.0,389.906,-389.906,5095.0,127.5,-127.5,0.84,0.05,-0.05,19.3352,,,584.0,,,FALSE POSITIVE
29.3821476,0.0002436,-0.0002436,14.7329776,15.051523,-15.051523,6575.439488,336.51337,-336.51337,6016.0,139.7,-139.7,1.1547199,0.053186,-0.053186,41.9877466,,,649.2327084,,,CANDIDATE
3.4026932,1.59e-05,-1.59e-05,11.5347,0.636205,-0.636205,2900.0,1.27709,-1.27709,5661.0,125.0,-125.0,2.18,0.11,-0.11,1695.28,,,1787.0,,,CANDIDATE
5.62162,7e-05,-7e-05,3.35879,0.28553,-0.28553,580.083,1.90541,-1.90541,5834.2,179.5,-179.5,1.27,0.08,-0.08,334.683,,,1191.0,,,FALSE POSITIVE
2.190225,2.6e-06,-2.6e-06,15.1395,0.741834,-0.741834,8750.0,0.540498,-0.540498,5929.0,125.5,-125.5,1.56,0.08,-0.08,1559.45,,,1750.0,,,CANDIDATE
3.7453991,7.08e-05,-7.08e-05,3.17171,0.227621,-0.227621,1390.0,2.44373,-2.44373,5133.0,123.2,-123.2,0.81,0.05,-0.05,428.765,,,1267.0,,,CANDIDATE
4.1915095,3.03e-05,-3.03e-05,2.33252,0.176641,-0.176641,900.0,55.3122,-55.3122,4996.0,127.2,-127.2,0.79,0.05,-0.05,270.353,,,1129.0,,,CANDIDATE
8.2713274,1.15e-05,-1.15e-05,14.0507,0.684684,-0.684684,20740.0,1.70296,-1.70296,5921.0,128.9,-128.9,0.97,0.05,-0.05,146.225,,,968.0,,,CANDIDATE
1.5569519,6e-06,-6e-06,6.93656,0.492495,-0.492495,950.0,2.78202,-2.78202,6464.0,124.8,-124.8,2.04,0.09,-0.09,614.242,,,1386.0,,,CANDIDATE
2.2042212,1.3e-06,-1.3e-06,9.78883,0.537635,-0.537635,4250.0,1.55179,-1.55179,5702.0,130.2,-130.2,1.42,0.07,-0.07,97.961,,,876.0,,,FALSE POSITIVE
2.2359865,5e-07,-5e-07,13.4367443,0.7075624,-0.7075624,19058.0137423,128.17053,-128.17053,5260.0,,,0.844379,0.0442312,-0.0442312,491.325955,,,1200.7764901,,,CONFIRMED
0.5992533,3.5e-06,-3.5e-06,2.9919707,1.7302551,-1.7302551,24379.9383482,1068.4048,-1068.4048,31000.0,,,0.18,0.104,-0.104,228935.2995208,,,5578.8918184,,,FALSE POSITIVE
27.848697,0.0001969,-0.0001969,2.77036,0.220484,-0.220484,343.0,32.5315,-32.5315,5399.6,104.0,-104.0,1.56,0.08,-0.08,19.8693,,,588.0,,,CANDIDATE
11.7915574,4.28e-05,-4.28e-05,3.2687802,4.8328824,-4.8328824,661.9685157,76.9263,-76.9263,6407.0,197.0,-197.0,1.24512,0.0545578,-0.0545578,187.5928059,,,943.8952366,,,CANDIDATE
4.9019938,1.4e-05,-1.4e-05,2.5554145,0.437412,-0.437412,10774.951206,947.59814,-947.59814,3147.0,99.0,-99.0,0.240807,0.0074119,-0.0074119,5.0534848,,,382.3996541,,,CONFIRMED
16.5414219,0.0001269,-0.0001269,3.3270234,0.8524556,-0.8524556,1098.6666331,98.509155,-98.509155,4395.6,79.0,-79.0,0.938435,0.0774372,-0.0774372,23.3426364,,,560.6053342,,,CANDIDATE
12.7503356,7.4e-05,-7.4e-05,2.17135,0.168112,-0.168112,692.0,55.9411,-55.9411,5639.0,188.0,-188.0,0.88,0.05,-0.05,54.0301,,,755.0,,,CANDIDATE
30.8812601,0.0004428,-0.0004428,5.2996592,0.3581204,-0.3581204,425.1596999,26.378208,-26.378208,6047.0,135.898,-135.898,2.2319901,0.106372,-0.106372,148.9610746,,,891.0210182,,,CANDIDATE
10.2813284,2.97e-05,-2.97e-05,11.8759119,0.421057,-0.421057,37333.9631684,756.6788,-756.6788,3919.0,169.0,-169.0,0.593317,0.0176925,-0.0176925,10.9982809,,,464.4628168,,,FALSE POSITIVE
46.9621053,0.0002138,-0.0002138,2.4680695,0.3954814,-0.3954814,757.7887314,34.311115,-34.311115,5744.0,117.134,-117.134,0.879321,0.0413869,-0.0413869,11.3814426,,,468.4562934,,,CANDIDATE
0.4038426,3.15e-05,-3.15e-05,1.442393,1.3622795,-1.3622795,636.6337963,48.509575,-48.509575,4119.1,188.7,-188.7,0.555,0.018,-0.018,710.634979,,,1316.835102,,,FALSE POSITIVE
15.6062307,0.000122,-0.000122,2.1494954,1.4133782,-1.4133782,659.0717891,70.57729,-70.57729,5067.0,128.23,-128.23,0.816585,0.0507965,-0.0507965,29.4183635,,,593.9834944,,,CANDIDATE
742.8561164,0.0060448,-0.0060448,2.2756143,1.3284355,-1.3284355,415.3404179,43.82107,-43.82107,5816.0,116.194,-116.194,1.10194,0.0502312,-0.0502312,0.4671053,,,210.8499272,,,CANDIDATE
4.2300182,0.0009736,-0.0009736,17.0408,6.38388,-6.38388,3470.0,1598.06,-1598.06,6064.1,126.4,-126.4,1.44,0.07,-0.07,927.501,,,1537.0,,,CANDIDATE
6.5081212,0.0005307,-0.0005307,11.511,0.63935,-0.63935,8260.0,3.80614,-3.80614,5652.8,442.1,-442.1,1.27,0.06,-0.06,473.037,,,1299.0,,,CANDIDATE
3.125924,0.0002101,-0.0002101,17.3686,0.908541,-0.908541,18690.0,2.59475,-2.59475,5828.0,130.4,-130.4,1.24,0.06,-0.06,600.297,,,1378.0,,,CANDIDATE
3.9017499,0.0002889,-0.0002889,12.6062,0.971587,-0.971587,27430.0,18.5068,-18.5068,4665.0,121.8,-121.8,0.71,0.05,-0.05,73.9553,,,816.0,,,CANDIDATE
4.746318,0.0008478,-0.0008478,12.2509,,,12470.0,12.1998,-12.1998,5648.0,19.1,-19.1,1.09,,,290.335,,,1149.0,,,CANDIDATE
4.4466179,0.0007335,-0.0007335,16.7023,0.870113,-0.870113,7930.0,2.51405,-2.51405,6534.0,192.2,-192.2,1.85,0.09,-0.09,1257.77,,,1659.0,,,CANDIDATE
2.300698,2.43e-05,-2.43e-05,4.87824,1.65997,-1.65997,780.0,309.525,-309.525,5747.3,518.8,-518.8,0.85,0.04,-0.04,17366.7,,,3198.0,,,FALSE POSITIVE
3.5809733,0.0003732,-0.0003732,12.0428,0.469155,-0.469155,36850.0,19.5244,-19.5244,3790.0,157.0,-157.0,0.61,0.02,-0.02,40.4443,,,702.0,,,CONFIRMED
3.9592516,0.0007277,-0.0007277,7.85756,0.44129,-0.44129,3160.0,3.7703,-3.7703,7068.0,436.7,-436.7,1.39,0.06,-0.06,1272.37,,,1663.0,,,CANDIDATE
5.9056572,2.69e-05,-2.69e-05,11.5383,1.184,-1.184,10720.0,72.3988,-72.3988,5076.0,126.4,-126.4,0.97,0.06,-0.06,523.023,,,1332.0,,,CANDIDATE
2.4170503,0.0011611,-0.0011611,13.975,,,7730.0,14.0481,-14.0481,5796.8,115.6,-115.6,1.56,,,1340.72,,,1685.0,,,CANDIDATE
1.0681394,0.0004473,-0.0004473,19.5184,,,7290.0,23.0956,-23.0956,7248.0,122.0,-122.0,2.23,,,7148.75,,,2561.0,,,FALSE POSITIVE
0.8631737,0.0001986,-0.0001986,12.7525,,,6330.0,24.6483,-24.6483,6142.0,122.0,-122.0,1.47,,,2000.07,,,1863.0,,,CANDIDATE
16.067522,1.73e-05,-1.73e-05,4.7909617,0.345819,-0.345819,2929.6501469,47.487232,-47.487232,5718.0,189.0,-189.0,0.860124,0.0494975,-0.0494975,36.1060604,,,625.1939631,,,CONFIRMED
5.1976858,2.94e-05,-2.94e-05,1.9257346,0.9877214,-0.9877214,437.4376044,38.440166,-38.440166,5718.0,189.0,-189.0,0.860124,0.0494975,-0.0494975,162.5917886,,,910.7399798,,,CONFIRMED
1.0435229,2.6e-06,-2.6e-06,9.09391,0.521429,-0.521429,4970.0,4.49265,-4.49265,6259.0,129.6,-129.6,1.23,0.06,-0.06,2148.73,,,1896.0,,,FALSE POSITIVE
3.491383,5.4e-06,-5.4e-06,11.154,0.567462,-0.567462,4650.0,0.493613,-0.493613,5936.5,531.5,-531.5,1.59,0.08,-0.08,555.531,,,1352.0,,,CANDIDATE
1.0994412,5e-06,-5e-06,11.0223,,,3860.0,11.8634,-11.8634,6915.0,122.0,-122.0,1.63,,,2816.92,,,2029.0,,,CANDIDATE
1.1870337,0.0002351,-0.0002351,10.6747149,0.9626542,-0.9626542,8164.5762553,610.63605,-610.63605,6325.0,122.0,-122.0,1.15885,,,3443.5604618,,,1953.7620867,,,FALSE POSITIVE
2.6269521,0.0004542,-0.0004542,17.6062,0.893172,-0.893172,12010.0,4.47312,-4.47312,6976.0,129.5,-129.5,1.58,0.07,-0.07,2547.74,,,1979.0,,,CANDIDATE
1.1471548,0.0001725,-0.0001725,3.90118,,,2670.0,3.24018,-3.24018,3901.0,124.0,-124.0,0.75,,,249.626,,,1107.0,,,FALSE POSITIVE
0.8335712,3.5e-06,-3.5e-06,12.5164,0.965677,-0.965677,3340.0,6.14771,-6.14771,6158.0,123.6,-123.6,2.09,0.13,-0.13,3359.53,,,2120.0,,,FALSE POSITIVE
7.2654708,1.45e-05,-1.45e-05,13.0064,0.644084,-0.644084,13930.0,2.90887,-2.90887,5944.0,134.0,-134.0,1.05,0.05,-0.05,181.435,,,1022.0,,,CANDIDATE
1.161347,6.9e-06,-6.9e-06,10.7619,0.746989,-0.746989,4320.0,9.27084,-9.27084,6289.0,144.4,-144.4,1.62,0.08,-0.08,6500.64,,,2501.0,,,CANDIDATE
1.1355457,3.2e-06,-3.2e-06,21.5263238,8.2945138,-8.2945138,393.5764226,25.5348159,-25.5348159,10262.0,124.0,-124.0,7.03693,,,47965.7,,,4122.0,,,FALSE POSITIVE
2.9628955,9.6e-06,-9.6e-06,14.7038,,,4610.0,6.41046,-6.41046,7998.0,,,2.04,,,1606.41,,,,,,CANDIDATE
3.4169475,1.08e-05,-1.08e-05,13.7893,0.81458,-0.81458,6880.0,6.34149,-6.34149,6610.0,159.7,-159.7,1.63,0.08,-0.08,705.607,,,1435.0,,,CANDIDATE
6.0219203,0.0025413,-0.0025413,19.1085522,1.0409632,-1.0409632,14130.5442597,817.1921,-817.1921,5932.0,122.0,-122.0,1.58618,,,631.2157212,,,1278.3924624,,,CANDIDATE
1.1385671,0.0004625,-0.0004625,16.0326,,,6220.0,23.6598,-23.6598,9024.0,123.0,-123.0,2.0,,,13181.3,,,2985.0,,,FALSE POSITIVE
3.1615697,7e-07,-7e-07,14.8619546,0.7204642,-0.7204642,17482.2328085,44.09823,-44.09823,6072.0,125.1,-125.1,1.0977401,0.0531332,-0.0531332,758.1026175,,,1338.2946709,,,CONFIRMED
3.2970252,0.000991,-0.000991,13.4619,0.885817,-0.885817,6550.0,12.7057,-12.7057,8945.0,289.8,-289.8,1.67,0.07,-0.07,2098.67,,,1885.0,,,CANDIDATE
1.2247985,0.0005312,-0.0005312,8.32531,,,7640.0,36.7347,-36.7347,5699.0,122.0,-122.0,0.89,,,1294.24,,,1670.0,,,FALSE POSITIVE
1.820443,0.0009277,-0.0009277,16.6319,,,7330.0,36.7573,-36.7573,6079.0,122.0,-122.0,1.94,,,2155.48,,,1898.0,,,FALSE POSITIVE
0.908232,0.0004065,-0.0004065,8.54322,,,5020.0,14.5452,-14.5452,6481.0,122.0,-122.0,1.23,,,7791.46,,,2617.0,,,CANDIDATE
1.6562803,3.6e-06,-3.6e-06,9.54495,,,5610.0,8.04431,-8.04431,6044.0,122.0,-122.0,1.25,,,291.778,,,1151.0,,,FALSE POSITIVE
0.4021401,2.12e-05,-2.12e-05,22.9091656,41.55986,-41.55986,3337.1746961,276.33997,-276.33997,6115.0,127.4,-127.4,2.44753,0.118634,-0.118634,17100.1,,,3185.0,,,CANDIDATE
1.2732245,1.6e-06,-1.6e-06,13.8628,,,23100.0,36.8219,-36.8219,4973.0,122.0,-122.0,0.85,,,1086.11,,,1599.0,,,CANDIDATE
2.8123314,0.000685,-0.000685,16.8822046,1.0622879,-1.0622879,7201.8344297,335.42914,-335.42914,6614.0,129.2,-129.2,1.84646,0.100824,-0.100824,3098.3194662,,,1902.8357335,,,CANDIDATE
1.9784257,1.1e-05,-1.1e-05,2.02143,0.158549,-0.158549,720.0,1.47316,-1.47316,5059.0,122.9,-122.9,0.75,0.05,-0.05,600.02,,,1378.0,,,FALSE POSITIVE
10.1238604,8.24e-05,-8.24e-05,15.7944,1.13933,-1.13933,7090.0,19.2212,-19.2212,6531.0,129.1,-129.1,1.81,0.08,-0.08,79.2946,,,831.0,,,CANDIDATE
3.1118943,0.0004132,-0.0004132,14.3339,1.15499,-1.15499,16660.0,10.7686,-10.7686,5412.6,222.9,-222.9,1.08,0.08,-0.08,406.945,,,1251.0,,,CANDIDATE
3.0579913,4e-06,-4e-06,14.2454281,1.0655823,-1.0655823,7764.9825702,164.4774,-164.4774,5967.0,135.6,-135.6,1.59436,0.105422,-0.105422,1601.6545359,,,1613.4739633,,,CANDIDATE
1.0886286,0.000135,-0.000135,8.7147619,11.431016,-11.431016,412.1764427,43.693493,-43.693493,6127.0,138.8,-138.8,4.2160501,0.20507,-0.20507,47343.510594,,,3762.1392317,,,CANDIDATE
1.8665254,6.2e-06,-6.2e-06,10.2057,0.662486,-0.662486,3606.0,1.46874,-1.46874,6310.3,203.4,-203.4,1.61,0.1,-0.1,2933.46,,,2050.0,,,CANDIDATE
3.1527177,0.0001811,-0.0001811,5.7168495,0.4240785,-0.4240785,4102.6968156,229.38643,-229.38643,5093.0,121.3,-121.3,0.800841,0.0430553,-0.0430553,316.3922274,,,1075.6629276,,,CANDIDATE
12.8860009,3.73e-05,-3.73e-05,12.0983571,0.6625294,-0.6625294,11434.9523427,295.02332,-295.02332,6126.0,129.1,-129.1,1.11324,0.049598,-0.049598,122.295914,,,848.1501366,,,CANDIDATE
4.3539599,0.0001106,-0.0001106,23.0280318,0.2291211,-0.2291211,41586.4865614,505.841,-505.841,5883.0,122.0,-122.0,1.09523,,,451.4099178,,,1175.6079755,,,CANDIDATE
5.1442317,0.0005085,-0.0005085,13.8382,0.706199,-0.706199,4310.0,1.60781,-1.60781,5936.0,70.8,-70.8,2.09,0.1,-0.1,1708.0,,,1790.0,,,CANDIDATE
6.772626,0.0007917,-0.0007917,19.1292,4.51001,-4.51001,8606.4623591,643.37177,-643.37177,4360.5,271.1,-271.1,2.12,0.25,-0.25,203.5541234,,,963.362475,,,CANDIDATE
3.60364,0.00032,-0.00032,14.1007,0.723462,-0.723462,6281.32,3.09946,-3.09946,6896.7,160.0,-160.0,1.62,0.07,-0.07,2312.7,,,1931.0,,,FALSE POSITIVE
4.0185922,2.17e-05,-2.17e-05,13.9642,,,6230.0,3.87041,-3.87041,7156.0,122.0,-122.0,1.77,,,2154.02,,,1897.0,,,CANDIDATE
0.9109508,3.3e-06,-3.3e-06,13.0531,0.85219,-0.85219,4720.0,10.6729,-10.6729,9421.0,185.2,-185.2,1.79,0.08,-0.08,18809.1,,,3262.0,,,FALSE POSITIVE
2.6085023,5.8e-06,-5.8e-06,13.8957666,0.5974342,-0.5974342,10431.5892384,314.3097,-314.3097,7302.0,138.7,-138.7,1.2122999,0.0457688,-0.0457688,1947.3076326,,,1694.2534985,,,CANDIDATE
1.1462769,3.7e-06,-3.7e-06,14.1198099,0.8756648,-0.8756648,4058.2232173,114.97667,-114.97667,6416.0,137.0,-137.0,2.11854,0.0956183,-0.0956183,12500.9173208,,,2696.8402433,,,CANDIDATE
2.5057108,1.5e-05,-1.5e-05,12.9673,0.899836,-0.899836,3170.0,7.80667,-7.80667,8330.0,168.4,-168.4,2.26,0.1,-0.1,2430.56,,,1956.0,,,FALSE POSITIVE
1.0962372,6.5e-06,-6.5e-06,15.7533,1.09518,-1.09518,2460.0,4.23428,-4.23428,6519.0,136.7,-136.7,3.25,0.17,-0.17,6446.8,,,2496.0,,,FALSE POSITIVE
4.6512523,1.63e-05,-1.63e-05,6.22936,0.331398,-0.331398,3110.0,3.28362,-3.28362,7192.0,142.9,-142.9,1.1,0.04,-0.04,432.038,,,1270.0,,,FALSE POSITIVE
3.8505662,2.74e-05,-2.74e-05,16.5768,,,6070.0,12.2367,-12.2367,6353.0,122.0,-122.0,2.13,,,475.693,,,1301.0,,,FALSE POSITIVE
8.9612626,0.0004191,-0.0004191,17.0901716,7.186487,-7.186487,11333.9389745,535.8565,-535.8565,5435.5,23.7,-23.7,1.1706899,0.0526231,-0.0526231,235.8695308,,,999.5113045,,,CANDIDATE
1.3205037,1.21e-05,-1.21e-05,2.1611735,2.4197206,-2.4197206,469.4537481,68.43551,-68.43551,5731.0,123.9,-123.9,0.98926,0.046402,-0.046402,1677.1571947,,,1632.1617353,,,CANDIDATE
5.4588359,2.74e-05,-2.74e-05,8.59319,0.373715,-0.373715,3290.0,2.19302,-2.19302,6349.0,111.4,-111.4,1.41,0.05,-0.05,809.823,,,1486.0,,,CANDIDATE
5.9977892,1.15e-05,-1.15e-05,11.3637133,0.5200099,-0.5200099,7349.0892262,101.4167,-101.4167,6613.0,131.6,-131.6,1.2860301,0.0554572,-0.0554572,547.2130805,,,1233.5559917,,,CANDIDATE
0.8334976,0.000133,-0.000133,9.0185699,1.2160513,-1.2160513,3841.4834968,410.57492,-410.57492,6071.0,122.0,-122.0,1.3925,,,7232.8618655,,,2352.0540215,,,FALSE POSITIVE
3.1580472,0.0001701,-0.0001701,8.3204,0.44621,-0.44621,7782.0821448,251.45578,-251.45578,7606.3,128.2,-128.2,1.01,0.03,-0.03,562.9431543,,,1242.3268887,,,CANDIDATE
3.7353995,0.000728,-0.000728,8.61993,0.724542,-0.724542,2360.0,12.7074,-12.7074,5895.0,127.7,-127.7,1.53,0.07,-0.07,230.421,,,1085.0,,,FALSE POSITIVE
0.8118585,3.1e-06,-3.1e-06,16.3456,0.99731,-0.99731,6450.0,16.3777,-16.3777,5051.7,73.6,-73.6,1.97,0.06,-0.06,832.714,,,1496.0,,,CANDIDATE
0.8133123,4.3e-06,-4.3e-06,4.37963,,,310.0,1.49887,-1.49887,8265.0,,,2.12,,,6736.59,,,,,,FALSE POSITIVE
3.4671474,0.0008057,-0.0008057,11.6401,0.737909,-0.737909,4770.0,6.84251,-6.84251,5886.0,135.1,-135.1,1.58,0.08,-0.08,391.83,,,1239.0,,,CONFIRMED
2.7302636,6.7e-06,-6.7e-06,13.7961,0.711839,-0.711839,9410.0,3.00537,-3.00537,6307.0,130.7,-130.7,1.39,0.07,-0.07,945.722,,,1544.0,,,CANDIDATE
2.9346956,1.14e-05,-1.14e-05,23.898,,,11160.0,5.66214,-5.66214,6728.0,122.0,-122.0,2.23,,,1718.88,,,1793.0,,,CANDIDATE
0.4459299,1e-06,-1e-06,20.4459,,,14630.0,24.3019,-24.3019,8878.0,123.0,-123.0,1.7,,,44946.6,,,4056.0,,,CANDIDATE
3.2738129,1.8e-05,-1.8e-05,14.6729,,,13200.0,6.06985,-6.06985,5976.0,123.0,-123.0,1.27,,,786.258,,,1475.0,,,CANDIDATE
1.7519943,1.16e-05,-1.16e-05,9.23623,,,4360.0,6.94619,-6.94619,5483.0,124.0,-124.0,1.39,,,559.892,,,1355.0,,,CANDIDATE
2.0976705,5.9e-06,-5.9e-06,14.488932,1.0896343,-1.0896343,2503.6856881,73.54898,-73.54898,5914.8,124.6,-124.6,2.7729599,0.144362,-0.144362,7780.0852689,,,2395.3326749,,,FALSE POSITIVE
3.518972,1.83e-05,-1.83e-05,13.7987,,,13820.0,6.3391,-6.3391,5972.0,122.0,-122.0,1.16,,,650.74,,,1407.0,,,CANDIDATE
13.5098037,3.65e-05,-3.65e-05,16.3981,0.979644,-0.979644,24500.0,32.4456,-32.4456,5780.0,130.5,-130.5,0.94,0.04,-0.04,47.2072,,,730.0,,,CANDIDATE
3.0131053,1.4e-06,-1.4e-06,17.061,0.719195,-0.719195,13660.0,0.791153,-0.791153,6838.0,131.8,-131.8,1.4,0.06,-0.06,1049.56,,,1585.0,,,CANDIDATE
3.5008785,2.12e-05,-2.12e-05,14.5866828,0.7614083,-0.7614083,6338.2982031,221.1966,-221.1966,5759.0,5691.5,-5691.5,1.8056901,,,1774.627038,,,1655.3754994,,,CANDIDATE
1.0268508,5.61e-05,-5.61e-05,3.2806,,,1430.0,7.96037,-7.96037,4938.0,122.0,-122.0,0.85,,,2280.33,,,1925.0,,,CANDIDATE
4.2337624,1.53e-05,-1.53e-05,14.6498,0.773758,-0.773758,5740.0,3.7758,-3.7758,6387.0,129.7,-129.7,1.86,0.08,-0.08,360.852,,,1214.0,,,CANDIDATE
6.0597,9.4e-06,-9.4e-06,8.06637,,,8270.0,6.05315,-6.05315,5036.0,122.0,-122.0,0.82,,,21.9969,,,603.0,,,CANDIDATE
2.9757428,4.1e-06,-4.1e-06,18.7018,0.915001,-0.915001,6820.0,0.330728,-0.330728,6025.0,134.3,-134.3,2.18,0.11,-0.11,1810.83,,,1817.0,,,CANDIDATE
1.1771655,4.9e-06,-4.9e-06,2.93951,0.22735,-0.22735,1050.0,3.31018,-3.31018,5313.0,126.0,-126.0,0.8,0.04,-0.04,695.522,,,1430.0,,,CANDIDATE
12.1525595,0.0001805,-0.0001805,10.0438,,,6400.0,12.0723,-12.0723,6029.0,122.0,-122.0,1.28,,,232.183,,,1087.0,,,CANDIDATE
1.7201092,5.6e-06,-5.6e-06,9.82252,,,7570.0,3.90987,-3.90987,5878.0,122.0,-122.0,1.13,,,1736.59,,,1798.0,,,FALSE POSITIVE
1.6242109,4.1e-06,-4.1e-06,14.9916,0.772717,-0.772717,17740.0,1.94069,-1.94069,5705.0,124.0,-124.0,1.06,0.05,-0.05,1180.41,,,1632.0,,,CANDIDATE
11.3929129,0.0001444,-0.0001444,10.0728,,,6880.0,7.82188,-7.82188,5217.0,122.0,-122.0,1.14,,,81.354,,,836.0,,,CANDIDATE
19.9706574,0.0001222,-0.0001222,3.1454612,1.3951696,-1.3951696,1037.3799062,131.64896,-131.64896,4985.0,122.5,-122.5,0.899081,0.0569975,-0.0569975,24.4738096,,,567.2769582,,,CANDIDATE
16.5272651,0.0001483,-0.0001483,2.9241556,0.6940974,-0.6940974,1074.4297512,112.22795,-112.22795,5030.0,129.203,-129.203,0.821739,0.0537287,-0.0537287,27.0141494,,,581.4569608,,,CANDIDATE
722.2619756,0.0073364,-0.0073364,2.7207078,1.0212622,-1.0212622,480.796335,47.96545,-47.96545,5857.0,190.0,-190.0,1.22059,0.0573694,-0.0573694,0.6771439,,,231.3609161,,,CANDIDATE
6.6019866,9.83e-05,-9.83e-05,3.55715,0.231234,-0.231234,600.0,1.13863,-1.13863,6758.0,133.0,-133.0,1.45,0.06,-0.06,1325.35,,,1680.0,,,CANDIDATE
0.58644,6e-05,-6e-05,2.31276,0.103777,-0.103777,443.281,0.593425,-0.593425,5997.7,78.3,-78.3,1.0,0.03,-0.03,6607.5,,,2511.0,,,FALSE POSITIVE
0.8062768,2.8e-06,-2.8e-06,9.05313,0.452419,-0.452419,660.0,0.820279,-0.820279,7311.1,113.6,-113.6,3.37,0.11,-0.11,18112.6,,,3231.0,,,FALSE POSITIVE
6.5445251,3.92e-05,-3.92e-05,2.62701,0.203486,-0.203486,787.0,71.0309,-71.0309,5686.0,124.7,-124.7,0.98,0.05,-0.05,94.6613,,,868.0,,,CANDIDATE
38.7619532,0.0001249,-0.0001249,2.5255313,0.8263592,-0.8263592,785.4007844,55.585663,-55.585663,5653.0,124.84,-124.84,0.876001,0.0424071,-0.0424071,13.958848,,,492.9832275,,,CANDIDATE
8.6110844,3.7e-05,-3.7e-05,4.3063675,2.1791077,-2.1791077,542.6102038,57.70742,-57.70742,6908.0,121.736,-121.736,1.76524,0.0731658,-0.0731658,716.9343478,,,1319.7436969,,,CANDIDATE
15.5718552,2.91e-05,-2.91e-05,2.44317,0.137602,-0.137602,380.0,10.0018,-10.0018,6352.33,149.652,-149.652,1.31,0.07,-0.07,115.206,,,912.0,,,CONFIRMED
31.7180208,0.0001297,-0.0001297,2.2998049,3.6733382,-3.6733382,292.8649645,39.129612,-39.129612,6352.33,149.652,-149.652,1.30883,0.0701232,-0.0701232,55.617465,,,696.5022874,,,CONFIRMED
183.0019106,0.0019672,-0.0019672,5.5931205,6.8133955,-6.8133955,396.3670005,49.06526,-49.06526,6200.0,133.686,-133.686,2.7539101,0.123563,-0.123563,22.4438469,,,555.1292025,,,CANDIDATE
374.3644315,0.005573,-0.005573,5.1223706,1.8963538,-1.8963538,310.5114444,42.422695,-42.422695,6200.0,133.686,-133.686,2.7539101,0.123563,-0.123563,8.6426188,,,437.3016226,,,CANDIDATE
2.7299049,1.2e-05,-1.2e-05,1.3513606,0.7729054,-0.7729054,7427.7249664,1003.2614,-1003.2614,2887.0,157.0,-157.0,0.155498,0.0046867,-0.0046867,4.0669768,,,362.1910146,,,CONFIRMED
32.696666,9.99e-05,-9.99e-05,1.3159881,0.1166263,-0.1166263,108.5170828,6.6106625,-6.6106625,6079.16,43.8376,-43.8376,1.09843,0.0429949,-0.0429949,33.7475807,,,614.7243418,,,CANDIDATE
4.6545798,2.46e-05,-2.46e-05,0.5531037,0.8741378,-0.8741378,24.5834929,3.2957053,-3.2957053,6079.16,43.8376,-43.8376,1.09843,0.0429949,-0.0429949,454.0182322,,,1177.3025181,,,CANDIDATE
9.1512776,3.39e-05,-3.39e-05,2.45142,0.193343,-0.193343,1074.0,83.338,-83.338,5015.0,180.0,-180.0,0.79,0.05,-0.05,55.3616,,,759.0,,,CONFIRMED
87.22287,0.0006251,-0.0006251,2.5058764,0.5386401,-0.5386401,661.1667085,79.93867,-79.93867,5220.0,126.735,-126.735,0.829943,0.0494171,-0.0494171,6.3790933,,,405.3306898,,,CANDIDATE
12.4610086,1.32e-05,-1.32e-05,3.2809492,0.3279098,-0.3279098,2078.1425981,44.225582,-44.225582,4891.0,111.8,-111.8,0.726632,0.042995,-0.042995,28.3587888,,,588.5612549,,,CONFIRMED
0.4900589,5.5e-06,-5.5e-06,1.4741529,0.1615313,-0.1615313,291.0399722,11.14497,-11.14497,4891.0,111.8,-111.8,0.726632,0.042995,-0.042995,2120.4474663,,,1730.7192689,,,CONFIRMED
739.1670007,0.0040522,-0.0040522,2.6735992,0.5437476,-0.5437476,1376.1395053,91.20565,-91.20565,4159.0,127.589,-127.589,0.721084,0.0692336,-0.0692336,0.0724872,,,132.3381364,,,CANDIDATE
15.0700779,0.0001525,-0.0001525,2.7293235,0.5532457,-0.5532457,852.6165721,83.579414,-83.579414,5159.0,123.858,-123.858,0.850729,0.0504723,-0.0504723,35.2598429,,,621.4981538,,,CANDIDATE
0.9902892,1.21e-05,-1.21e-05,1.4156529,2.9516218,-2.9516218,278.9096992,42.74519,-42.74519,5159.0,123.858,-123.858,0.850729,0.0504723,-0.0504723,1329.6938235,,,1540.1309997,,,CANDIDATE
6.8227645,3.13e-05,-3.13e-05,3.6003512,0.2926882,-0.2926882,225.7612905,14.732888,-14.732888,5781.0,129.08,-129.08,2.0587699,0.0972059,-0.0972059,832.7758427,,,1370.0984633,,,CANDIDATE
8.2861614,2.96e-05,-2.96e-05,2.2912229,2.7614646,-2.7614646,617.1152562,62.046642,-62.046642,5809.0,190.0,-190.0,0.914215,0.0492286,-0.0492286,109.7988765,,,825.5991243,,,CANDIDATE
20.2730282,7.3e-06,-7.3e-06,10.4386,0.555069,-0.555069,17182.0,524.298,-524.298,5742.0,129.041,-129.041,0.86,0.04,-0.04,20.4393,,,592.0,,,CONFIRMED
358.2825093,0.0007189,-0.0007189,3.8800495,0.5943776,-0.5943776,1862.6949843,80.04145,-80.04145,4354.29,103.046,-103.046,0.865987,0.0620603,-0.0620603,0.3201261,,,191.8448019,,,CANDIDATE
1.1343824,1.31e-05,-1.31e-05,1.7532446,0.398426,-0.398426,313.8458861,43.702003,-43.702003,5683.0,233.6,-233.6,0.846842,0.0459046,-0.0459046,1466.6875463,,,1578.3530385,,,CANDIDATE
2.24704,0.00014,-0.00014,18.1799,0.656011,-0.656011,18890.4,3.68202,-3.68202,6846.0,114.5,-114.5,1.2,0.04,-0.04,1793.26,,,1812.0,,,FALSE POSITIVE
25.1290153,0.0004454,-0.0004454,1.93226,0.137194,-0.137194,465.0,29.781,-29.781,5871.0,125.293,-125.293,1.04,0.05,-0.05,25.7431,,,627.0,,,CONFIRMED
13.4190972,0.0001467,-0.0001467,2.4168515,0.6077275,-0.6077275,348.2384065,40.711212,-40.711212,5914.2,121.77,-121.77,1.20531,0.0582413,-0.0582413,123.7286797,,,850.6234364,,,CANDIDATE
6.2509468,1.22e-05,-1.22e-05,1.1306823,1.2734419,-1.2734419,770.1195597,80.435425,-80.435425,3479.0,157.0,-157.0,0.395397,0.0119085,-0.0119085,8.76241,,,438.8091174,,,CANDIDATE
1.6500673,1.27e-05,-1.27e-05,2.3990078,1.2909414,-1.2909414,2709.5349576,331.39545,-331.39545,3896.0,147.0,-147.0,0.454049,0.0138638,-0.0138638,60.7790529,,,712.1282782,,,CANDIDATE
1826.0790324,0.0002671,-0.0002671,2.7599003,0.6224546,-0.6224546,587.1608288,35.98929,-35.98929,6034.49,111.364,-111.364,1.07903,0.0455201,-0.0455201,6.5512188,,,408.0376856,,,CANDIDATE
0.8303285,2e-06,-2e-06,3.44971,1.5138,-1.5138,680.0,589.617,-589.617,3672.0,157.0,-157.0,0.57,0.02,-0.02,691.538,,,1428.0,,,CANDIDATE
703.79367,0.0016714,-0.0016714,1.860295,0.9054883,-0.9054883,601.9566843,64.69537,-64.69537,4709.0,125.217,-125.217,0.739835,0.0543568,-0.0543568,0.3066589,,,189.7945133,,,CANDIDATE
2.9224661,2.41e-05,-2.41e-05,20.8842189,1.272273,-1.272273,5724.017673,71.44731,-71.44731,5520.0,262.7,-262.7,2.7442901,0.157266,-0.157266,3990.5716341,,,2027.1156538,,,CONFIRMED
1.17409,4e-05,-4e-05,49.6799,10.8637,-10.8637,3680.0,704.605,-704.605,8242.0,134.5,-134.5,3.67,0.13,-0.13,34547.8,,,3798.0,,,FALSE POSITIVE
3.3513304,2.77e-05,-2.77e-05,17.7728,,,400.0,0.991643,-0.991643,4886.0,122.0,-122.0,8.71,,,295.994,,,1155.0,,,FALSE POSITIVE
2.9034242,0.0013211,-0.0013211,6.62177,0.433148,-0.433148,860.0,1.4267,-1.4267,5992.0,132.5,-132.5,2.25,0.11,-0.11,554.218,,,1351.0,,,CANDIDATE
5.4468377,2.16e-05,-2.16e-05,4.39864,0.245629,-0.245629,842.0,40.5265,-40.5265,6793.0,129.1,-129.1,1.68,0.07,-0.07,631.423,,,1396.0,,,FALSE POSITIVE
8.9021443,2.76e-05,-2.76e-05,9.954598,9.107189,-9.107189,1427.9681446,145.98047,-145.98047,6606.0,132.9,-132.9,1.7521,0.107299,-0.107299,597.3455143,,,1260.8869541,,,CANDIDATE
8.2197647,5.72e-05,-5.72e-05,7.65998,0.817237,-0.817237,1040.0,4.77307,-4.77307,6657.0,134.2,-134.2,2.12,0.18,-0.18,70.2704,,,806.0,,,CANDIDATE
4.5006638,5.64e-05,-5.64e-05,14.2378,4.97144,-4.97144,2110.0,927.536,-927.536,8933.0,169.165,-169.165,1.48,0.05,-0.05,25501.0,,,3520.0,,,FALSE POSITIVE
16.3363665,5.92e-05,-5.92e-05,2.0492403,0.7552958,-0.7552958,3884.6785375,261.8006,-261.8006,3365.0,157.0,-157.0,0.326568,0.0098866,-0.0098866,1.6932987,,,290.9398052,,,CONFIRMED
2.2887763,1.59e-05,-1.59e-05,2.8057654,0.423074,-0.423074,1890.6463423,135.64415,-135.64415,3953.0,123.519,-123.519,0.617703,0.0645854,-0.0645854,99.2660496,,,805.0445873,,,FALSE POSITIVE
1.2540806,3.98e-05,-3.98e-05,10.3493319,0.376563,-0.376563,66025.099426,1390.1466,-1390.1466,3455.0,157.0,-157.0,0.399724,0.0125234,-0.0125234,73.5478383,,,746.8996014,,,FALSE POSITIVE
4.3888516,3.3e-06,-3.3e-06,13.8994523,0.8251116,-0.8251116,24964.547823,223.20244,-223.20244,5175.0,182.0,-182.0,0.877856,0.0512412,-0.0512412,192.2328216,,,949.6785627,,,CONFIRMED
2.6680587,2.23e-05,-2.23e-05,3.45609,0.216187,-0.216187,580.0,0.907189,-0.907189,6406.0,134.5,-134.5,1.44,0.06,-0.06,1634.14,,,1771.0,,,CANDIDATE
5.538329,3.8e-05,-3.8e-05,2.2721409,1.1171762,-1.1171762,1407.1118648,130.05675,-130.05675,3883.0,157.0,-157.0,0.598175,0.0177148,-0.0177148,27.6818339,,,585.0169701,,,CONFIRMED
10.6886084,0.0001147,-0.0001147,2.4642245,0.4968625,-0.4968625,1501.1726341,162.0491,-162.0491,3883.0,157.0,-157.0,0.598175,0.0177148,-0.0177148,11.5205083,,,469.8807571,,,CONFIRMED
11.5418525,3.78e-05,-3.78e-05,1.8822681,2.0276148,-2.0276148,415.9874628,41.335728,-41.335728,6112.0,130.898,-130.898,0.901955,0.0413141,-0.0413141,92.6547078,,,791.2917217,,,CANDIDATE
731.4808779,0.0203508,-0.0203508,3.2537107,2.2459438,-2.2459438,244.9088772,36.08673,-36.08673,5854.0,128.805,-128.805,2.0546,0.098744,-0.098744,1.6906613,,,290.8264482,,,CANDIDATE
12.8910022,0.0002806,-0.0002806,2.3547529,1.3727763,-1.3727763,15119.3900089,1938.243,-1938.243,31000.0,7000.0,-7000.0,0.18,0.104,-0.104,3826.582755,,,2005.9611934,,,CANDIDATE
3.9077116,4.62e-05,-4.62e-05,1.5722799,0.5293573,-0.5293573,599.6319099,48.029163,-48.029163,3917.0,157.0,-157.0,0.64011,0.0189905,-0.0189905,50.3800695,,,679.4921442,,,FALSE POSITIVE
35.3573239,0.0003555,-0.0003555,4.0299536,0.7152688,-0.7152688,617.495317,55.006767,-55.006767,7607.0,214.0,-214.0,1.56285,0.0492563,-0.0492563,112.9275005,,,831.4184898,,,CANDIDATE
602.2450921,0.0176213,-0.0176213,2.8742544,1.3228551,-1.3228551,220.3440139,28.198227,-28.198227,6128.0,132.772,-132.772,1.8626699,0.086721,-0.086721,2.036164,,,304.6652609,,,CANDIDATE
749.1605231,0.0080429,-0.0080429,2.343896,0.9431504,-0.9431504,1750.9801691,189.76117,-189.76117,3851.0,125.312,-125.312,0.558169,0.0637437,-0.0637437,0.033452,,,109.0750517,,,CANDIDATE
3.352907,1.42e-05,-1.42e-05,5.2933196,0.6012956,-0.6012956,4205.1961016,300.4317,-300.4317,3978.0,165.0,-165.0,0.672832,0.0658292,-0.0658292,76.2487269,,,753.6642219,,,CANDIDATE
4.8759656,2.55e-05,-2.55e-05,1.4450569,2.5134869,-2.5134869,154.830677,21.007265,-21.007265,5937.0,122.905,-122.905,1.1487499,0.0552161,-0.0552161,440.1721572,,,1168.2220295,,,CANDIDATE
20.1459438,0.0001216,-0.0001216,2.4401617,0.3869485,-0.3869485,575.5886941,62.970493,-62.970493,5303.0,130.287,-130.287,0.888701,0.0504498,-0.0504498,28.3520842,,,588.5264649,,,CANDIDATE
11.8918633,0.0001531,-0.0001531,1.692303,0.6221302,-0.6221302,362.6899452,45.198753,-45.198753,5461.0,122.168,-122.168,0.834552,0.0432865,-0.0432865,55.1801287,,,695.1290314,,,CANDIDATE
718.1809317,0.0005498,-0.0005498,1.3653089,0.7672082,-0.7672082,973.6269156,122.86767,-122.86767,3614.0,157.0,-157.0,0.425623,0.0126833,-0.0126833,0.4312565,,,206.6824792,,,CANDIDATE
10.6306165,5.54e-05,-5.54e-05,2.7943472,2.7907526,-2.7907526,775.4826057,108.96834,-108.96834,5737.0,128.163,-128.163,0.969791,0.048603,-0.048603,100.1839963,,,806.8992976,,,CANDIDATE
579.6472035,0.0065463,-0.0065463,4.054669,1.0121677,-1.0121677,564.4270183,70.4749,-70.4749,6855.0,133.837,-133.837,1.5925601,0.0662061,-0.0662061,2.0849393,,,306.4736219,,,CANDIDATE
1.8141215,1.72e-05,-1.72e-05,1.3180464,0.6717385,-0.6717385,129.4041201,14.983914,-14.983914,5789.58,122.276,-122.276,1.12713,0.0557387,-0.0557387,1468.5674284,,,1578.8585471,,,FALSE POSITIVE
97.6087634,0.0004083,-0.0004083,2.3777411,0.2087465,-0.2087465,658.8471408,35.64739,-35.64739,5830.0,190.0,-190.0,0.823673,0.0432362,-0.0432362,3.4586932,,,347.8145617,,,CANDIDATE
2.4360845,1.7e-05,-1.7e-05,2.46916,0.169002,-0.169002,350.0,0.784155,-0.784155,6529.0,131.2,-131.2,1.32,0.06,-0.06,1556.22,,,1749.0,,,FALSE POSITIVE
3.0749507,8.6e-06,-8.6e-06,1.6050039,0.1658095,-0.1658095,1979.2841401,210.5592,-210.5592,3246.0,157.0,-157.0,0.308247,0.0092169,-0.0092169,12.6973754,,,481.4467281,,,CANDIDATE
741.4238314,0.0026039,-0.0026039,2.776093,1.203357,-1.203357,503.5494079,37.02003,-37.02003,5944.0,125.143,-125.143,1.22039,0.0575729,-0.0575729,0.6112378,,,225.5133746,,,CANDIDATE
7.5480709,2.17e-05,-2.17e-05,2.6024598,0.396008,-0.396008,239.8900935,23.235542,-23.235542,6688.0,135.842,-135.842,1.57319,0.0652713,-0.0652713,618.5515054,,,1271.9314814,,,CANDIDATE
2.118659,1.68e-05,-1.68e-05,1.8325534,2.4164007,-2.4164007,664.8120556,94.3619,-94.3619,4002.0,122.102,-122.102,0.69132,0.0706156,-0.0706156,144.785351,,,884.7099373,,,CANDIDATE
5.4240691,2.09e-05,-2.09e-05,2.093707,0.4730223,-0.4730223,1766.8589296,177.85298,-177.85298,3500.0,157.0,-157.0,0.465777,0.0139892,-0.0139892,13.3328224,,,487.360439,,,CANDIDATE
3.3784364,1.24e-05,-1.24e-05,5.0917,0.359502,-0.359502,1232.0,118.114,-118.114,6311.0,129.8,-129.8,1.41,0.06,-0.06,803.224,,,1483.0,,,CANDIDATE
2.6374449,1.28e-05,-1.28e-05,4.35478,0.355783,-0.355783,495.0,49.5603,-49.5603,5355.0,127.5,-127.5,1.96,0.11,-0.11,264.845,,,1123.0,,,CANDIDATE
2.5025812,1.29e-05,-1.29e-05,4.90076,1.5709,-1.5709,807.0,1504.51,-1504.51,5603.0,187.0,-187.0,0.91,0.05,-0.05,8453.85,,,2671.0,,,CANDIDATE
4.4518604,8.6e-06,-8.6e-06,34.0312942,19.36191,-19.36191,3558.2211894,108.63283,-108.63283,8353.8,221.3,-221.3,3.60934,0.129166,-0.129166,26875.974397,,,3265.5835844,,,FALSE POSITIVE
13.576858,8.66e-05,-8.66e-05,3.5804,0.256509,-0.256509,263.0,17.4403,-17.4403,6730.0,126.4,-126.4,2.5,0.12,-0.12,234.695,,,1090.0,,,CANDIDATE
2.7439029,4.3e-06,-4.3e-06,11.9292388,0.3915262,-0.3915262,13852.3979585,538.65515,-538.65515,4860.0,171.0,-171.0,0.885702,,,306.4170427,,,1067.0824537,,,CONFIRMED
2.5610662,7.22e-05,-7.22e-05,2.3454,0.292756,-0.292756,170.0,1.68341,-1.68341,6161.0,136.8,-136.8,1.9,0.09,-0.09,3075.23,,,2074.0,,,CANDIDATE
1.0604139,3.9e-06,-3.9e-06,4.5487,0.253922,-0.253922,1050.0,0.597776,-0.597776,5801.2,38.2,-38.2,1.62,0.08,-0.08,4172.86,,,2239.0,,,CANDIDATE
3.2751914,1.32e-05,-1.32e-05,2.81574,,,827.0,46.078,-46.078,5496.0,,,1.03,,,457.343,,,,,,CANDIDATE
5.9422824,2.29e-05,-2.29e-05,5.90656,0.335121,-0.335121,1160.0,106.678,-106.678,7217.6,90.0,-90.0,1.63,0.05,-0.05,306.797,,,1165.0,,,CANDIDATE
13.2689495,0.0001896,-0.0001896,7.74981,0.591634,-0.591634,770.0,2.61378,-2.61378,9635.0,191.0,-191.0,2.85,0.11,-0.11,328.707,,,1186.0,,,CANDIDATE
5.9685742,7.46e-05,-7.46e-05,6.64236,0.55943,-0.55943,340.0,1.78727,-1.78727,10390.0,221.8,-221.8,3.44,0.12,-0.12,1041.97,,,1582.0,,,FALSE POSITIVE
1.6089592,2.07e-05,-2.07e-05,4.49321,0.35392,-0.35392,320.0,1.25219,-1.25219,7029.0,126.3,-126.3,2.42,0.1,-0.1,5042.03,,,2347.0,,,CANDIDATE
4.3780194,1.49e-05,-1.49e-05,14.3632742,0.5437644,-0.5437644,1604.3825129,35.473118,-35.473118,4913.0,122.0,-122.0,3.41348,,,430.9825946,,,1162.0764027,,,CONFIRMED
1.0690665,4.1e-06,-4.1e-06,9.4235411,6.8581543,-6.8581543,2898.6037459,164.30977,-164.30977,5930.0,126.607,-126.607,1.13442,0.0522613,-0.0522613,3231.5182291,,,1922.9650992,,,CANDIDATE
3.2535266,7.6e-06,-7.6e-06,16.5212632,0.993621,-0.993621,6160.5328004,123.47141,-123.47141,6368.0,135.81,-135.81,2.06072,0.111709,-0.111709,2886.0941768,,,1869.3790626,,,CONFIRMED
5.8123508,5.6e-06,-5.6e-06,2.8132678,0.2475299,-0.2475299,957.5741671,36.766376,-36.766376,5210.8,145.0,-145.0,0.796856,0.054392,-0.054392,113.1261881,,,831.7839537,,,CANDIDATE
1.4974223,2.13e-05,-2.13e-05,16.7115651,0.9362274,-0.9362274,39324.5082012,312.49063,-312.49063,5377.0,130.812,-130.812,0.841058,0.0468091,-0.0468091,846.5055834,,,1375.7109888,,,CANDIDATE
10.6895417,0.0029701,-0.0029701,3.7848,2.0968177,-2.0968177,643.3958437,75.67829,-75.67829,6255.0,135.269,-135.269,1.45476,0.0666633,-0.0666633,281.558995,,,1044.7493296,,,CANDIDATE
3.0421334,0.0002668,-0.0002668,16.8899988,15.51775,-15.51775,2054.3050277,137.59407,-137.59407,5715.4,211.2,-211.2,2.40325,0.107332,-0.107332,4675.4937303,,,2109.0001921,,,FALSE POSITIVE
14.3171998,9.18e-05,-9.18e-05,6.37558,0.388145,-0.388145,1649.0,129.023,-129.023,7596.0,144.339,-144.339,1.61,0.06,-0.06,513.65,,,1326.0,,,CANDIDATE
9.2172172,4.99e-05,-4.99e-05,14.1810894,0.9801708,-0.9801708,2470.4394385,121.50894,-121.50894,6840.0,132.294,-132.294,2.7639699,0.130894,-0.130894,1556.8674784,,,1602.074328,,,CANDIDATE
2.0134389,4.8e-06,-4.8e-06,5.85423,0.351377,-0.351377,821.0,91.3856,-91.3856,8127.0,143.048,-143.048,1.75,0.06,-0.06,1252.91,,,1657.0,,,CANDIDATE
3.562038,8e-06,-8e-06,16.7501675,0.8437707,-0.8437707,4495.4158742,89.16872,-89.16872,7042.0,134.409,-134.409,2.42923,0.110312,-0.110312,4654.1090944,,,2106.5845241,,,CANDIDATE
4.4742339,1.08e-05,-1.08e-05,5.7449202,1.5810933,-1.5810933,3061.515714,124.99869,-124.99869,5225.05,115.648,-115.648,1.04312,0.0625251,-0.0625251,277.8078259,,,1041.2520477,,,CANDIDATE
3.85589,3.3e-06,-3.3e-06,14.5222913,0.5979688,-0.5979688,9747.6035597,105.43871,-105.43871,6244.5,102.1,-102.1,1.43256,0.0567035,-0.0567035,1062.0298035,,,1455.975026,,,CONFIRMED
3.9693722,3.51e-05,-3.51e-05,6.3435,0.529529,-0.529529,570.0,3.00477,-3.00477,7030.0,138.3,-138.3,2.43,0.1,-0.1,1088.68,,,1600.0,,,CANDIDATE
2.2676081,0.0010669,-0.0010669,6.4197,0.588323,-0.588323,880.0,5.17289,-5.17289,5958.0,163.5,-163.5,2.0,0.1,-0.1,541.948,,,1344.0,,,CANDIDATE
1.491916,0.0002552,-0.0002552,26.399811,20.006641,-20.006641,1474.3347879,85.824585,-85.824585,9747.0,200.5,-200.5,4.42729,0.401598,-0.401598,132008.3553386,,,4861.4979242,,,FALSE POSITIVE
3.7590079,2.48e-05,-2.48e-05,7.61924,0.428898,-0.428898,869.0,1703.57,-1703.57,9505.0,187.6,-187.6,3.13,0.11,-0.11,3166.13,,,2089.0,,,CANDIDATE
7.4398211,2.69e-05,-2.69e-05,5.48138,0.410958,-0.410958,1362.0,133.779,-133.779,5822.0,133.5,-133.5,1.45,0.07,-0.07,435.566,,,1272.0,,,FALSE POSITIVE
2.6646183,0.0028351,-0.0028351,4.25649,0.355755,-0.355755,840.0,3.18309,-3.18309,11526.0,399.9,-399.9,1.52,0.07,-0.07,32848.2,,,3750.0,,,FALSE POSITIVE
7.7121208,0.0011261,-0.0011261,3.004038,1.1901833,-1.1901833,728.4849109,74.65436,-74.65436,5985.4,119.7,-119.7,1.08958,0.0482412,-0.0482412,219.2841258,,,981.4576128,,,CONFIRMED
1.0817,0.00014,-0.00014,2.07554,0.083749,-0.083749,341.533,0.495141,-0.495141,5759.2,38.2,-38.2,1.02,0.01,-0.01,2462.7009749,,,1796.6880123,,,FALSE POSITIVE
7.0642486,1.15e-05,-1.15e-05,19.7963184,1.1003771,-1.1003771,11469.7564374,311.0749,-311.0749,5478.8,5470.4,-5470.4,1.63563,0.0853693,-0.0853693,474.1821245,,,1190.1619021,,,CANDIDATE
0.450264,3.45e-05,-3.45e-05,1.7032799,2.363301,-2.363301,331.3974583,39.905834,-39.905834,5366.0,124.174,-124.174,0.898718,0.0486834,-0.0486834,4762.264913,,,2118.717907,,,CANDIDATE
3.6989939,2.11e-05,-2.11e-05,1.6399568,3.0148604,-3.0148604,198.9402668,27.272593,-27.272593,5811.0,126.011,-126.011,1.15018,0.0527035,-0.0527035,600.2525597,,,1262.4182224,,,CANDIDATE
4.4620528,2.09e-05,-2.09e-05,3.0395927,1.2373861,-1.2373861,289.9548667,17.081924,-17.081924,5515.2,119.3,-119.3,1.72395,0.0832236,-0.0832236,1062.111837,,,1456.0031408,,,CANDIDATE
39.6251926,0.0013516,-0.0013516,17.70843,25.032774,-25.032774,4527.8284055,235.70552,-235.70552,5869.0,129.109,-129.109,1.56795,0.0765428,-0.0765428,48.5311797,,,673.1703229,,,CANDIDATE
5.9214231,1.87e-05,-1.87e-05,2.8781652,0.3193077,-0.3193077,1221.9430373,75.86782,-75.86782,4361.0,128.258,-128.258,0.687025,0.0593969,-0.0593969,48.1558813,,,671.8651016,,,CANDIDATE
1.0929203,9.8e-06,-9.8e-06,1.3599954,1.3376256,-1.3376256,377.4316425,40.40569,-40.40569,4361.0,128.258,-128.258,0.687025,0.0593969,-0.0593969,458.2468016,,,1180.0342431,,,CANDIDATE
30.083503,5.34e-05,-5.34e-05,12.1275255,0.6658388,-0.6658388,5439.2108279,137.01065,-137.01065,5906.5,126.206,-126.206,1.41293,0.0729724,-0.0729724,58.0053608,,,703.8608065,,,CONFIRMED
7.1366507,3.54e-05,-3.54e-05,3.3078706,0.3950667,-0.3950667,768.4493836,80.66003,-80.66003,5559.0,130.709,-130.709,1.01775,0.0521809,-0.0521809,170.5007507,,,921.6187961,,,CANDIDATE
2.054238,5.9e-06,-5.9e-06,3.5135858,0.2499974,-0.2499974,1994.0593535,131.50002,-131.50002,4389.0,122.0,-122.0,0.655595,,,182.7664593,,,937.7646859,,,CANDIDATE
92.4918048,0.0001695,-0.0001695,7.7703331,0.5108343,-0.5108343,11487.575281,154.69547,-154.69547,4930.5,39.1,-39.1,0.732008,0.0451131,-0.0451131,2.0465559,,,305.0532485,,,CANDIDATE
2.87436,0.00021,-0.00021,7.91346,0.685174,-0.685174,2490.41,6.36835,-6.36835,6805.0,242.2,-242.2,1.44,0.1,-0.1,2011.82,,,1865.0,,,FALSE POSITIVE
26.0179101,7.81e-05,-7.81e-05,2.5512622,1.602267,-1.602267,766.5356589,58.0331,-58.0331,5489.0,186.0,-186.0,0.913252,0.0455879,-0.0455879,26.2295252,,,577.1880843,,,CANDIDATE
13.7748361,1.99e-05,-1.99e-05,2.67656,0.133419,-0.133419,309.0,7.39394,-7.39394,6266.98,136.509,-136.509,1.47,0.07,-0.07,114.929,,,912.0,,,CONFIRMED
2.0340967,1.14e-05,-1.14e-05,6.38274,0.433486,-0.433486,1283.0,77.4624,-77.4624,6849.0,129.9,-129.9,2.05,0.1,-0.1,4644.28,,,2299.0,,,CANDIDATE
4.4719937,1.58e-05,-1.58e-05,1.08366,0.075947,-0.075947,170.0,11.4032,-11.4032,5364.0,118.0,-118.0,0.89,0.05,-0.05,214.229,,,1065.0,,,CANDIDATE
9.3305377,2.14e-05,-2.14e-05,15.2895,0.739889,-0.739889,5610.0,0.779648,-0.779648,6238.0,137.4,-137.4,1.96,0.09,-0.09,299.515,,,1158.0,,,CANDIDATE
5.2574854,3.15e-05,-3.15e-05,2.88855,0.229326,-0.229326,1250.0,2.08509,-2.08509,4846.0,123.1,-123.1,0.76,0.05,-0.05,69.4717,,,804.0,,,CANDIDATE
7.6247217,3.37e-05,-3.37e-05,2.26441,0.171371,-0.171371,813.0,65.0437,-65.0437,5343.0,132.0,-132.0,0.82,0.05,-0.05,42.4746,,,711.0,,,CANDIDATE
25.7086236,0.0001967,-0.0001967,2.81726,0.185269,-0.185269,1430.0,68.8136,-68.8136,5343.0,132.0,-132.0,0.82,0.05,-0.05,13.2098,,,531.0,,,CANDIDATE
16.155134,0.0002826,-0.0002826,2.42196,0.193266,-0.193266,590.0,1.82875,-1.82875,5785.0,133.7,-133.7,1.01,0.05,-0.05,39.0235,,,696.0,,,CANDIDATE
4.0520368,4.4e-06,-4.4e-06,4.9523134,0.1788622,-0.1788622,5512.4033193,112.85521,-112.85521,3779.0,157.0,-157.0,0.607751,0.018173,-0.018173,38.5441194,,,635.4908204,,,CONFIRMED
4.7259317,4.1e-06,-4.1e-06,16.7543131,0.7417216,-0.7417216,6309.6615331,70.91905,-70.91905,6203.0,124.8,-124.8,1.85891,0.0810978,-0.0810978,1342.2730931,,,1543.7606642,,,CANDIDATE
21.7004042,0.0001822,-0.0001822,3.16777,0.215148,-0.215148,406.0,25.5586,-25.5586,5788.7,164.7,-164.7,1.78,0.08,-0.08,224.371,,,1078.0,,,FALSE POSITIVE
4.90826,1.8e-05,-1.8e-05,15.7889,0.803603,-0.803603,8881.0,453.489,-453.489,7995.0,142.5,-142.5,1.83,0.06,-0.06,4791.11,,,2317.0,,,CANDIDATE
1.3875331,9.7e-06,-9.7e-06,3.16086,0.20806,-0.20806,952.0,53.7927,-53.7927,5678.0,131.9,-131.9,1.14,0.06,-0.06,13423.0,,,2998.0,,,FALSE POSITIVE
17.7424733,0.0002131,-0.0002131,2.00179,0.158804,-0.158804,880.0,2.13818,-2.13818,4926.2,109.6,-109.6,0.69,0.04,-0.04,12.8216,,,527.0,,,CANDIDATE
5.412802,1.24e-05,-1.24e-05,11.0171044,0.4941125,-0.4941125,5278.1957566,67.30291,-67.30291,6468.0,134.0,-134.0,1.47364,0.06358,-0.06358,776.5799485,,,1346.375787,,,CANDIDATE
3.905126,3.59e-05,-3.59e-05,14.5499431,1.0240471,-1.0240471,23549.9259888,1364.353,-1364.353,5381.0,25.0,-25.0,0.947475,,,300.1569738,,,1061.5900983,,,CONFIRMED
4.6182631,3e-06,-3e-06,13.3976162,0.777453,-0.777453,20287.618268,99.38516,-99.38516,5328.0,136.083,-136.083,0.889218,0.0514397,-0.0514397,204.8121523,,,964.8475089,,,CANDIDATE
1.8555745,1.13e-05,-1.13e-05,14.8951809,1.1898398,-1.1898398,10888.0377261,533.8932,-533.8932,5651.75,122.545,-122.545,1.40959,,,2077.5291591,,,1721.8944712,,,CONFIRMED
3.4505658,5e-06,-5e-06,12.8140087,0.7017672,-0.7017672,15044.6453237,117.87247,-117.87247,5402.0,121.807,-121.807,1.04301,0.0557789,-0.0557789,432.6350726,,,1163.188716,,,CANDIDATE
3.3106692,3.5e-06,-3.5e-06,13.382013,0.6670257,-0.6670257,9189.7342523,110.29803,-110.29803,6030.0,121.9,-121.9,1.3514301,0.0649749,-0.0649749,1061.5542425,,,1455.8120076,,,CONFIRMED
6.6363577,1.69e-05,-1.69e-05,12.2701,0.695633,-0.695633,7470.0,1.34344,-1.34344,5490.0,133.259,-133.259,1.46,0.08,-0.08,543.643,,,1345.0,,,CANDIDATE
4.8854844,1.84e-05,-1.84e-05,18.1759557,1.1472291,-1.1472291,7009.1394983,114.74143,-114.74143,5974.0,149.111,-149.111,2.0812199,0.126088,-0.126088,1459.3547301,,,1576.376555,,,CONFIRMED
3.0413391,0.0001071,-0.0001071,25.3471107,12.725472,-12.725472,27645.4859583,743.9272,-743.9272,4034.0,123.647,-123.647,1.02777,0.101359,-0.101359,201.6318379,,,961.0799713,,,CANDIDATE
2.6843081,1.08e-05,-1.08e-05,13.9748499,0.5327162,-0.5327162,18209.9206621,663.26434,-663.26434,5616.02,121.761,-121.761,1.01895,,,651.2557496,,,1288.4205473,,,CONFIRMED
3.5256535,1.59e-05,-1.59e-05,12.1210086,0.631191,-0.631191,23882.7029386,846.8462,-846.8462,5003.05,263.03,-263.03,0.783768,,,189.762184,,,946.6123519,,,CONFIRMED
1.7590566,1e-06,-1e-06,20.9577864,0.9638307,-0.9638307,10499.9757194,53.89361,-53.89361,6250.0,136.01,-136.01,1.9992501,0.0914069,-0.0914069,5910.4855015,,,2236.2766989,,,CANDIDATE
5.8929985,6.2e-06,-6.2e-06,16.0223,,,17850.0,1.6565,-1.6565,6182.0,122.0,-122.0,1.17,,,342.766,,,1198.0,,,CANDIDATE
7.4463034,2.3e-05,-2.3e-05,2.4048644,0.3086393,-0.3086393,4045.7241785,128.28719,-128.28719,3353.0,157.0,-157.0,0.375859,0.0111301,-0.0111301,5.6286114,,,392.8439471,,,CONFIRMED
3.3792358,0.0001425,-0.0001425,13.059562,0.417089,-0.417089,18782.5364499,459.57657,-459.57657,5529.0,122.0,-122.0,0.948617,,,395.4518688,,,1137.3474484,,,CANDIDATE
17.9635083,9.3e-05,-9.3e-05,3.2970197,0.2615083,-0.2615083,1266.94519,101.6182,-101.6182,5229.0,183.0,-183.0,0.794471,0.0482412,-0.0482412,23.4693523,,,561.3646044,,,CONFIRMED
4.3745757,7.5e-06,-7.5e-06,18.8478934,0.8041784,-0.8041784,8101.7247421,94.748924,-94.748924,7305.0,134.849,-134.849,1.99827,0.0832713,-0.0832713,2659.6250101,,,1831.5756099,,,CANDIDATE
4.0434287,1.7e-05,-1.7e-05,16.7752,,,8960.0,5.77609,-5.77609,6557.0,122.0,-122.0,1.75,,,827.311,,,1494.0,,,CANDIDATE
1.8498567,1.48e-05,-1.48e-05,1.7193265,0.1346603,-0.1346603,195.4102498,15.124655,-15.124655,5834.0,128.702,-128.702,1.0173301,0.0490452,-0.0490452,1194.2103654,,,1499.3048942,,,CONFIRMED
10.3088724,8.48e-05,-8.48e-05,2.2122841,0.3669136,-0.3669136,372.3295802,32.95236,-32.95236,5834.0,128.702,-128.702,1.0173301,0.0490452,-0.0490452,120.8695,,,845.6661185,,,CANDIDATE
5.2410659,0.0004901,-0.0004901,12.4231453,0.9412754,-0.9412754,8947.1015296,502.82495,-502.82495,6064.0,122.0,-122.0,1.28562,,,528.7500273,,,1223.0165958,,,CANDIDATE
4.2253498,2.21e-05,-2.21e-05,8.8893197,0.6742691,-0.6742691,7240.8152367,299.4049,-299.4049,5501.0,122.0,-122.0,1.03122,,,342.3014046,,,1097.038628,,,CONFIRMED
2.4552388,8.1e-06,-8.1e-06,12.9928631,0.6508209,-0.6508209,44130.1605859,1605.0383,-1605.0383,3792.0,157.0,-157.0,0.614823,0.0197802,-0.0197802,77.5068035,,,756.7539667,,,CONFIRMED
4.1596197,4.7e-06,-4.7e-06,9.3574411,0.323442,-0.323442,17837.7774982,283.7366,-283.7366,4230.0,122.0,-122.0,0.711036,,,74.5834411,,,749.515043,,,CANDIDATE
2.7519172,1.2e-06,-1.2e-06,13.4019,0.649669,-0.649669,9811.0,249.256,-249.256,5856.0,131.0,-131.0,1.28,0.06,-0.06,328.515,,,1186.0,,,CANDIDATE
0.7649571,4e-07,-4e-07,12.9538,4.0656,-4.0656,1900.0,492.738,-492.738,6307.9,124.2,-124.2,1.65,0.07,-0.07,12939.9,,,2971.0,,,CANDIDATE
10.6925011,3.88e-05,-3.88e-05,4.01292,0.223035,-0.223035,1200.0,0.657689,-0.657689,5844.0,134.577,-134.577,1.15,0.06,-0.06,93.3426,,,865.0,,,CANDIDATE
8.8517354,2.25e-05,-2.25e-05,3.6624912,0.227147,-0.227147,1034.8661285,37.222885,-37.222885,6138.0,112.712,-112.712,1.07689,0.0452387,-0.0452387,190.2722086,,,947.2477653,,,CANDIDATE
3.4149091,8.3e-06,-8.3e-06,13.9171881,0.1785523,-0.1785523,13219.6475165,177.1697,-177.1697,5480.0,122.0,-122.0,1.13032,,,537.9836369,,,1228.3213942,,,CANDIDATE
2.9985667,4.7e-06,-4.7e-06,17.8036847,0.1542322,-0.1542322,28040.9068572,273.89795,-273.89795,6126.0,122.0,-122.0,1.04172,,,748.0922226,,,1333.854734,,,FALSE POSITIVE
3.1208396,1.59e-05,-1.59e-05,16.2108254,0.5737162,-0.5737162,17027.4064902,817.03375,-817.03375,5983.0,122.0,-122.0,1.09921,,,744.4110758,,,1332.2108185,,,CONFIRMED
1.5449334,5.9e-06,-5.9e-06,10.7011777,2.2396216,-2.2396216,4941.8700913,259.86115,-259.86115,6136.25,132.502,-132.502,1.4874001,0.0734472,-0.0734472,3717.1991885,,,1991.4697226,,,CONFIRMED
4.9427985,2.2e-05,-2.2e-05,15.3204961,0.3539032,-0.3539032,11349.4838661,295.01813,-295.01813,5550.93,21.5889,-21.5889,1.32567,,,469.3399619,,,1187.1118303,,,CONFIRMED
3.2175184,1.22e-05,-1.22e-05,10.5529773,0.6339099,-0.6339099,12691.8036893,521.25836,-521.25836,5549.0,25.0,-25.0,0.912927,,,393.9910424,,,1136.2956303,,,CONFIRMED
3.939371,4.3e-06,-4.3e-06,13.6344163,0.6607859,-0.6607859,4051.5089426,22.378918,-22.378918,5904.4,122.0,-122.0,2.0955601,0.1001,-0.1001,1989.8418083,,,1703.4303761,,,CANDIDATE
5.7475343,6.45e-05,-6.45e-05,6.43097,0.338546,-0.338546,11890.0,883.539,-883.539,3750.0,157.0,-157.0,0.58,0.02,-0.02,12.9407,,,528.0,,,CANDIDATE
28.6648749,0.0002615,-0.0002615,3.15161,1.01767,-1.01767,1025.0,1078.75,-1078.75,4818.0,125.8,-125.8,0.69,0.05,-0.05,117.442,,,917.0,,,CANDIDATE
3.7006742,0.0001122,-0.0001122,2.61277,0.787872,-0.787872,840.0,528.198,-528.198,5025.0,142.2,-142.2,0.79,0.05,-0.05,1434.65,,,1714.0,,,FALSE POSITIVE
4.9133022,2.14e-05,-2.14e-05,9.33912,0.457334,-0.457334,2040.0,0.612828,-0.612828,5918.0,112.3,-112.3,2.06,0.09,-0.09,999.403,,,1566.0,,,CONFIRMED
2.88069,3.14e-05,-3.14e-05,22.4297,2.75197,-2.75197,10380.0,432.648,-432.648,5541.0,139.8,-139.8,1.09,0.06,-0.06,678.487,,,1421.0,,,CONFIRMED
8.0379975,0.0001662,-0.0001662,7.65886,,,320.0,1.47161,-1.47161,5022.0,122.0,-122.0,5.14,,,83.2088,,,841.0,,,CANDIDATE
5.0141991,5.81e-05,-5.81e-05,13.4911728,1.0645723,-1.0645723,6026.126007,358.0255,-358.0255,6669.0,122.0,-122.0,1.69675,,,1233.0979889,,,1511.3642562,,,CONFIRMED
7.7942155,3e-05,-3e-05,4.9169842,3.60311,-3.60311,2950.7357104,273.62897,-273.62897,5461.54,121.201,-121.201,0.897403,0.047799,-0.047799,112.1124314,,,829.914194,,,CONFIRMED
2.7708596,1.1e-06,-1.1e-06,12.2577,,,22640.0,277.513,-277.513,4975.0,122.0,-122.0,0.79,,,208.594,,,1058.0,,,CANDIDATE
7.014001,0.0001299,-0.0001299,3.6528621,0.4469542,-0.4469542,1646.6732684,165.73215,-165.73215,4975.0,122.0,-122.0,0.789304,,,75.6935339,,,752.2846294,,,CANDIDATE
2.6634154,9e-06,-9e-06,13.6857367,0.5672584,-0.5672584,37522.94895,1205.5743,-1205.5743,4051.0,122.0,-122.0,0.701369,,,113.6142497,,,832.6796495,,,CONFIRMED
2.2185748,2e-07,-2e-07,13.3010355,0.9522985,-0.9522985,25854.2144559,20.650656,-20.650656,5023.0,142.5,-142.5,0.776484,0.0555905,-0.0555905,348.1506195,,,1101.6954166,,,CONFIRMED
3.2432488,1.87e-05,-1.87e-05,14.5800064,0.6909856,-0.6909856,17481.8216448,702.2493,-702.2493,5778.0,25.0,-25.0,1.09304,,,631.4204214,,,1278.4960939,,,CONFIRMED
8.6004516,0.0001895,-0.0001895,14.548121,0.9332466,-0.9332466,3575.6614227,210.59106,-210.59106,6011.95,158.693,-158.693,2.3108399,,,862.8947232,,,1382.3219455,,,CONFIRMED
3.7970076,2.3e-05,-2.3e-05,11.7557579,0.4925161,-0.4925161,16421.7314916,743.4276,-743.4276,5211.36,247.58,-247.58,0.832631,,,218.0029128,,,980.0208686,,,CONFIRMED
3.3119026,2.05e-05,-2.05e-05,10.9625327,0.9321139,-0.9321139,7620.7493837,767.54266,-767.54266,5355.0,122.0,-122.0,1.09206,,,487.2033805,,,1198.2496832,,,CONFIRMED
3.578757,1.65e-05,-1.65e-05,12.1416042,0.3430124,-0.3430124,11391.7385882,315.12952,-315.12952,5482.59,78.16,-78.16,1.06062,,,445.8323379,,,1171.9596007,,,CONFIRMED
1.5947535,1.21e-05,-1.21e-05,14.3739674,1.4737438,-1.4737438,15065.2565497,1048.0123,-1048.0123,5703.0,123.0,-123.0,1.15986,,,1761.2885419,,,1652.2561498,,,CONFIRMED
7.8127906,1.36e-05,-1.36e-05,22.0599,3.44074,-3.44074,8120.0,164.439,-164.439,8451.0,462.885,-462.885,2.38,0.08,-0.08,2051.05,,,1874.0,,,FALSE POSITIVE
2.7586362,4.2e-06,-4.2e-06,7.78435,1.49576,-1.49576,4240.0,126.728,-126.728,5774.0,174.227,-174.227,1.17,0.06,-0.06,787.087,,,1475.0,,,CANDIDATE
1.1589013,7.7e-06,-7.7e-06,2.6829722,0.4672743,-0.4672743,3470.6759302,277.00897,-277.00897,3449.0,157.0,-157.0,0.427389,0.012702,-0.012702,88.1856149,,,781.5723494,,,CONFIRMED
0.8820624,5.2e-06,-5.2e-06,8.3888941,2.225674,-2.225674,11755.4509288,493.6848,-493.6848,4669.0,122.0,-122.0,0.782888,,,983.4245957,,,1428.2525761,,,CONFIRMED
3.8493846,3.22e-05,-3.22e-05,16.8088001,1.2394345,-1.2394345,1372.2876678,86.32825,-86.32825,5843.47,135.15,-135.15,3.9119101,0.219008,-0.219008,6689.7863925,,,2306.6027861,,,CONFIRMED
0.9263237,4e-07,-4e-07,1.67823,0.0761765,-0.0761765,952.0,89.0184,-89.0184,3573.0,157.0,-157.0,0.43,0.01,-0.01,303.547,,,1162.0,,,CONFIRMED
2.8164979,1.63e-05,-1.63e-05,14.4894174,0.7000092,-0.7000092,19270.727034,814.49554,-814.49554,5413.0,122.0,-122.0,1.0130399,,,539.3972356,,,1229.1274806,,,CONFIRMED
1.752217,1.3e-05,-1.3e-05,20.3177656,1.4685148,-1.4685148,77630.4124578,4714.9014,-4714.9014,4355.0,122.0,-122.0,0.740712,,,282.3101387,,,1045.4454298,,,CONFIRMED
2.6890703,0.0005542,-0.0005542,15.2271225,1.5922306,-1.5922306,38330.4094984,2823.323,-2823.323,4844.0,122.0,-122.0,0.785703,,,248.5292583,,,1012.661107,,,CANDIDATE
7.3405675,9.25e-05,-9.25e-05,16.7317044,0.9979907,-0.9979907,11139.7005929,816.90076,-816.90076,5828.81,125.918,-125.918,1.4372801,,,378.0645504,,,1124.6340774,,,CONFIRMED
2.6915408,1.17e-05,-1.17e-05,17.4501,0.761267,-0.761267,7265.0,200.766,-200.766,6955.0,139.1,-139.1,1.96,0.08,-0.08,4392.03,,,2267.0,,,CONFIRMED
3.9540617,7.1e-06,-7.1e-06,13.1238,2.50981,-2.50981,5820.0,171.841,-171.841,5773.0,41.3,-41.3,1.69,0.08,-0.08,792.078,,,1477.0,,,CANDIDATE
4.45417,3.6e-05,-3.6e-05,13.8017218,1.1355016,-1.1355016,21409.0524466,1301.3839,-1301.3839,5353.54,33.74,-33.74,0.922087,,,233.7193811,,,997.225629,,,CONFIRMED
2.7974757,3.1e-06,-3.1e-06,12.0149088,0.6621212,-0.6621212,18699.8504805,578.13324,-578.13324,5477.0,122.969,-122.969,0.867368,0.0448141,-0.0448141,412.3913581,,,1149.3363399,,,CONFIRMED
2.1751729,1.9e-06,-1.9e-06,18.7874019,0.9476702,-0.9476702,7780.6435196,68.89435,-68.89435,6291.0,130.1,-130.1,2.0625999,0.102535,-0.102535,4812.6238237,,,2124.2969654,,,CONFIRMED
2.0523417,1.51e-05,-1.51e-05,22.5105621,1.3698725,-1.3698725,34476.0907387,2349.1162,-2349.1162,5767.0,123.0,-123.0,1.16875,,,1327.2498679,,,1539.4228275,,,CONFIRMED
5.006622,6.6e-06,-6.6e-06,2.22447,0.24637,-0.24637,1290.0,85.8561,-85.8561,4006.0,123.3,-123.3,0.6,0.06,-0.06,47.6469,,,731.0,,,CONFIRMED
4.4331838,2.7e-06,-2.7e-06,12.5157,0.646246,-0.646246,9166.0,135.112,-135.112,5667.0,137.9,-137.9,1.26,0.06,-0.06,430.349,,,1268.0,,,CANDIDATE
1.5076298,1.23e-05,-1.23e-05,4.68666,,,280.0,0.973235,-0.973235,4954.0,122.0,-122.0,2.82,,,820.873,,,1491.0,,,CANDIDATE
5.1830043,3.25e-05,-3.25e-05,3.63045,0.2078,-0.2078,670.0,0.692152,-0.692152,6156.0,132.372,-132.372,1.34,0.06,-0.06,346.626,,,1202.0,,,CONFIRMED
2.5693728,2.54e-05,-2.54e-05,2.18392,0.157374,-0.157374,290.0,0.670733,-0.670733,6156.0,132.372,-132.372,1.34,0.06,-0.06,1001.28,,,1567.0,,,CANDIDATE
3.6001959,1.01e-05,-1.01e-05,16.1928,0.723226,-0.723226,7820.0,3.86438,-3.86438,7172.0,136.4,-136.4,1.75,0.07,-0.07,1141.26,,,1619.0,,,CANDIDATE
5.3073459,0.0001065,-0.0001065,2.05347,0.145249,-0.145249,200.0,0.568889,-0.568889,5821.4,107.6,-107.6,1.42,0.06,-0.06,494.046,,,1313.0,,,FALSE POSITIVE
3.4902115,1.66e-05,-1.66e-05,2.05978,0.135578,-0.135578,366.0,28.5023,-28.5023,6111.0,124.9,-124.9,1.09,0.05,-0.05,555.873,,,1352.0,,,CANDIDATE
5.5387718,3.55e-05,-3.55e-05,2.07738,0.137121,-0.137121,439.0,29.1437,-29.1437,6111.0,124.9,-124.9,1.09,0.05,-0.05,366.683,,,1219.0,,,CANDIDATE
1.773346,2.28e-05,-2.28e-05,7.95884,0.603468,-0.603468,710.0,2.06031,-2.06031,6802.0,154.0,-154.0,3.08,0.14,-0.14,6411.52,,,2492.0,,,FALSE POSITIVE
2.0348789,1.78e-05,-1.78e-05,3.57655,1.28644,-1.28644,176.0,442.037,-442.037,8279.0,139.5,-139.5,2.94,0.09,-0.09,93196.9,,,4867.0,,,CANDIDATE
0.8560277,4.4e-06,-4.4e-06,3.15801,,,247.0,10.2374,-10.2374,11798.0,,,2.38,,,46825.3,,,,,,FALSE POSITIVE
710.6982018,0.001893,-0.001893,2.0928405,0.660804,-0.660804,691.3914728,70.52027,-70.52027,5334.0,184.0,-184.0,0.796254,0.0433718,-0.0433718,0.8364817,,,243.9123864,,,CANDIDATE
82.9294114,0.0030095,-0.0030095,11.4756331,0.7029209,-0.7029209,13067.7332328,277.16165,-277.16165,5271.0,130.4,-130.4,0.960919,0.0548341,-0.0548341,0.2639044,,,182.8021957,,,CONFIRMED
2.4261538,1.09e-05,-1.09e-05,2.6600255,2.8561234,-2.8561234,754.8303067,61.17742,-61.17742,5271.0,130.4,-130.4,0.960919,0.0548341,-0.0548341,548.0543839,,,1234.029846,,,CONFIRMED
19.4723789,1.39e-05,-1.39e-05,17.3337286,0.7229679,-0.7229679,7062.8806063,118.564926,-118.564926,7182.7,117.2,-117.2,1.9674799,0.0799372,-0.0799372,289.5679511,,,1052.1008534,,,CANDIDATE
5.4107024,7.3e-06,-7.3e-06,2.9859726,0.3383696,-0.3383696,22498.1066362,2344.9744,-2344.9744,2938.0,93.0,-93.0,0.185013,0.0058804,-0.0058804,1.9002158,,,299.447353,,,CANDIDATE
104.6162557,9.2e-05,-9.2e-05,15.8235575,0.7547431,-0.7547431,6111.4633395,93.7048,-93.7048,6115.26,120.386,-120.386,1.97585,0.0913716,-0.0913716,23.5777503,,,562.0116791,,,CANDIDATE
3.4672779,9.1e-06,-9.1e-06,2.1135466,1.3841863,-1.3841863,3657.0603553,419.9717,-419.9717,3383.0,157.0,-157.0,0.332564,0.0099286,-0.0099286,13.9606166,,,492.9988422,,,CANDIDATE
16.364873,4.92e-05,-4.92e-05,3.9248322,0.5098805,-0.5098805,2075.0944118,132.4925,-132.4925,5481.0,127.6,-127.6,0.856226,0.0441055,-0.0441055,38.2371999,,,634.2219521,,,CONFIRMED
1.8586624,1.35e-05,-1.35e-05,1.9323657,1.8722088,-1.8722088,497.6683497,53.357212,-53.357212,5481.0,127.6,-127.6,0.856226,0.0441055,-0.0441055,695.1879631,,,1309.6200353,,,CONFIRMED
9.1910792,9.69e-05,-9.69e-05,2.7251006,0.8795062,-0.8795062,940.8500219,113.352394,-113.352394,5481.0,127.6,-127.6,0.856226,0.0441055,-0.0441055,82.5177911,,,768.6995876,,,CONFIRMED
194.2432864,0.0111118,-0.0111118,4.4714848,1.1625669,-1.1625669,810.9983952,75.53365,-75.53365,7923.0,147.92,-147.92,1.5184,0.042603,-0.042603,12.3017271,,,477.6516387,,,CANDIDATE
20.9040576,0.0002191,-0.0002191,4.53003,1.24375,-1.24375,930.0,912.902,-912.902,5708.0,140.54,-140.54,1.0,0.05,-0.05,419.568,,,1260.0,,,CANDIDATE
10.9776867,8e-05,-8e-05,5.76837,2.30069,-2.30069,860.0,2169.82,-2169.82,5708.0,140.54,-140.54,1.0,0.05,-0.05,938.995,,,1542.0,,,CANDIDATE
19.5620458,0.0002866,-0.0002866,3.2870868,0.3756285,-0.3756285,1397.8148985,92.034744,-92.034744,4246.8,108.6,-108.6,0.758892,0.0609448,-0.0609448,10.9554543,,,464.0100077,,,CONFIRMED
9.7607632,0.0021508,-0.0021508,2.22799,0.187881,-0.187881,790.0,2.98468,-2.98468,5558.0,120.728,-120.728,0.8,0.04,-0.04,30.3621,,,653.0,,,CANDIDATE
2.7535993,5.3e-06,-5.3e-06,10.7107,,,14460.0,3.10945,-3.10945,5032.08,87.55,-87.55,0.86,,,227.759,,,1082.0,,,CONFIRMED
15.2664658,2.69e-05,-2.69e-05,12.2663968,0.6762973,-0.6762973,16186.172954,204.83841,-204.83841,5420.82,118.023,-118.023,0.874078,0.0473292,-0.0473292,42.2986706,,,650.4312952,,,CONFIRMED
3.7224626,6.93e-05,-6.93e-05,11.4694856,0.9716158,-0.9716158,19962.6105832,119.55813,-119.55813,4926.0,136.738,-136.738,0.82064,0.0690754,-0.0690754,184.988035,,,940.6014835,,,CONFIRMED
1.2089755,3e-07,-3e-07,1.68645,0.164422,-0.164422,668.0,23.6472,-23.6472,4199.0,127.194,-127.194,0.63,0.06,-0.06,325.749,,,1183.0,,,CONFIRMED
3.408833,5e-07,-5e-07,14.2632,0.763399,-0.763399,16032.0,28.2232,-28.2232,6134.0,146.8,-146.8,1.11,0.06,-0.06,695.65,,,1430.0,,,CONFIRMED
4.7633952,3.4e-06,-3.4e-06,10.2196833,0.5924972,-0.5924972,13160.629831,128.63376,-128.63376,5258.0,123.0,-123.0,0.87551,0.049196,-0.049196,183.2394519,,,938.3708227,,,CONFIRMED
3.0717182,4.3e-06,-4.3e-06,12.0054949,0.9131838,-0.9131838,14228.6266087,397.48376,-397.48376,5082.0,130.016,-130.016,0.848394,0.055201,-0.055201,279.7736168,,,1043.0891762,,,CONFIRMED
0.3643225,1.56e-05,-1.56e-05,6.9527391,3.9343698,-3.9343698,38216.7895418,6318.155,-6318.155,3473.0,158.0,-158.0,0.347331,0.0138193,-0.0138193,329.3048956,,,1086.4738962,,,FALSE POSITIVE
2.7186256,4.15e-05,-4.15e-05,12.4543,0.65872,-0.65872,13160.0,0.741095,-0.741095,6427.0,155.74,-155.74,1.03,0.05,-0.05,616.33,,,1388.0,,,CONFIRMED
0.9260632,2.6e-06,-2.6e-06,1.67736,0.103673,-0.103673,221.0,15.9329,-15.9329,5640.0,111.0,-111.0,1.11,0.05,-0.05,1025.84,,,1576.0,,,CONFIRMED
2.4841975,2e-06,-2e-06,13.3413,0.68144,-0.68144,10361.0,290.076,-290.076,6089.0,123.4,-123.4,1.28,0.06,-0.06,383.047,,,1232.0,,,CONFIRMED
2.2602655,0.0004324,-0.0004324,2.7262374,1.4096905,-1.4096905,6129.678827,861.4576,-861.4576,3236.0,157.0,-157.0,0.341024,0.0103601,-0.0103601,21.3031001,,,547.9367777,,,CONFIRMED
0.3994445,1.34e-05,-1.34e-05,0.9086617,0.953413,-0.953413,330.8173737,26.466192,-26.466192,3702.0,157.0,-157.0,0.485948,0.014338,-0.014338,571.5071504,,,1247.0250186,,,CONFIRMED
5.8795752,1.87e-05,-1.87e-05,1.8721219,0.5604159,-0.5604159,1352.7622114,81.15366,-81.15366,3611.0,157.0,-157.0,0.492759,0.0147634,-0.0147634,14.6088648,,,498.6247907,,,CANDIDATE
2.70582,8e-05,-8e-05,18.4904,0.986603,-0.986603,7500.0,0.107904,-0.107904,6441.6,145.8,-145.8,2.1,0.11,-0.11,3557.29,,,2151.0,,,CONFIRMED
3.6528112,1.7e-06,-1.7e-06,12.6675004,0.6981088,-0.6981088,18681.4630568,107.44031,-107.44031,5610.0,119.488,-119.488,0.907682,0.0495377,-0.0495377,340.5513253,,,1095.6337284,,,CONFIRMED
4.53347,5e-06,-5e-06,13.221703,0.7488764,-0.7488764,11929.8619692,153.27051,-153.27051,5846.0,131.9,-131.9,1.1971,0.0636783,-0.0636783,501.4020843,,,1206.886094,,,CONFIRMED
5.8176452,3.72e-05,-3.72e-05,11.6459,,,9178.0,2339.53,-2339.53,5633.4,29.4,-29.4,1.22,,,277.39,,,1136.0,,,CONFIRMED
2.1747824,6.3e-06,-6.3e-06,1.79105,0.142077,-0.142077,560.0,0.187547,-0.187547,4542.0,122.4,-122.4,0.71,0.05,-0.05,174.942,,,1013.0,,,CONFIRMED
2.849282,3.3e-06,-3.3e-06,4.75272,0.44965,-0.44965,4010.0,0.997955,-0.997955,4279.0,130.7,-130.7,0.74,0.07,-0.07,115.305,,,912.0,,,CONFIRMED
4.0984741,3e-06,-3e-06,14.8366922,0.837956,-0.837956,16869.9465037,188.334,-188.334,5198.0,124.8,-124.8,1.0639499,0.0588618,-0.0588618,319.8755104,,,1078.6113787,,,CONFIRMED
4.0460644,1.32e-05,-1.32e-05,18.2851,1.60389,-1.60389,8004.0,1173.33,-1173.33,6404.0,123.1,-123.1,1.81,0.1,-0.1,6586.47,,,2509.0,,,CONFIRMED
6.6629951,9.4e-06,-9.4e-06,3.7022837,0.4572572,-0.4572572,949.4386612,48.49582,-48.49582,5975.0,102.5,-102.5,1.07392,0.0421483,-0.0421483,257.0820256,,,1021.2631882,,,CANDIDATE
7.1385672,7.3e-06,-7.3e-06,3.60516,0.245269,-0.245269,2064.0,73.3176,-73.3176,5144.5,136.4,-136.4,0.77,0.05,-0.05,63.7967,,,787.0,,,CONFIRMED
3.4715644,5.9e-06,-5.9e-06,2.65245,0.193246,-0.193246,1050.0,1.06639,-1.06639,5144.5,136.4,-136.4,0.77,0.05,-0.05,304.054,,,1163.0,,,CONFIRMED
4.1591488,1.8e-06,-1.8e-06,12.1616,0.657021,-0.657021,12800.0,0.0613901,-0.0613901,5576.0,118.2,-118.2,1.11,0.06,-0.06,417.295,,,1259.0,,,CONFIRMED
2.5048178,3.8e-06,-3.8e-06,3.9467,0.224491,-0.224491,1723.0,59.0581,-59.0581,5328.0,120.1,-120.1,0.92,0.05,-0.05,448.655,,,1282.0,,,CANDIDATE
5.9167817,1.8e-06,-1.8e-06,18.1119,1.33092,-1.33092,27909.0,910.812,-910.812,4781.0,125.2,-125.2,1.05,0.07,-0.07,18.5055,,,577.0,,,CANDIDATE
5.7740318,6.3e-05,-6.3e-05,24.6129,2.63376,-2.63376,4820.0,0.97894,-0.97894,4837.8,251.9,-251.9,3.19,0.34,-0.34,660.328,,,1412.0,,,CANDIDATE
8.2000875,1.89e-05,-1.89e-05,2.7997542,0.9141595,-0.9141595,1079.5927267,100.98737,-100.98737,4865.6,101.5,-101.5,0.793476,0.0716306,-0.0716306,58.2025038,,,704.4580992,,,CONFIRMED
4.0248735,4.6e-06,-4.6e-06,11.6786,0.218228,-0.218228,23775.0,629.184,-629.184,4492.0,124.2,-124.2,0.75,0.01,-0.01,97.8595,,,876.0,,,CONFIRMED
0.745637,1.5e-06,-1.5e-06,7.71235,0.952193,-0.952193,932.0,297.136,-297.136,6984.0,133.6,-133.6,1.96,0.08,-0.08,3906.17,,,2202.0,,,CANDIDATE
3.0026215,1.86e-05,-1.86e-05,14.0672,2.02594,-2.02594,5040.0,141.026,-141.026,5630.0,105.1,-105.1,1.45,0.07,-0.07,4289.27,,,2254.0,,,CONFIRMED
4.6003967,9.6e-06,-9.6e-06,5.39503,,,1130.0,53.4082,-53.4082,5970.5,,,1.59,,,82.7066,,,,,,CANDIDATE
3.3129214,7.8e-06,-7.8e-06,4.28877,0.247037,-0.247037,1815.0,62.9537,-62.9537,5512.0,126.5,-126.5,0.98,0.05,-0.05,260.965,,,1119.0,,,CANDIDATE
5.358776,7.5e-06,-7.5e-06,1.4454154,0.2984649,-0.2984649,2708.4393715,132.78087,-132.78087,3562.0,83.0,-83.0,0.275953,0.0082828,-0.0082828,6.2795537,,,403.7401541,,,CONFIRMED
1.8868756,1.43e-05,-1.43e-05,4.8297,0.347466,-0.347466,368.0,38.0546,-38.0546,7751.0,937.7,-937.7,2.57,0.08,-0.08,9275.7,,,2734.0,,,CANDIDATE
9.956296,0.000254,-0.000254,8.32411,,,1024.0,3.04272,-3.04272,4956.0,122.0,-122.0,3.38,,,1247.74,,,1655.0,,,CONFIRMED
0.3011506,2.9e-05,-2.9e-05,1.2801124,0.2404665,-0.2404665,1457.6973975,185.85797,-185.85797,3304.0,100.0,-100.0,0.286178,0.008567,-0.008567,263.5186329,,,1027.596418,,,CANDIDATE
20.3129649,0.0010463,-0.0010463,10.8026737,0.5280178,-0.5280178,5194.3258042,137.12343,-137.12343,6490.0,125.3,-125.3,1.4658999,0.0636935,-0.0636935,133.0991422,,,866.2905237,,,CANDIDATE
39.1076478,0.0005529,-0.0005529,1.4669377,1.0123287,-1.0123287,337.4561615,48.93497,-48.93497,5490.0,123.62,-123.62,0.796293,0.0420603,-0.0420603,10.4193507,,,458.2261962,,,CANDIDATE
522.6272677,0.009696,-0.009696,2.2445426,0.6250206,-0.6250206,238.5844154,30.176264,-30.176264,6199.0,119.629,-119.629,1.40973,0.0594347,-0.0594347,1.4505715,,,279.9010524,,,CANDIDATE
3.792456,1.1e-05,-1.1e-05,1.4571721,0.2180214,-0.2180214,3553.2788818,456.85898,-456.85898,3319.0,157.0,-157.0,0.218553,0.0065861,-0.0065861,6.9862517,,,414.6491761,,,CANDIDATE
32.291901,0.0001394,-0.0001394,5.1460938,0.2282476,-0.2282476,1517.2139238,57.19085,-57.19085,6013.0,,,1.23318,,,34.1640224,,,616.6120377,,,CANDIDATE
6.5812768,4.33e-05,-4.33e-05,1.6765354,2.1949944,-2.1949944,55.2290807,6.8107395,-6.8107395,5217.0,122.0,-122.0,2.2631199,,,241.9466004,,,1005.888008,,,CANDIDATE
3.9649053,9.3e-06,-9.3e-06,1.4999935,0.9789833,-0.9789833,1160.5626137,100.13516,-100.13516,3476.0,157.0,-157.0,0.426767,0.0128868,-0.0128868,17.615731,,,522.5103737,,,CONFIRMED
0.336826,1.7e-05,-1.7e-05,15.240658,1.416672,-1.416672,18251.292089,2199.7795,-2199.7795,5780.0,,,1.0,,,11129.6464735,,,2619.630824,,,FALSE POSITIVE
3.7634028,1.19e-05,-1.19e-05,2.4144238,0.715931,-0.715931,140.4352916,12.205171,-12.205171,6491.0,129.148,-129.148,1.89742,0.0776357,-0.0776357,2109.4342142,,,1728.4676115,,,CANDIDATE
8.9356558,2.56e-05,-2.56e-05,2.0224563,0.3929908,-0.3929908,420.5298106,41.917236,-41.917236,5631.0,128.852,-128.852,0.851957,0.0414372,-0.0414372,91.9623692,,,789.8093802,,,CANDIDATE
225.1037885,0.0003469,-0.0003469,13.2081506,0.6689362,-0.6689362,10850.1349366,267.517,-267.517,5965.99,109.137,-109.137,1.25231,0.0545578,-0.0545578,3.2010509,,,341.1480504,,,CONFIRMED
743.4843888,0.000253,-0.000253,5.4510788,0.4374106,-0.4374106,5535.4604085,255.52345,-255.52345,5342.0,117.665,-117.665,0.697666,0.0356532,-0.0356532,3.9939064,,,360.5530878,,,CANDIDATE
22.1536777,0.0001317,-0.0001317,12.6297905,0.6505545,-0.6505545,4469.3198771,137.04214,-137.04214,6123.0,135.602,-135.602,1.6267,0.0768643,-0.0768643,126.5238849,,,855.3874599,,,FALSE POSITIVE
692.5150646,0.0007927,-0.0007927,2.2782015,0.8695328,-0.8695328,1810.2811624,148.29057,-148.29057,3614.0,157.0,-157.0,0.531248,0.0157642,-0.0157642,0.1784528,,,165.7679643,,,CANDIDATE
2.0844882,9.6e-06,-9.6e-06,1.881105,1.3099535,-1.3099535,609.0046533,56.20136,-56.20136,4443.39,115.215,-115.215,0.713304,0.0541357,-0.0541357,220.7698145,,,983.115793,,,CANDIDATE
0.8409429,9.6e-06,-9.6e-06,1.6732084,0.2870024,-0.2870024,549.3465906,61.402676,-61.402676,3830.0,157.0,-157.0,0.608498,0.0180226,-0.0180226,331.5613798,,,1088.3303343,,,CANDIDATE
23.5422422,9.38e-05,-9.38e-05,2.3109407,1.6504247,-1.6504247,1411.9717256,129.11359,-129.11359,3830.0,157.0,-157.0,0.608498,0.0180226,-0.0180226,3.9005169,,,358.4266471,,,CANDIDATE
14.0063765,5.78e-05,-5.78e-05,2.26316,0.147367,-0.147367,300.0,21.8507,-21.8507,5899.0,126.849,-126.849,1.33,0.06,-0.06,19.2603,,,583.0,,,CANDIDATE
1.2253159,3.39e-05,-3.39e-05,2.3820012,0.4548741,-0.4548741,6006.5175069,854.75,-854.75,3725.0,157.0,-157.0,0.297644,0.0114841,-0.0114841,72.0671413,,,743.1116558,,,FALSE POSITIVE
1.1759834,4.6e-06,-4.6e-06,7.7193559,2.4524143,-2.4524143,14881.4796123,1248.4495,-1248.4495,3054.0,97.0,-97.0,0.512881,0.0158325,-0.0158325,82.500462,,,768.6592267,,,CANDIDATE
1.9737719,1.88e-05,-1.88e-05,14.2783974,1.7593518,-1.7593518,32350.4373939,4230.6934,-4230.6934,4664.23,99.2267,-99.2267,0.697971,,,265.9747113,,,1029.9824769,,,CONFIRMED
30.3599812,0.0003132,-0.0003132,11.2141216,0.4613171,-0.4613171,19347.5990647,621.8815,-621.8815,4815.0,122.0,-122.0,0.795118,,,9.8942349,,,452.3403225,,,CONFIRMED
13.4755461,7.14e-05,-7.14e-05,1.5718719,1.375563,-1.375563,1090.0934414,124.59899,-124.59899,3710.0,157.0,-157.0,0.469524,0.0140048,-0.0140048,5.0549516,,,382.427399,,,CANDIDATE
10.7155521,4.88e-05,-4.88e-05,1.4160391,0.5014855,-0.5014855,424.299807,44.6875,-44.6875,4207.0,121.244,-121.244,0.623617,0.0552965,-0.0552965,15.8954977,,,509.258495,,,CANDIDATE
0.768988,2.3e-06,-2.3e-06,2.01326,1.15468,-1.15468,870.0,372.616,-372.616,3734.0,157.0,-157.0,0.54,0.02,-0.02,70.4453,,,807.0,,,CANDIDATE
27.9815639,0.0004046,-0.0004046,2.85252,0.241131,-0.241131,722.0,71.6454,-71.6454,5905.0,124.107,-124.107,1.16,0.05,-0.05,69.3133,,,803.0,,,CANDIDATE
10.4834062,6.56e-05,-6.56e-05,3.5119412,0.3759256,-0.3759256,1767.8841835,146.01807,-146.01807,4271.0,127.626,-127.626,0.677846,0.0625503,-0.0625503,20.3357654,,,541.6077626,,,CANDIDATE
1.6255124,1.59e-05,-1.59e-05,11.2971803,0.7784328,-0.7784328,10095.3614497,746.6269,-746.6269,5483.74,114.91,-114.91,1.04426,,,1238.8661223,,,1513.1286131,,,CONFIRMED
8.6239097,6.34e-05,-6.34e-05,2.9176946,0.5352698,-0.5352698,675.1210806,155.74353,-155.74353,5917.0,123.979,-123.979,0.878735,0.0406809,-0.0406809,119.024779,,,842.4208274,,,CANDIDATE
88.495683,0.0109785,-0.0109785,5.1574303,0.5870564,-0.5870564,2838.5756569,273.43457,-273.43457,5509.61,124.841,-124.841,0.939951,0.049598,-0.049598,0.4523971,,,209.1701491,,,CONFIRMED
17.5288347,5.25e-05,-5.25e-05,2.8950078,1.0380855,-1.0380855,1131.5075681,111.79175,-111.79175,5164.0,182.0,-182.0,0.829519,0.0527035,-0.0527035,25.4510626,,,572.8570065,,,CANDIDATE
0.9167992,1.23e-05,-1.23e-05,0.6115871,1.0230371,-1.0230371,39.0383592,6.7366953,-6.7366953,5659.0,187.0,-187.0,0.973028,0.0505728,-0.0505728,2437.3433306,,,1792.0450656,,,CANDIDATE
22.3428773,8.63e-05,-8.63e-05,11.3355032,0.8318238,-0.8318238,5934.9200116,242.33246,-242.33246,6184.0,129.495,-129.495,1.42864,0.0894347,-0.0894347,99.086036,,,804.6793626,,,CONFIRMED
31.0343214,0.0002833,-0.0002833,10.1577688,0.5360378,-0.5360378,1572.1891091,32.64367,-32.64367,5234.0,122.0,-122.0,2.56935,,,33.7343273,,,614.6639792,,,CONFIRMED
31.5786847,0.0001792,-0.0001792,4.8743389,2.462469,-2.462469,2119.3256676,132.26393,-132.26393,5696.0,99.3593,-99.3593,1.05178,0.0430553,-0.0430553,27.0094647,,,581.4317504,,,CONFIRMED
5.3909915,6.79e-05,-6.79e-05,2.22182,0.218502,-0.218502,570.0,3.66698,-3.66698,5405.0,124.416,-124.416,0.87,0.05,-0.05,91.5265,,,861.0,,,CANDIDATE
3.2903136,2.67e-05,-2.67e-05,7.5296069,0.6862121,-0.6862121,15334.2181362,1439.5836,-1439.5836,3579.0,157.0,-157.0,0.567309,0.0175218,-0.0175218,37.0869991,,,629.3977311,,,CONFIRMED
13.1187746,6.33e-05,-6.33e-05,2.9857871,1.5011593,-1.5011593,333.0027831,22.103518,-22.103518,7800.0,100.24,-100.24,1.57458,0.0364874,-0.0364874,459.9054123,,,1181.1005716,,,CANDIDATE
17.8335899,0.0003153,-0.0003153,2.16267,0.253211,-0.253211,289.0,40.4006,-40.4006,6304.0,141.297,-141.297,1.43,0.07,-0.07,62.1044,,,782.0,,,CONFIRMED
25.9213509,9.16e-05,-9.16e-05,1.9119702,2.278492,-2.278492,589.3171527,66.9165,-66.9165,5011.0,125.831,-125.831,0.786678,0.0502764,-0.0502764,13.4574783,,,488.4956168,,,CANDIDATE
27.9102929,0.0001073,-0.0001073,19.2884326,0.1336297,-0.1336297,18279.5176543,183.45238,-183.45238,6327.0,,,1.39013,,,55.0960466,,,694.8640749,,,FALSE POSITIVE
8.8849511,0.0001548,-0.0001548,12.6838437,2.6857061,-2.6857061,16966.9658671,1934.3452,-1934.3452,5160.0,123.0,-123.0,0.977054,,,94.2936984,,,794.7680813,,,CONFIRMED
7.8344688,2.69e-05,-2.69e-05,3.7973353,0.3555673,-0.3555673,2017.3628771,127.67857,-127.67857,4837.0,138.283,-138.283,0.731146,0.0558291,-0.0558291,51.6399559,,,683.7010001,,,CONFIRMED
3.0051929,1.31e-05,-1.31e-05,2.1434355,0.97001,-0.97001,737.8355831,94.001976,-94.001976,4837.0,138.283,-138.283,0.731146,0.0558291,-0.0558291,185.282957,,,940.9761542,,,CONFIRMED
5.5460811,1.73e-05,-1.73e-05,10.0832239,0.6277355,-0.6277355,2119.4485757,136.19446,-136.19446,6963.86,138.256,-138.256,1.88937,0.0908442,-0.0908442,1504.9475685,,,1588.547085,,,FALSE POSITIVE
3.7705865,4.52e-05,-4.52e-05,15.822462,1.4224659,-1.4224659,12789.7368577,980.5863,-980.5863,5897.0,123.0,-123.0,1.38188,,,878.8827779,,,1388.6809829,,,CONFIRMED
4.1194175,9.4e-06,-9.4e-06,2.68492,0.148813,-0.148813,722.0,29.6444,-29.6444,5598.0,121.1,-121.1,0.98,0.05,-0.05,232.099,,,1087.0,,,CANDIDATE
4.6663795,0.0005406,-0.0005406,13.2255,0.621088,-0.621088,6900.0,8.04671,-8.04671,7712.0,240.8,-240.8,1.57,0.05,-0.05,711.568,,,1438.0,,,CANDIDATE
8.2003748,1.64e-05,-1.64e-05,15.9053,4.1199,-4.1199,1521.0,3448.92,-3448.92,6011.0,133.1,-133.1,1.76,0.08,-0.08,530.919,,,1337.0,,,CANDIDATE
2.7694936,3.6e-06,-3.6e-06,1.27326,0.0588576,-0.0588576,712.0,43.4927,-43.4927,3807.0,157.0,-157.0,0.47,0.01,-0.01,21.8758,,,602.0,,,CONFIRMED
5.7060868,6.3e-06,-6.3e-06,1.89602,0.173003,-0.173003,821.0,236.25,-236.25,3807.0,157.0,-157.0,0.47,0.01,-0.01,20.536,,,593.0,,,CONFIRMED
0.5168347,1.64e-05,-1.64e-05,6.597837,3.470252,-3.470252,33190.706911,1349.0933,-1349.0933,3274.0,101.0,-101.0,0.273,0.06,-0.06,118.6676385,,,841.7881825,,,FALSE POSITIVE
82.6901439,0.0008791,-0.0008791,6.8236925,0.4793511,-0.4793511,6529.5765126,137.81633,-137.81633,5073.0,123.9,-123.9,0.831915,0.0509397,-0.0509397,3.3159282,,,344.1684282,,,CONFIRMED
482.8191,,,6.9087752,0.550251,-0.550251,6928.144617,326.08624,-326.08624,5073.0,123.9,-123.9,0.831915,0.0509397,-0.0509397,48.3867084,,,672.6687765,,,CONFIRMED
2.7875233,0.0001179,-0.0001179,15.2099907,2.913487,-2.913487,8077.6726128,227.48209,-227.48209,6408.3,122.5,-122.5,1.27487,0.0778015,-0.0778015,1379.1372564,,,1554.2526706,,,CANDIDATE
3.9813082,8.8e-06,-8.8e-06,2.36323,0.119024,-0.119024,464.0,14.4134,-14.4134,6011.9,122.6,-122.6,1.16,0.05,-0.05,986.754,,,1561.0,,,CONFIRMED
7.2455997,1.74e-05,-1.74e-05,14.2395,3.94491,-3.94491,1106.0,1267.01,-1267.01,6169.1,128.7,-128.7,2.68,0.15,-0.15,1192.46,,,1637.0,,,CONFIRMED
2.2251639,2.44e-05,-2.44e-05,1.50436,0.179303,-0.179303,284.0,47.875,-47.875,5509.0,121.7,-121.7,0.92,0.05,-0.05,348.601,,,1203.0,,,CONFIRMED
3.1442556,8.9e-06,-8.9e-06,4.69096,0.42444,-0.42444,2095.0,276.528,-276.528,5691.0,162.2,-162.2,1.0,0.05,-0.05,685.022,,,1425.0,,,FALSE POSITIVE
11.1684037,1.26e-05,-1.26e-05,12.77,0.620274,-0.620274,9660.0,2.15196,-2.15196,5981.0,139.4,-139.4,1.22,0.06,-0.06,312.155,,,1171.0,,,CONFIRMED
5.5109534,6.27e-05,-6.27e-05,3.08109,0.201652,-0.201652,520.0,1.11034,-1.11034,6404.0,164.9,-164.9,1.31,0.06,-0.06,262.935,,,1121.0,,,CANDIDATE
2.3494903,7e-07,-7e-07,14.6551,0.737913,-0.737913,9053.0,273.344,-273.344,7418.5,106.2,-106.2,1.51,0.07,-0.07,1355.37,,,1690.0,,,CANDIDATE
2.6921752,3.8e-06,-3.8e-06,16.0682,2.3668,-2.3668,9194.0,125.973,-125.973,7461.4,102.4,-102.4,1.68,0.25,-0.25,4194.73,,,2242.0,,,CANDIDATE
10.9245478,3.97e-05,-3.97e-05,1.9015018,1.9580723,-1.9580723,653.537141,62.396942,-62.396942,4884.0,96.0,-96.0,0.74413,0.0558769,-0.0558769,35.242668,,,621.4224577,,,CONFIRMED
3.1129681,1.71e-05,-1.71e-05,1.5002,0.16511,-0.16511,585.0,42.0986,-42.0986,4104.0,124.6,-124.6,0.69,0.07,-0.07,151.507,,,977.0,,,FALSE POSITIVE
5.2289874,1.21e-05,-1.21e-05,2.3513,0.114674,-0.114674,320.0,0.0811669,-0.0811669,6213.0,161.2,-161.2,1.28,0.06,-0.06,538.64,,,1342.0,,,CANDIDATE
4.1137862,3.4e-06,-3.4e-06,15.0368,0.704467,-0.704467,5739.0,91.5214,-91.5214,6327.0,132.2,-132.2,1.88,0.09,-0.09,3108.45,,,2080.0,,,CONFIRMED
13.8338893,0.0003857,-0.0003857,10.4349704,1.7835469,-1.7835469,8899.362156,442.98007,-442.98007,4225.95,104.703,-104.703,0.876814,0.070892,-0.070892,22.7363971,,,556.929421,,,CANDIDATE
5.3193755,0.0001805,-0.0001805,19.6684639,1.4940084,-1.4940084,6537.0839819,133.42345,-133.42345,6350.0,139.074,-139.074,2.3693399,0.174784,-0.174784,1968.900323,,,1698.9307701,,,CANDIDATE
1.5538188,7.4e-06,-7.4e-06,1.2643202,0.1853808,-0.1853808,3449.9519182,372.20972,-372.20972,3244.0,157.0,-157.0,0.192729,0.0057844,-0.0057844,17.9814886,,,525.2017443,,,CANDIDATE
3.4878754,2.7e-06,-2.7e-06,16.8851071,1.2388313,-1.2388313,18093.4842065,219.97836,-219.97836,5752.44,99.4005,-99.4005,1.22041,0.0883792,-0.0883792,706.3971426,,,1314.8674761,,,CANDIDATE
3.7998536,1.4e-06,-1.4e-06,13.2670623,1.129092,-1.129092,25455.0849851,191.82011,-191.82011,4133.4,108.675,-108.675,0.759375,0.0643718,-0.0643718,88.67126,,,782.6461795,,,CONFIRMED
3.4732399,0.0002512,-0.0002512,16.6589645,0.5923028,-0.5923028,10338.2192807,445.68143,-445.68143,7406.97,38.45,-38.45,1.56373,,,2304.5286397,,,1767.1168865,,,CANDIDATE
4.1074291,8.4e-06,-8.4e-06,3.971632,1.5647959,-1.5647959,900.9217753,52.960644,-52.960644,5205.0,183.0,-183.0,1.30055,,,445.4447971,,,1171.7048355,,,CANDIDATE
1.3887494,5e-06,-5e-06,15.9057,4.4088,-4.4088,3301.0,2667.01,-2667.01,7825.0,304.131,-304.131,2.08,0.07,-0.07,12503.9,,,2945.0,,,CANDIDATE
4.5195089,4.1e-06,-4.1e-06,14.3049176,0.7020652,-0.7020652,17738.8625444,178.27176,-178.27176,5887.0,126.911,-126.911,1.0321,0.0495527,-0.0495527,382.449189,,,1127.8807531,,,CONFIRMED
3.2588316,9e-07,-9e-07,12.8714868,1.0703219,-1.0703219,22743.2337536,110.01012,-110.01012,5387.06,142.59,-142.59,0.817114,0.0678241,-0.0678241,284.4141772,,,1047.3879178,,,CONFIRMED
2.7908285,1.4e-06,-1.4e-06,16.7559488,0.8801241,-0.8801241,10049.6938823,93.985756,-93.985756,6635.91,146.32,-146.32,1.4707,0.076696,-0.076696,1998.7811524,,,1705.3403223,,,CONFIRMED
2.191342,6.7e-06,-6.7e-06,2.301946,1.1317211,-1.1317211,1062.791258,66.53857,-66.53857,4384.23,40.15,-40.15,0.720126,0.062549,-0.062549,243.7119088,,,1007.7178174,,,CANDIDATE
17.4756122,7.91e-05,-7.91e-05,2.65592,0.164885,-0.164885,790.0,1.34075,-1.34075,5387.2,91.4,-91.4,0.84,0.04,-0.04,24.581,,,620.0,,,CANDIDATE
23.1438551,9.78e-05,-9.78e-05,13.2171669,4.9081216,-4.9081216,6955.8738937,220.13669,-220.13669,5356.0,18.9,-18.9,1.06356,,,36.2033889,,,625.6148603,,,FALSE POSITIVE
6.32668,3.58e-05,-3.58e-05,2.2901554,2.260206,-2.260206,520.8002154,68.6017,-68.6017,5673.0,135.223,-135.223,0.975383,0.049706,-0.049706,195.7303563,,,953.9690748,,,CONFIRMED
714.6970956,0.0033424,-0.0033424,2.491011,0.918628,-0.918628,457.0864505,33.26538,-33.26538,6324.0,196.0,-196.0,1.12577,0.0506985,-0.0506985,0.5647608,,,221.0985478,,,CANDIDATE
2.53405,,,26.5362,6.2141,-6.2141,4070.0,1126.57,-1126.57,6497.8,83.0,-83.0,1.65,0.07,-0.07,3632.83,,,2162.0,,,FALSE POSITIVE
721.5622191,0.001713,-0.001713,4.5521238,0.4098122,-0.4098122,2177.931991,80.69187,-80.69187,6294.0,196.0,-196.0,0.968886,0.0494145,-0.0494145,0.3470093,,,195.7514704,,,CANDIDATE
33.6356252,9.29e-05,-9.29e-05,2.3945586,0.3066942,-0.3066942,724.0198395,40.04,-40.04,5614.0,125.01,-125.01,0.821642,0.0412814,-0.0412814,14.5288129,,,497.9403065,,,CANDIDATE
63.1448519,0.000425,-0.000425,2.8828549,0.6612263,-0.6612263,1697.0188103,126.19228,-126.19228,4152.0,121.771,-121.771,0.702045,0.0657186,-0.0657186,1.8139846,,,295.9907568,,,CANDIDATE
271.938639,0.0067325,-0.0067325,3.5295923,0.5558505,-0.5558505,483.1688883,26.114193,-26.114193,5490.04,148.457,-148.457,1.5819,0.0978291,-0.0978291,1.2295467,,,268.5690786,,,CONFIRMED
0.8706763,6e-07,-6e-07,6.52133,0.423479,-0.423479,1861.0,65.792,-65.792,6121.0,156.078,-156.078,1.47,0.09,-0.09,1486.34,,,1729.0,,,FALSE POSITIVE
49.1077047,0.0003962,-0.0003962,12.3506372,0.9999361,-0.9999361,28125.1452075,236.35126,-236.35126,4358.0,115.996,-115.996,0.72245,0.0581784,-0.0581784,3.1634389,,,340.1414927,,,FALSE POSITIVE
42.8289152,0.004272,-0.004272,8.539416,0.7230957,-0.7230957,85688.8204519,7504.626,-7504.626,3090.0,159.0,-159.0,0.289034,0.010993,-0.010993,0.2884754,,,186.9161969,,,FALSE POSITIVE
14.3540583,0.0018017,-0.0018017,2.8052104,2.726502,-2.726502,1053.0719668,131.83142,-131.83142,5142.48,107.614,-107.614,0.86465,0.0538945,-0.0538945,38.4877433,,,635.2583194,,,CANDIDATE
10.2829583,0.0020126,-0.0020126,2.7186716,1.2306396,-1.2306396,865.1246457,97.14795,-97.14795,5700.0,130.62,-130.62,0.894563,0.0439874,-0.0439874,87.4018996,,,779.8300521,,,CONFIRMED
3.990679,1.84e-05,-1.84e-05,2.7025526,2.725432,-2.725432,670.2495772,58.791412,-58.791412,6153.0,123.997,-123.997,1.02672,0.0468543,-0.0468543,502.3405437,,,1207.4504214,,,CANDIDATE
13.0780555,9.18e-05,-9.18e-05,3.3632641,0.4691514,-0.4691514,932.1214968,71.41758,-71.41758,6153.0,123.997,-123.997,1.02672,0.0468543,-0.0468543,103.1976309,,,812.9001083,,,CANDIDATE
0.8185672,7.75e-05,-7.75e-05,4.1552603,2.4100754,-2.4100754,44712.1811611,3921.006,-3921.006,31000.0,,,0.18,0.104,-0.104,151050.0669195,,,5028.0545421,,,FALSE POSITIVE
2.6857229,0.0003569,-0.0003569,2.8622325,1.2594844,-1.2594844,632.8097747,67.051155,-67.051155,5978.0,122.788,-122.788,1.06715,0.048892,-0.048892,854.2741042,,,1378.8564659,,,CANDIDATE
22.0933922,1.94e-05,-1.94e-05,9.7603293,0.3757843,-0.3757843,2633.6009111,46.651608,-46.651608,6798.4,109.0,-109.0,1.75449,0.0650955,-0.0650955,192.5802083,,,950.1073168,,,CONFIRMED
3.6022377,0.0003135,-0.0003135,1.1671855,1.038172,-1.038172,2229.9856882,299.14587,-299.14587,3266.0,157.0,-157.0,0.242091,0.0073934,-0.0073934,7.9279121,,,427.9661854,,,CANDIDATE
5.0256637,1.19e-05,-1.19e-05,1.4655752,0.3619385,-0.3619385,650.1415697,57.945995,-57.945995,3782.0,157.0,-157.0,0.518021,0.0153843,-0.0153843,23.1770314,,,559.6083706,,,CANDIDATE
10.7387039,2.84e-05,-2.84e-05,1.7168904,0.2787153,-0.2787153,803.3539058,101.40615,-101.40615,3782.0,157.0,-157.0,0.518021,0.0153843,-0.0153843,8.4213145,,,434.4749293,,,CANDIDATE
0.3181853,1.81e-05,-1.81e-05,1.78228,0.229303,-0.229303,480.0,2.57826,-2.57826,4242.23,142.251,-142.251,0.75,0.08,-0.08,1654.43,,,1776.0,,,CANDIDATE
5.0872348,1.28e-05,-1.28e-05,17.9284,0.725957,-0.725957,4037.0,72.448,-72.448,8972.0,177.7,-177.7,3.02,0.12,-0.12,10680.9,,,2832.0,,,CANDIDATE
8.9299483,0.0005745,-0.0005745,12.6566078,1.1154569,-1.1154569,26516.4016202,488.0032,-488.0032,4379.0,126.2,-126.2,0.777586,0.0651859,-0.0651859,36.0859625,,,625.1069435,,,CANDIDATE
8.8346147,4.62e-05,-4.62e-05,2.5385619,1.2561876,-1.2561876,646.0966072,48.642242,-48.642242,5991.0,128.907,-128.907,0.968041,0.0469849,-0.0469849,144.6819536,,,884.5519427,,,CANDIDATE
11.0696104,7.94e-05,-7.94e-05,2.5924247,0.4423366,-0.4423366,591.1055416,54.31234,-54.31234,5991.0,128.907,-128.907,0.968041,0.0469849,-0.0469849,107.1078742,,,820.4934142,,,CANDIDATE
15.3886607,0.0001563,-0.0001563,2.5382638,0.2395857,-0.2395857,407.1050545,41.741627,-41.741627,6101.0,127.896,-127.896,1.0623,0.0498995,-0.0498995,87.1069216,,,779.1712437,,,CONFIRMED
15.0758735,0.00018,-0.00018,2.41942,0.205286,-0.205286,645.0,66.7862,-66.7862,5744.71,114.921,-114.921,1.01,0.05,-0.05,48.6781,,,735.0,,,CANDIDATE
3.8361623,1.1e-06,-1.1e-06,6.2369926,0.4478517,-0.4478517,5357.5774934,45.253304,-45.253304,4910.0,,,0.84738,0.0548341,-0.0548341,190.7135382,,,947.796565,,,CONFIRMED
2.6672418,1.32e-05,-1.32e-05,8.5917,,,11150.0,27.1318,-27.1318,4432.0,122.0,-122.0,0.77,,,307.867,,,1166.0,,,CANDIDATE
11.1878978,0.0001038,-0.0001038,10.1018,,,8190.0,27.3406,-27.3406,5721.0,122.0,-122.0,1.07,,,36.1679,,,683.0,,,CANDIDATE
18.6224802,7.43e-05,-7.43e-05,12.759,1.95431,-1.95431,9890.0,281.863,-281.863,5654.5,119.5,-119.5,0.99,0.05,-0.05,84.0311,,,843.0,,,CANDIDATE
16.3764188,0.0003377,-0.0003377,4.23355,0.33228,-0.33228,1230.0,4.08131,-4.08131,6397.0,134.8,-134.8,1.24,0.05,-0.05,115.374,,,913.0,,,CANDIDATE
10.6936683,6.14e-05,-6.14e-05,12.2512,,,10680.0,19.1986,-19.1986,5820.0,122.0,-122.0,1.14,,,37.24,,,688.0,,,CANDIDATE
3.6749802,0.0004913,-0.0004913,11.714,,,23820.0,26.0164,-26.0164,5134.0,122.0,-122.0,0.72,,,92.6245,,,864.0,,,CANDIDATE
3.439221,3.92e-05,-3.92e-05,6.2369,,,5050.0,20.1469,-20.1469,5053.0,122.0,-122.0,0.87,,,117.243,,,916.0,,,CANDIDATE
8.115667,0.0007487,-0.0007487,5.8543726,10.665264,-10.665264,1807.4400226,277.85287,-277.85287,6200.0,127.0,-127.0,1.35175,0.0653267,-0.0653267,344.4795703,,,1098.7796748,,,CANDIDATE
6.0142432,7.77e-05,-7.77e-05,2.96676,0.257235,-0.257235,1210.0,4.92548,-4.92548,5575.0,130.4,-130.4,0.85,0.04,-0.04,103.111,,,887.0,,,CANDIDATE
1.0451165,2.6e-06,-2.6e-06,6.13091,0.690941,-0.690941,1010.0,14.313,-14.313,5921.2,110.8,-110.8,1.52,0.07,-0.07,1195.11,,,1638.0,,,CANDIDATE
4.1876154,7e-06,-7e-06,13.9002369,0.6506094,-0.6506094,10906.185708,213.36957,-213.36957,6675.0,195.0,-195.0,1.23733,0.0545729,-0.0545729,811.3504171,,,1361.1997652,,,CONFIRMED
1.5090806,3e-06,-3e-06,14.3177,,,26050.0,1.84957,-1.84957,4674.0,123.0,-123.0,0.84,,,365.719,,,1218.0,,,CANDIDATE
4.7034187,3.14e-05,-3.14e-05,2.58065,0.257087,-0.257087,1390.0,4.26765,-4.26765,4481.0,121.7,-121.7,0.69,0.05,-0.05,50.104,,,741.0,,,CANDIDATE
5.2916448,7.7e-06,-7.7e-06,10.1289,,,17870.0,5.7147,-5.7147,4397.1,77.2,-77.2,0.75,,,51.2343,,,745.0,,,CANDIDATE
3.0002713,8e-06,-8e-06,12.4821,0.616435,-0.616435,8490.0,2.57039,-2.57039,5902.3,102.6,-102.6,1.26,0.06,-0.06,1054.22,,,1587.0,,,CANDIDATE
3.6831574,2.49e-05,-2.49e-05,12.4845,,,6190.0,4.19641,-4.19641,6304.0,122.0,-122.0,1.66,,,1500.66,,,1733.0,,,CANDIDATE
2.9093856,0.0001922,-0.0001922,12.8688,0.465005,-0.465005,45160.0,16.1691,-16.1691,3666.0,157.0,-157.0,0.59,0.02,-0.02,46.992,,,729.0,,,CONFIRMED
17.9450925,6.98e-05,-6.98e-05,13.3791,,,16550.0,24.9114,-24.9114,5681.0,122.0,-122.0,1.01,,,5.5686,,,427.0,,,CANDIDATE
1.0049552,0.0002556,-0.0002556,5.19137,1.60086,-1.60086,8600.0,1173.8,-1173.8,3210.0,157.0,-157.0,0.42,0.01,-0.01,63.8249,,,787.0,,,CANDIDATE
0.2476684,2.85e-05,-2.85e-05,5.81442,,,2460.0,68.7076,-68.7076,4886.0,122.0,-122.0,0.75,,,1087.04,,,1599.0,,,FALSE POSITIVE
1.734422,0.000265,-0.000265,4.24151,1.2984,-1.2984,1230.0,155.073,-155.073,5890.0,191.0,-191.0,0.94,0.05,-0.05,4861.83,,,2326.0,,,FALSE POSITIVE
15.5014296,0.002701,-0.002701,10.8287,0.617651,-0.617651,90070.0,154.555,-154.555,3382.0,157.0,-157.0,0.36,0.01,-0.01,0.691797,,,254.0,,,CANDIDATE
17.1470323,0.0001936,-0.0001936,5.37173,0.404925,-0.404925,2310.0,5.11899,-5.11899,5689.0,125.6,-125.6,1.13,0.06,-0.06,46.4785,,,727.0,,,CANDIDATE
6.6132132,1.65e-05,-1.65e-05,15.5423,0.795715,-0.795715,10010.0,1.54447,-1.54447,6110.0,105.1,-105.1,1.58,0.08,-0.08,619.404,,,1389.0,,,CANDIDATE
4.8667353,2.13e-05,-2.13e-05,16.8337,7.53444,-7.53444,6370.0,4307.01,-4307.01,5383.0,126.5,-126.5,1.03,0.06,-0.06,35.4585,,,679.0,,,CANDIDATE
4.2430633,2.22e-05,-2.22e-05,12.965,,,7270.0,5.87641,-5.87641,5595.0,122.0,-122.0,1.53,,,459.164,,,1289.0,,,CANDIDATE
3.5779775,3.33e-05,-3.33e-05,2.15124,0.251913,-0.251913,830.0,4.21371,-4.21371,3991.0,119.0,-119.0,0.61,0.06,-0.06,54.0709,,,755.0,,,CANDIDATE
13.291966,6.6e-05,-6.6e-05,8.65633,,,7360.0,334.279,-334.279,5042.0,122.0,-122.0,0.9,,,30.0086,,,652.0,,,CANDIDATE
4.0589926,1.87e-05,-1.87e-05,5.84962,0.899575,-0.899575,2440.0,60.256,-60.256,5556.0,136.2,-136.2,0.99,0.05,-0.05,28.012,,,640.0,,,CANDIDATE
4.7743169,2.39e-05,-2.39e-05,12.3583,,,10690.0,10.7019,-10.7019,5549.0,122.0,-122.0,1.18,,,239.866,,,1096.0,,,CANDIDATE
6.8170909,2.55e-05,-2.55e-05,7.4200144,0.5413704,-0.5413704,2977.5740385,120.455444,-120.455444,4955.0,98.2,-98.2,1.25717,0.0712463,-0.0712463,297.4095784,,,1059.1524799,,,CANDIDATE
3.3252703,1.8e-06,-1.8e-06,11.5039006,0.3623092,-0.3623092,34741.7763037,363.10464,-363.10464,3724.0,,,0.596801,0.0179141,-0.0179141,47.331494,,,668.9710175,,,CONFIRMED
17.4314043,0.0001512,-0.0001512,9.8169,,,8180.0,8.88644,-8.88644,5923.0,122.0,-122.0,1.08,,,43.2591,,,714.0,,,CANDIDATE
3.0421828,0.0003832,-0.0003832,14.5498,,,20390.0,8.40549,-8.40549,5582.5,95.8,-95.8,1.0,,,414.535,,,1257.0,,,CANDIDATE
6.7934811,2.65e-05,-2.65e-05,15.1938,1.28426,-1.28426,5400.0,24.0931,-24.0931,6121.0,128.9,-128.9,1.92,0.1,-0.1,111.068,,,904.0,,,FALSE POSITIVE
3.0929206,1.83e-05,-1.83e-05,11.6629,0.750498,-0.750498,5640.0,9.49902,-9.49902,5787.4,106.0,-106.0,1.43,0.07,-0.07,460.711,,,1290.0,,,FALSE POSITIVE
6.4879123,2.84e-05,-2.84e-05,16.7425,1.12232,-1.12232,7260.0,14.8105,-14.8105,6782.0,132.0,-132.0,1.73,0.09,-0.09,92.2897,,,863.0,,,CANDIDATE
7.0308254,8.81e-05,-8.81e-05,3.61495,0.299195,-0.299195,1560.0,5.49239,-5.49239,5516.0,127.1,-127.1,0.9,0.05,-0.05,149.202,,,973.0,,,CANDIDATE
7.9461192,4.01e-05,-4.01e-05,13.6973,,,8750.0,13.3111,-13.3111,5416.0,125.0,-125.0,1.38,,,49.6833,,,739.0,,,CANDIDATE
3.313358,1.49e-05,-1.49e-05,14.6999,,,6230.0,4.75613,-4.75613,6209.0,122.0,-122.0,1.87,,,817.242,,,1489.0,,,CANDIDATE
7.7688831,1.86e-05,-1.86e-05,11.4556,1.05342,-1.05342,7970.0,47.576,-47.576,5851.0,134.8,-134.8,1.14,0.06,-0.06,40.9939,,,704.0,,,CANDIDATE
2.4337374,0.0001529,-0.0001529,8.67796,1.32915,-1.32915,12540.0,3.61706,-3.61706,4294.3,362.1,-362.1,0.74,0.11,-0.11,116.886,,,916.0,,,CANDIDATE
13.6308024,3.53e-05,-3.53e-05,3.5493962,0.3844907,-0.3844907,1179.1033339,39.483753,-39.483753,6114.0,194.0,-194.0,1.00528,0.0565427,-0.0565427,60.1603117,,,710.3089208,,,CONFIRMED
8.5725884,7.08e-05,-7.08e-05,10.4135,,,4880.0,6.80098,-6.80098,5807.0,122.0,-122.0,1.5,,,222.607,,,1076.0,,,CANDIDATE
4.0519584,0.000132,-0.000132,10.7206,,,5310.0,406.308,-406.308,5147.0,122.0,-122.0,1.12,,,24.4556,,,619.0,,,CANDIDATE
5.629318,0.0001422,-0.0001422,14.4974,,,8030.0,49.2769,-49.2769,5885.0,122.0,-122.0,1.53,,,86.4308,,,849.0,,,CANDIDATE
35.7861915,7.67e-05,-7.67e-05,13.2073,1.04822,-1.04822,20160.0,76.7743,-76.7743,5755.0,122.6,-122.6,0.85,0.04,-0.04,8.69035,,,478.0,,,CANDIDATE
4.1249095,1.18e-05,-1.18e-05,10.7709,,,5480.0,3.4778,-3.4778,6007.5,24.5,-24.5,1.44,,,453.643,,,1285.0,,,CANDIDATE
5.0274739,9.84e-05,-9.84e-05,13.8852,,,4070.0,12.2109,-12.2109,5178.0,122.0,-122.0,2.12,,,861.273,,,1509.0,,,CANDIDATE
4.2333233,0.0013356,-0.0013356,12.5093,,,10850.0,22.5524,-22.5524,5696.0,33.7,-33.7,1.14,,,217.929,,,1070.0,,,CANDIDATE
10.1766089,0.000103,-0.000103,11.0026,,,7980.0,30.4434,-30.4434,5452.0,122.0,-122.0,1.19,,,154.351,,,981.0,,,CANDIDATE
12.1914558,4.08e-05,-4.08e-05,4.6131319,0.4213193,-0.4213193,2625.0570737,104.49199,-104.49199,5418.0,185.0,-185.0,0.840971,0.0507437,-0.0507437,44.7551381,,,659.6756823,,,CONFIRMED
8.5821795,6.05e-05,-6.05e-05,9.30439,0.542853,-0.542853,6790.0,7.07428,-7.07428,5818.0,127.8,-127.8,1.1,0.05,-0.05,149.861,,,974.0,,,CANDIDATE
3.121702,0.0002565,-0.0002565,14.8115,0.787713,-0.787713,12650.0,2.2599,-2.2599,5944.0,131.5,-131.5,1.29,0.07,-0.07,842.648,,,1500.0,,,CANDIDATE
5.1155806,2.12e-05,-2.12e-05,13.6976,,,6250.0,4.88072,-4.88072,6349.0,122.0,-122.0,1.71,,,366.902,,,1219.0,,,CANDIDATE
11.9140328,4.91e-05,-4.91e-05,9.89059,0.547111,-0.547111,3050.0,1.79604,-1.79604,5359.0,235.8,-235.8,1.77,0.09,-0.09,194.396,,,1040.0,,,CANDIDATE
735.982363,9.53e-05,-9.53e-05,12.541,,,9100.0,76.3286,-76.3286,5309.0,35.1,-35.1,1.01,,,0.0728708,,,,,,CANDIDATE
0.4709937,6.64e-05,-6.64e-05,14.5973,6.74063,-6.74063,1900.0,1711.5,-1711.5,6719.0,153.5,-153.5,1.47,0.08,-0.08,2761.87,,,2019.0,,,CANDIDATE
3.3560085,0.0008467,-0.0008467,15.1419,,,10850.0,410.994,-410.994,5906.0,123.0,-123.0,1.27,,,1635.6,,,1771.0,,,CANDIDATE
3.5857076,1e-06,-1e-06,15.8525901,0.7387155,-0.7387155,11813.302926,53.431217,-53.431217,6400.0,,,1.34556,0.0625502,-0.0625502,1089.1709863,,,1465.1893915,,,CONFIRMED
1.4798437,6.3e-06,-6.3e-06,8.37272,0.524977,-0.524977,3090.0,2.19901,-2.19901,5475.0,131.7,-131.7,1.5,0.08,-0.08,2205.43,,,1909.0,,,CANDIDATE
3.7081082,8.35e-05,-8.35e-05,13.6266,,,1490.0,3.69798,-3.69798,5337.0,122.0,-122.0,3.56,,,1874.58,,,1833.0,,,CANDIDATE
8.8720052,6.2e-05,-6.2e-05,8.76898,0.545847,-0.545847,4370.0,4.12787,-4.12787,5626.0,138.4,-138.4,1.31,0.07,-0.07,117.013,,,916.0,,,CANDIDATE
7.9144674,5.53e-05,-5.53e-05,14.5746,,,20760.0,29.3388,-29.3388,5431.0,122.0,-122.0,1.0,,,80.2209,,,833.0,,,CANDIDATE
6.4274159,3.42e-05,-3.42e-05,12.9491,1.05624,-1.05624,3940.0,17.406,-17.406,6227.0,148.7,-148.7,1.58,0.09,-0.09,41.0821,,,705.0,,,FALSE POSITIVE
5.2376102,8.49e-05,-8.49e-05,16.2444,1.48178,-1.48178,3830.0,7.13816,-7.13816,7666.0,178.1,-178.1,2.59,0.2,-0.2,3686.59,,,2170.0,,,CANDIDATE
4.1583367,3.01e-05,-3.01e-05,16.0152,,,9610.0,13.6963,-13.6963,8131.7,53.4,-53.4,1.55,,,1509.9,,,1736.0,,,CANDIDATE
5.1409029,3.46e-05,-3.46e-05,8.29803,0.690693,-0.690693,5830.0,13.1535,-13.1535,6282.4,140.6,-140.6,1.07,0.07,-0.07,207.445,,,1057.0,,,CANDIDATE
14.3953055,4.5e-05,-4.5e-05,11.615,1.03378,-1.03378,17315.0,63.8537,-63.8537,4850.0,127.9,-127.9,0.77,0.05,-0.05,23.3681,,,612.0,,,CANDIDATE
3.7810832,2.35e-05,-2.35e-05,15.3456,,,8030.0,11.793,-11.793,6364.0,122.0,-122.0,1.59,,,702.278,,,1434.0,,,CANDIDATE
4.0086493,1.6e-05,-1.6e-05,7.2935622,1.0111313,-1.0111313,9213.7506419,342.70343,-342.70343,4779.0,,,0.77199,,,161.1042737,,,908.6497573,,,CANDIDATE
10.8910909,9.78e-05,-9.78e-05,10.6208,0.702194,-0.702194,4350.0,7.60062,-7.60062,6619.0,499.3,-499.3,1.61,0.08,-0.08,177.179,,,1016.0,,,CANDIDATE
3.6590997,0.0009724,-0.0009724,14.6976,,,8630.0,10.288,-10.288,6624.0,123.0,-123.0,1.58,,,814.239,,,1488.0,,,CANDIDATE
3.572359,3.12e-05,-3.12e-05,3.43709,0.275018,-0.275018,1300.0,4.16208,-4.16208,5730.0,135.0,-135.0,0.92,0.05,-0.05,495.575,,,1314.0,,,CANDIDATE
2.0763072,3.4e-06,-3.4e-06,12.6426,0.703632,-0.703632,16220.0,5.73659,-5.73659,5805.0,134.4,-134.4,0.95,0.05,-0.05,243.693,,,1100.0,,,CANDIDATE
4.2971136,0.0002266,-0.0002266,14.1426,0.82402,-0.82402,26010.0,2.99713,-2.99713,5203.0,142.5,-142.5,0.85,0.05,-0.05,166.22,,,1000.0,,,CANDIDATE
7.151653,2.81e-05,-2.81e-05,22.4773,8.20837,-8.20837,11740.0,4179.37,-4179.37,5635.0,250.5,-250.5,1.14,0.06,-0.06,44.731,,,720.0,,,CANDIDATE
6.0879495,1.4e-05,-1.4e-05,12.8134,0.745785,-0.745785,26720.0,76.755,-76.755,3971.0,157.0,-157.0,0.66,0.02,-0.02,12.8029,,,526.0,,,CANDIDATE
6.9279673,3.31e-05,-3.31e-05,9.55039,0.639462,-0.639462,6830.0,14.9139,-14.9139,5950.0,201.3,-201.3,1.04,0.05,-0.05,70.231,,,806.0,,,CANDIDATE
1.5732848,1e-06,-1e-06,14.7247524,0.7702084,-0.7702084,16875.7909849,158.01283,-158.01283,5400.0,,,1.09539,0.0565955,-0.0565955,1563.6373659,,,1603.8131115,,,CONFIRMED
4.0681112,1.86e-05,-1.86e-05,9.75584,0.982277,-0.982277,2150.0,18.4566,-18.4566,7070.0,406.1,-406.1,1.78,0.09,-0.09,4517.28,,,2283.0,,,CANDIDATE
1.4553693,9e-07,-9e-07,13.4308,1.90665,-1.90665,9810.0,7.07973,-7.07973,6344.5,437.2,-437.2,1.25,0.17,-0.17,1295.38,,,1671.0,,,CANDIDATE
1.8911553,0.0002379,-0.0002379,21.7999,,,14530.0,4414.23,-4414.23,5711.0,123.0,-123.0,1.01,,,538.48,,,1342.0,,,CANDIDATE
5.3054422,1.55e-05,-1.55e-05,17.4742,,,18200.0,3.48618,-3.48618,6473.0,122.0,-122.0,1.27,,,510.647,,,1324.0,,,CANDIDATE
6.2356356,2.98e-05,-2.98e-05,9.02698,0.578445,-0.578445,2470.0,0.956138,-0.956138,5854.0,149.4,-149.4,1.76,0.11,-0.11,633.344,,,1397.0,,,CANDIDATE
2.8564778,5.02e-05,-5.02e-05,21.5886,,,5320.0,2362.01,-2362.01,5777.0,122.0,-122.0,1.65,,,8379.19,,,2665.0,,,CANDIDATE
9.3202467,9.15e-05,-9.15e-05,7.8768,0.526547,-0.526547,2200.0,3.2391,-3.2391,5916.0,160.0,-160.0,1.67,0.09,-0.09,250.474,,,1108.0,,,CONFIRMED
4.6498719,8.1e-06,-8.1e-06,16.6839,1.12486,-1.12486,8110.0,0.815987,-0.815987,9056.0,164.0,-164.0,1.78,0.12,-0.12,4756.94,,,2313.0,,,FALSE POSITIVE
2.5167257,2.3e-06,-2.3e-06,12.9083148,0.7504706,-0.7504706,16406.5457432,208.0753,-208.0753,5403.0,,,0.982638,0.0551458,-0.0551458,558.8280149,,,1240.0502722,,,CONFIRMED
2.4849639,0.0004804,-0.0004804,14.0194,0.976199,-0.976199,6830.0,5.35247,-5.35247,6252.0,105.3,-105.3,1.6,0.1,-0.1,1421.21,,,1710.0,,,CANDIDATE
4.1034672,3.38e-05,-3.38e-05,10.5038,0.652592,-0.652592,6920.0,9.76711,-9.76711,6753.0,133.6,-133.6,1.27,0.06,-0.06,689.785,,,1427.0,,,CANDIDATE
6.2185453,5.79e-05,-5.79e-05,19.4459,,,7840.0,29.0341,-29.0341,7968.0,123.0,-123.0,2.14,,,798.226,,,1480.0,,,CANDIDATE
4.8013522,4.2e-05,-4.2e-05,14.2355,1.32821,-1.32821,4690.0,7.72825,-7.72825,6399.9,149.9,-149.9,2.11,0.17,-0.17,1151.39,,,1622.0,,,CANDIDATE
4.413935,2.21e-05,-2.21e-05,13.3105,2.07289,-2.07289,10370.0,12.3169,-12.3169,5972.0,484.6,-484.6,1.28,0.19,-0.19,293.437,,,1153.0,,,CANDIDATE
7.5395871,4.5e-05,-4.5e-05,4.39334,0.315644,-0.315644,2920.0,3.94601,-3.94601,5223.0,135.1,-135.1,0.78,0.05,-0.05,55.2646,,,759.0,,,CANDIDATE
5.2192426,3.43e-05,-3.43e-05,3.8343,0.273951,-0.273951,1500.0,3.0884,-3.0884,5688.0,133.4,-133.4,0.99,0.05,-0.05,190.795,,,1035.0,,,CANDIDATE
4.1018859,1.44e-05,-1.44e-05,13.8992,,,10690.0,6.85043,-6.85043,6327.7,115.2,-115.2,1.31,,,759.181,,,1462.0,,,CANDIDATE
1.3832999,8.8e-06,-8.8e-06,16.4864,,,9020.0,1598.25,-1598.25,5786.0,122.0,-122.0,1.16,,,10840.4,,,2842.0,,,CANDIDATE
8.2617663,2.29e-05,-2.29e-05,2.3414536,0.9299485,-0.9299485,1418.3308985,74.53241,-74.53241,4105.0,171.0,-171.0,0.6194,0.0644472,-0.0644472,18.8227716,,,531.2398464,,,CANDIDATE
3.2141617,6.3e-06,-6.3e-06,11.8959,0.646356,-0.646356,3370.0,3.31717,-3.31717,7137.0,129.0,-129.0,1.72,0.08,-0.08,462.146,,,1291.0,,,CANDIDATE
5.0467874,6.9e-05,-6.9e-05,9.9097,,,7190.0,24.6873,-24.6873,6252.0,122.0,-122.0,1.08,,,995.585,,,1564.0,,,CANDIDATE
5.3970484,4.93e-05,-4.93e-05,11.7601,0.812642,-0.812642,2800.0,2.37396,-2.37396,5996.0,172.8,-172.8,2.24,0.14,-0.14,1200.61,,,1639.0,,,CANDIDATE
3.6307276,1.15e-05,-1.15e-05,14.0586,,,10550.0,8.05624,-8.05624,6350.0,122.0,-122.0,1.25,,,855.031,,,1506.0,,,CANDIDATE
22.7273078,9.59e-05,-9.59e-05,19.0824,3.93491,-3.93491,6510.0,311.635,-311.635,6243.0,126.4,-126.4,1.98,0.09,-0.09,34.998,,,677.0,,,CANDIDATE
8.0823172,4.08e-05,-4.08e-05,15.2282,6.66046,-6.66046,4360.0,3560.51,-3560.51,5351.5,313.9,-313.9,0.98,0.11,-0.11,59.7456,,,774.0,,,CANDIDATE
2.0804611,2.27e-05,-2.27e-05,11.5464,,,5260.0,8.23508,-8.23508,6434.0,122.0,-122.0,1.6,,,3648.06,,,2165.0,,,CANDIDATE
5.7627112,3.83e-05,-3.83e-05,15.7774,4.36427,-4.36427,9670.0,700.261,-700.261,6589.0,126.9,-126.9,1.48,0.07,-0.07,1176.49,,,1631.0,,,CANDIDATE
9.6578504,0.0001249,-0.0001249,9.98401,0.720278,-0.720278,2300.0,4.26169,-4.26169,5557.0,131.3,-131.3,2.09,0.11,-0.11,258.473,,,1117.0,,,CONFIRMED
3.0629783,2.6e-06,-2.6e-06,14.5105081,0.0067157,-0.0067157,4201.1811431,0.7275811,-0.7275811,7691.0,215.0,-215.0,2.05,0.07,-0.07,2303.34,,,1912.9129538,,,CANDIDATE
3.7863767,1.5e-05,-1.5e-05,9.94411,0.665626,-0.665626,2190.0,0.940273,-0.940273,6892.9,107.2,-107.2,2.16,0.14,-0.14,2897.86,,,2044.0,,,CANDIDATE
4.3591525,5.61e-05,-5.61e-05,3.61577,0.304788,-0.304788,1030.0,3.402,-3.402,5866.0,143.2,-143.2,1.2,0.06,-0.06,626.954,,,1394.0,,,CANDIDATE
5.8679992,3.54e-05,-3.54e-05,14.2889,0.823283,-0.823283,4550.0,3.04842,-3.04842,7054.0,205.5,-205.5,2.16,0.11,-0.11,1505.89,,,1735.0,,,CANDIDATE
1.6025971,0.000513,-0.000513,10.4975,,,13050.0,24.1074,-24.1074,5164.0,124.0,-124.0,0.95,,,905.776,,,1528.0,,,CANDIDATE
1.9326573,0.0001049,-0.0001049,10.5088307,0.817063,-0.817063,14051.9827876,348.69324,-348.69324,4909.0,124.0,-124.0,0.861743,0.0574598,-0.0574598,484.1155352,,,1196.3465579,,,CANDIDATE
2.7319222,2.11e-05,-2.11e-05,13.2415,,,3880.0,17.801,-17.801,5473.0,125.0,-125.0,2.08,,,2289.27,,,1927.0,,,CANDIDATE
7.2644599,3.3e-05,-3.3e-05,15.0763,0.720355,-0.720355,7988.0,303.598,-303.598,6617.0,136.1,-136.1,1.64,0.07,-0.07,468.187,,,1295.0,,,CANDIDATE
2.9444273,8e-07,-8e-07,12.7921539,0.8487273,-0.8487273,20291.3838652,140.54343,-140.54343,5150.0,,,0.88727,0.0584598,-0.0584598,317.4314288,,,1076.5451049,,,CONFIRMED
1.9491813,9.8e-06,-9.8e-06,15.8333,1.68889,-1.68889,11670.0,106.171,-106.171,6472.0,133.7,-133.7,1.36,0.06,-0.06,3650.34,,,2165.0,,,CANDIDATE
2.8894603,8.2e-06,-8.2e-06,13.0354,,,17030.0,14.274,-14.274,5604.0,122.0,-122.0,0.97,,,480.071,,,1304.0,,,CANDIDATE
1.7454828,0.0001046,-0.0001046,14.1453349,0.6684601,-0.6684601,6919.1303309,172.7944,-172.7944,6674.0,128.6,-128.6,1.4871401,0.0654448,-0.0654448,3879.8071248,,,2012.9003882,,,CANDIDATE
8.6000244,0.000193,-0.000193,4.55822,0.424835,-0.424835,1620.0,7.72661,-7.72661,5700.8,129.4,-129.4,1.14,0.06,-0.06,180.356,,,1020.0,,,CANDIDATE
2.4732088,6.1e-06,-6.1e-06,15.4982,0.982332,-0.982332,2740.0,9.42897,-9.42897,6643.0,145.6,-145.6,1.87,0.09,-0.09,1846.66,,,1826.0,,,CANDIDATE
10.4137997,4.65e-05,-4.65e-05,10.0431,0.519066,-0.519066,6720.0,3.44993,-3.44993,6079.0,128.0,-128.0,1.2,0.05,-0.05,118.725,,,919.0,,,CANDIDATE
2.9588764,1.08e-05,-1.08e-05,14.8585,,,12900.0,171.119,-171.119,6041.0,122.0,-122.0,1.13,,,1285.38,,,1668.0,,,CANDIDATE
3.8074213,2.23e-05,-2.23e-05,15.4202705,1.3066698,-1.3066698,8643.7888966,493.82547,-493.82547,5296.0,133.8,-133.8,1.56375,0.0917464,-0.0917464,805.2235864,,,1358.6227154,,,CANDIDATE
10.7490194,6.21e-05,-6.21e-05,11.4707,,,9240.0,20.4203,-20.4203,5424.0,122.0,-122.0,1.14,,,27.7925,,,639.0,,,CANDIDATE
2.921685,0.000125,-0.000125,19.091127,3.182325,-3.182325,17562.44572,227.46902,-227.46902,6332.0,196.0,-196.0,1.37266,0.22851,-0.22851,1458.3996927,,,1576.1185868,,,FALSE POSITIVE
4.6942884,2.03e-05,-2.03e-05,16.4932,1.16024,-1.16024,5310.0,14.0189,-14.0189,6400.0,132.9,-132.9,2.03,0.1,-0.1,948.685,,,1546.0,,,CANDIDATE
3.3583921,2.37e-05,-2.37e-05,8.84831,,,9170.0,18.5496,-18.5496,5177.0,124.0,-124.0,0.91,,,344.843,,,1200.0,,,CANDIDATE
6.4311106,3.47e-05,-3.47e-05,11.4436,0.805081,-0.805081,5930.0,11.384,-11.384,6741.0,126.6,-126.6,1.45,0.08,-0.08,202.251,,,1050.0,,,CANDIDATE
5.6984189,4.95e-05,-4.95e-05,10.8479,0.661949,-0.661949,4031.0,5.22457,-5.22457,7528.0,146.5,-146.5,1.74,0.08,-0.08,1406.27,,,1706.0,,,CANDIDATE
3.5037708,1.24e-05,-1.24e-05,13.0482,0.702736,-0.702736,6140.0,6.50349,-6.50349,6107.0,122.7,-122.7,1.42,0.06,-0.06,608.189,,,1383.0,,,CANDIDATE
4.3930669,6.2e-06,-6.2e-06,14.0261,0.669007,-0.669007,11110.0,2.88974,-2.88974,6328.0,131.9,-131.9,1.32,0.06,-0.06,275.326,,,1134.0,,,CANDIDATE
7.5002702,3.66e-05,-3.66e-05,11.2467,,,8750.0,9.66785,-9.66785,5644.0,122.0,-122.0,1.14,,,72.4941,,,812.0,,,CANDIDATE
2.7817379,1e-06,-1e-06,12.6841023,0.6069252,-0.6069252,12808.3940801,80.18528,-80.18528,5600.0,,,1.02095,0.0485654,-0.0485654,615.4708822,,,1270.3448387,,,CONFIRMED
4.2809767,0.0001609,-0.0001609,13.0113,0.672296,-0.672296,7520.0,2.402,-2.402,5964.0,130.5,-130.5,1.49,0.07,-0.07,445.261,,,1279.0,,,CONFIRMED
3.4658629,2.28e-05,-2.28e-05,15.0462,,,9580.0,11.4904,-11.4904,6688.0,122.0,-122.0,1.49,,,1145.52,,,1620.0,,,CANDIDATE
3.5658043,8.1e-06,-8.1e-06,13.7385,0.702907,-0.702907,10030.0,1.85403,-1.85403,6214.0,160.5,-160.5,1.4,0.07,-0.07,1115.66,,,1610.0,,,CANDIDATE
3.5775958,1.4e-05,-1.4e-05,15.3215,,,8730.0,6.25319,-6.25319,6355.0,122.0,-122.0,1.61,,,665.763,,,1415.0,,,CANDIDATE
2.9922495,8.5e-06,-8.5e-06,20.032,,,10895.0,17.5711,-17.5711,5932.0,122.0,-122.0,1.55,,,218.392,,,1070.0,,,CANDIDATE
5.5261155,1.92e-05,-1.92e-05,9.00518,0.799995,-0.799995,7330.0,30.8999,-30.8999,4824.0,122.8,-122.8,0.84,0.06,-0.06,65.4488,,,792.0,,,CANDIDATE
4.0234634,2.51e-05,-2.51e-05,12.891,,,7560.0,9.83588,-9.83588,6678.0,122.0,-122.0,1.45,,,832.08,,,1496.0,,,CANDIDATE
6.8659582,1.71e-05,-1.71e-05,2.8144915,0.841036,-0.841036,334.0145589,18.618645,-18.618645,6212.63,49.0057,-49.0057,1.5000401,0.0580779,-0.0580779,531.5209848,,,1224.6157859,,,CONFIRMED
4.3229915,1.76e-05,-1.76e-05,7.54314,0.759125,-0.759125,1980.0,18.4103,-18.4103,6121.0,44.2,-44.2,1.37,0.07,-0.07,50.2356,,,741.0,,,CANDIDATE
1.7131374,1.74e-05,-1.74e-05,6.86542,,,3850.0,8.27739,-8.27739,5843.0,122.0,-122.0,1.08,,,1919.49,,,1844.0,,,CANDIDATE
8.4516737,0.0001182,-0.0001182,8.2562,0.505184,-0.505184,2930.0,2.67327,-2.67327,5782.9,119.2,-119.2,1.48,0.08,-0.08,168.924,,,1004.0,,,CANDIDATE
5.0648401,2.64e-05,-2.64e-05,8.28506,0.55227,-0.55227,915.0,77.5832,-77.5832,6675.0,146.8,-146.8,2.62,0.12,-0.12,873.95,,,1514.0,,,CANDIDATE
8.9981735,8.25e-05,-8.25e-05,9.52189,,,6480.0,9.74735,-9.74735,5444.0,122.0,-122.0,1.22,,,155.205,,,983.0,,,CANDIDATE
8.4476983,8.1e-05,-8.1e-05,4.97976,0.321895,-0.321895,2000.0,2.87847,-2.87847,5902.0,129.4,-129.4,1.13,0.06,-0.06,189.537,,,1033.0,,,CANDIDATE
17.6868627,8.2e-05,-8.2e-05,8.80381,0.940455,-0.940455,10310.0,51.5995,-51.5995,4496.0,127.0,-127.0,0.77,0.06,-0.06,2.06218,,,333.0,,,CANDIDATE
1.4700596,1e-05,-1e-05,16.1051,,,4760.0,14.9262,-14.9262,6308.0,122.0,-122.0,2.12,,,2605.29,,,1990.0,,,FALSE POSITIVE
4.4722598,0.0012048,-0.0012048,9.0734924,1.1975516,-1.1975516,3606.5417294,281.09317,-281.09317,6211.0,118.4,-118.4,1.4818799,0.0672739,-0.0672739,917.7199576,,,1403.7743209,,,CANDIDATE
10.3311664,1.11e-05,-1.11e-05,11.9428,0.601647,-0.601647,4577.0,78.9664,-78.9664,5760.0,189.0,-189.0,1.73,0.09,-0.09,253.126,,,1111.0,,,CONFIRMED
2.4162514,1.21e-05,-1.21e-05,14.6399,0.832893,-0.832893,2970.0,4.05264,-4.05264,6688.0,163.8,-163.8,2.1,0.1,-0.1,2303.62,,,1930.0,,,CANDIDATE
0.9828259,0.0001609,-0.0001609,21.8486399,31.872602,-31.872602,1732.3324754,183.695,-183.695,4959.0,122.0,-122.0,5.2980399,,,4395.3736341,,,2076.6757868,,,CANDIDATE
3.3138453,3.97e-05,-3.97e-05,8.15594,0.605736,-0.605736,3550.0,9.70006,-9.70006,6153.0,130.1,-130.1,1.36,0.06,-0.06,1568.27,,,1753.0,,,CANDIDATE
5.545745,1.35e-05,-1.35e-05,15.8197,,,20790.0,17.3765,-17.3765,5706.0,122.0,-122.0,1.05,,,118.195,,,918.0,,,CANDIDATE
8.9727235,7.61e-05,-7.61e-05,13.0195,,,10960.0,42.9516,-42.9516,5605.0,122.0,-122.0,1.21,,,134.631,,,948.0,,,CANDIDATE
11.2473628,5.27e-05,-5.27e-05,15.7487,,,10340.0,6.49411,-6.49411,6141.0,122.0,-122.0,1.53,,,119.042,,,920.0,,,CANDIDATE
3.190373,0.0012317,-0.0012317,12.0669,0.719336,-0.719336,42550.0,74.2181,-74.2181,3722.0,157.0,-157.0,0.6,0.02,-0.02,75.4043,,,820.0,,,FALSE POSITIVE
2.6006996,0.0002627,-0.0002627,8.8613965,1.0031646,-1.0031646,5706.9248795,325.15314,-325.15314,6673.0,122.0,-122.0,1.1433901,,,1346.9101325,,,1545.0922159,,,CANDIDATE
1.5889429,4.83e-05,-4.83e-05,14.0293,,,22530.0,566.181,-566.181,5150.0,122.0,-122.0,0.8,,,399.352,,,1245.0,,,CANDIDATE
10.8717,0.00594,-0.00594,9.098964,23.361732,-23.361732,14603.37238,1752.6406,-1752.6406,3692.0,65.0,-65.0,0.488,0.074,-0.074,4.5869403,,,373.250606,,,FALSE POSITIVE
27.1358856,0.0001523,-0.0001523,10.9270095,0.9921588,-0.9921588,6405.8040691,305.98602,-305.98602,6315.0,134.7,-134.7,1.33332,0.0646733,-0.0646733,70.1883225,,,738.2202692,,,CANDIDATE
5.469359,3.17e-05,-3.17e-05,12.6725,0.760956,-0.760956,5940.0,11.0435,-11.0435,7182.0,135.7,-135.7,1.61,0.06,-0.06,278.238,,,1137.0,,,CANDIDATE
4.4712213,3.82e-05,-3.82e-05,15.8899,4.0576,-4.0576,5140.0,458.807,-458.807,7586.0,145.7,-145.7,1.71,0.06,-0.06,5650.08,,,2415.0,,,CANDIDATE
3.7260939,0.0001756,-0.0001756,13.5887921,0.7482983,-0.7482983,18231.0352508,249.43272,-249.43272,5736.0,124.9,-124.9,0.9975,0.0526256,-0.0526256,428.5861553,,,1160.4576185,,,CANDIDATE
5.124162,2.51e-05,-2.51e-05,13.6708,0.827621,-0.827621,6630.0,4.7832,-4.7832,5750.0,125.2,-125.2,1.65,0.09,-0.09,581.326,,,1367.0,,,CANDIDATE
5.9730504,3.38e-05,-3.38e-05,13.7408,0.765335,-0.765335,8220.0,7.91951,-7.91951,6137.0,125.8,-125.8,1.41,0.06,-0.06,421.342,,,1262.0,,,CANDIDATE
736.5601487,0.0041739,-0.0041739,13.9475,,,3600.0,9.66992,-9.66992,5895.4,,,1.31,,,0.0558395,,,,,,FALSE POSITIVE
19.0286016,0.000185,-0.000185,8.13514,,,8910.0,15.4246,-15.4246,4733.0,122.0,-122.0,0.81,,,13.7261,,,536.0,,,CANDIDATE
0.9855374,3.8e-06,-3.8e-06,10.8393,,,3290.0,7.43254,-7.43254,6198.4,88.5,-88.5,1.76,,,1493.99,,,1732.0,,,FALSE POSITIVE
4.3780807,2.2e-06,-2.2e-06,15.1767346,0.8269774,-0.8269774,7074.3931388,33.208263,-33.208263,5570.0,,,1.79224,0.0968467,-0.0968467,1103.2707506,,,1469.9084134,,,CONFIRMED
2.6375869,2.46e-05,-2.46e-05,16.5853,1.24478,-1.24478,3610.0,6.15691,-6.15691,6196.0,106.3,-106.3,2.9,0.17,-0.17,2389.95,,,1947.0,,,CANDIDATE
2.7805098,0.0009159,-0.0009159,8.80341,0.654227,-0.654227,15800.0,64.3181,-64.3181,3949.0,157.0,-157.0,0.68,0.02,-0.02,48.6261,,,735.0,,,CANDIDATE
3.6520005,1.12e-05,-1.12e-05,12.1216,0.96246,-0.96246,4590.0,1.98768,-1.98768,7194.0,127.5,-127.5,1.69,0.13,-0.13,1753.41,,,1802.0,,,CANDIDATE
3.118166,2.35e-05,-2.35e-05,8.60632,,,5150.0,12.0907,-12.0907,5218.8,42.2,-42.2,1.15,,,273.914,,,1133.0,,,CANDIDATE
5.1953991,4.86e-05,-4.86e-05,13.6454,,,4920.0,11.0608,-11.0608,6047.0,122.0,-122.0,1.82,,,343.068,,,1198.0,,,CANDIDATE
5.1035091,0.0006742,-0.0006742,13.7067,9.67955,-9.67955,3718.4722724,199.67812,-199.67812,8086.0,221.0,-221.0,2.07,1.46,-1.46,296.8457469,,,1058.6501351,,,CANDIDATE
4.4644761,1.36e-05,-1.36e-05,8.09695,,,1690.0,3.38183,-3.38183,7013.0,,,1.7,,,136.451,,,,,,CANDIDATE
0.760019,9.6e-06,-9.6e-06,7.2902589,5.471068,-5.471068,1865.5886518,137.7442,-137.7442,5690.2,141.2,-141.2,1.65999,0.100274,-0.100274,9667.9228084,,,2529.0245379,,,FALSE POSITIVE
4.728681,9.4e-06,-9.4e-06,8.96336,0.808714,-0.808714,9990.0,3.20954,-3.20954,4425.0,90.0,-90.0,0.9,0.08,-0.08,222.388,,,1075.0,,,FALSE POSITIVE
2.3992876,2.56e-05,-2.56e-05,4.05839,0.310778,-0.310778,1180.0,3.98393,-3.98393,6536.0,130.2,-130.2,1.15,0.05,-0.05,1543.44,,,1746.0,,,FALSE POSITIVE
9.6284672,2.66e-05,-2.66e-05,11.9294,0.805713,-0.805713,17990.0,6.79878,-6.79878,5388.3,115.4,-115.4,0.88,0.06,-0.06,66.4905,,,795.0,,,CANDIDATE
5.3374045,3.14e-05,-3.14e-05,16.5532,,,2780.0,9.39018,-9.39018,5064.7,96.5,-96.5,3.01,,,104.023,,,889.0,,,CANDIDATE
8.3548746,6.38e-05,-6.38e-05,10.7025,0.665824,-0.665824,4160.0,5.59354,-5.59354,6643.0,134.6,-134.6,1.63,0.08,-0.08,205.555,,,1054.0,,,CANDIDATE
4.5425274,3.24e-05,-3.24e-05,11.925,0.721488,-0.721488,8670.0,15.4135,-15.4135,7333.0,139.0,-139.0,1.28,0.05,-0.05,818.029,,,1489.0,,,CANDIDATE
4.21909,0.0014657,-0.0014657,12.0136223,1.5508232,-1.5508232,3393.7752478,208.31734,-208.31734,5367.0,126.9,-126.9,2.02385,0.136583,-0.136583,1222.564355,,,1508.1261899,,,CANDIDATE
1.0638184,7.1e-06,-7.1e-06,4.08617,,,3220.0,4.79803,-4.79803,4963.0,122.0,-122.0,0.73,,,4267.44,,,2251.0,,,FALSE POSITIVE
3.7235407,0.0004931,-0.0004931,18.0478848,14.271755,-14.271755,8088.7861019,1072.0703,-1072.0703,7492.0,122.0,-122.0,1.54879,,,2131.4870511,,,1732.9675246,,,CANDIDATE
3.0617364,1.97e-05,-1.97e-05,8.08218,0.549472,-0.549472,6620.0,15.85,-15.85,6783.0,131.6,-131.6,0.98,0.04,-0.04,583.235,,,1369.0,,,FALSE POSITIVE
1.2667147,2.6e-06,-2.6e-06,8.31491,0.803332,-0.803332,1870.0,12.3444,-12.3444,6084.0,193.0,-193.0,1.87,0.08,-0.08,3265.32,,,2105.0,,,FALSE POSITIVE
7.6778159,0.0012407,-0.0012407,17.73,6.88543,-6.88543,6370.0,2713.25,-2713.25,5938.0,126.9,-126.9,1.19,0.06,-0.06,680.523,,,1422.0,,,CANDIDATE
21.6091483,0.0004237,-0.0004237,2.134,0.170092,-0.170092,320.0,1.19731,-1.19731,5967.0,133.0,-133.0,1.15,0.05,-0.05,103.508,,,888.0,,,CANDIDATE
7.2307407,1.45e-05,-1.45e-05,13.364,0.498144,-0.498144,7940.0,1.93488,-1.93488,7747.0,135.2,-135.2,1.43,0.05,-0.05,1009.89,,,1570.0,,,CANDIDATE
7.2333744,3.61e-05,-3.61e-05,9.46193,,,10550.0,41.7278,-41.7278,5508.0,122.0,-122.0,0.89,,,14.6012,,,544.0,,,CANDIDATE
3.9230475,3.06e-05,-3.06e-05,9.13123,,,4600.0,13.353,-13.353,5620.0,122.0,-122.0,1.28,,,336.151,,,1192.0,,,CANDIDATE
7.5872202,5.2e-05,-5.2e-05,16.4426,1.36529,-1.36529,4260.0,19.2696,-19.2696,6419.0,131.5,-131.5,2.21,0.11,-0.11,76.4611,,,823.0,,,CANDIDATE
14.4896397,0.003506,-0.003506,7.558,0.446523,-0.446523,40070.0,94.9383,-94.9383,3376.0,157.0,-157.0,0.35,0.01,-0.01,1.21746,,,292.0,,,FALSE POSITIVE
1.8881146,6.1e-06,-6.1e-06,13.7957,,,9030.0,6.73859,-6.73859,6309.0,122.0,-122.0,1.42,,,2630.38,,,1995.0,,,CANDIDATE
1.7509117,5.1e-06,-5.1e-06,16.6835695,12.343045,-12.343045,70067.1013669,1786.6484,-1786.6484,3333.0,157.0,-157.0,0.443812,0.0137555,-0.0137555,46.5314175,,,666.1259003,,,FALSE POSITIVE
7.1878971,3.5e-05,-3.5e-05,18.372,,,11430.0,4640.65,-4640.65,5144.9,71.0,-71.0,0.97,,,287.355,,,1147.0,,,CANDIDATE
1.7447031,3e-06,-3e-06,0.591815,0.0344566,-0.0344566,160.0,15.8749,-15.8749,3445.0,87.0,-87.0,0.43,0.01,-0.01,107.262,,,896.0,,,CONFIRMED
1.5229985,7.04e-05,-7.04e-05,8.99483,0.485033,-0.485033,58060.0,104.313,-104.313,3237.0,157.0,-157.0,0.35,0.01,-0.01,37.1159,,,687.0,,,CONFIRMED
3.4321678,3.6e-05,-3.6e-05,9.36413,0.707453,-0.707453,1950.0,3.35698,-3.35698,6176.0,134.0,-134.0,2.22,0.13,-0.13,2393.6,,,1948.0,,,CANDIDATE
12.4856615,0.0028788,-0.0028788,12.2535,0.848755,-0.848755,67270.0,234.202,-234.202,3473.0,157.0,-157.0,0.45,0.01,-0.01,3.28873,,,375.0,,,CANDIDATE
5.2410982,2.23e-05,-2.23e-05,9.54095,,,5660.0,22.9389,-22.9389,6119.0,123.0,-123.0,1.12,,,53.3051,,,752.0,,,CANDIDATE
4.1059615,3.32e-05,-3.32e-05,9.32533,,,5250.0,8.37075,-8.37075,6524.0,122.0,-122.0,1.32,,,1015.01,,,1572.0,,,CANDIDATE
2.835273,2.1e-05,-2.1e-05,11.2429,0.656232,-0.656232,3370.0,5.28099,-5.28099,6996.0,138.5,-138.5,1.83,0.08,-0.08,5246.76,,,2371.0,,,CANDIDATE
3.5164369,2.46e-05,-2.46e-05,22.1885,1.74868,-1.74868,6640.0,15.2363,-15.2363,4395.0,134.8,-134.8,2.57,0.16,-0.16,227.514,,,1081.0,,,CANDIDATE
24.3321784,9.62e-05,-9.62e-05,2.727569,2.738268,-2.738268,520.0,24.6481,-24.6481,5450.0,185.0,-185.0,1.0083,1.0083,-1.0083,32.6779,,,666.0,,,CANDIDATE
1.8119168,1.64e-05,-1.64e-05,8.20112,,,5510.0,20.11,-20.11,6146.0,122.0,-122.0,0.96,,,2335.94,,,1936.0,,,CANDIDATE
1.7687528,7.7e-06,-7.7e-06,19.8865,8.20769,-8.20769,4140.0,2232.75,-2232.75,6176.0,134.5,-134.5,1.56,0.09,-0.09,3371.36,,,2122.0,,,CANDIDATE
1.7125104,2.38e-05,-2.38e-05,9.77984,0.779756,-0.779756,1810.0,4.61637,-4.61637,7938.0,146.0,-146.0,2.52,0.13,-0.13,12427.4,,,2941.0,,,CANDIDATE
2.2866856,2.3e-05,-2.3e-05,14.738,,,3720.0,8.30687,-8.30687,8277.0,122.0,-122.0,2.41,,,5350.8,,,2382.0,,,CANDIDATE
9.7929019,8.2e-05,-8.2e-05,10.6608,0.718737,-0.718737,6100.0,11.8526,-11.8526,6322.0,138.7,-138.7,1.33,0.06,-0.06,127.221,,,935.0,,,CANDIDATE
5.2220526,1.7e-05,-1.7e-05,12.0807,0.581877,-0.581877,4850.0,1.37701,-1.37701,6718.0,134.4,-134.4,1.67,0.07,-0.07,896.671,,,1524.0,,,CANDIDATE
4.728422,2.18e-05,-2.18e-05,13.0542,,,10770.0,32.9681,-32.9681,5655.8,90.5,-90.5,1.18,,,59.5611,,,773.0,,,CANDIDATE
5.3763108,4.54e-05,-4.54e-05,9.71605,,,4040.0,9.8604,-9.8604,6543.0,122.0,-122.0,1.53,,,242.224,,,1099.0,,,CANDIDATE
1.1979996,6.3e-06,-6.3e-06,1.2107339,1.1058786,-1.1058786,1150.3177297,93.331795,-93.331795,3332.0,63.0,-63.0,0.354529,0.0107089,-0.0107089,58.2602237,,,704.6326883,,,CONFIRMED
3.4717583,0.0009423,-0.0009423,15.0586,0.858916,-0.858916,11480.0,9.97107,-9.97107,6549.0,133.8,-133.8,1.43,0.07,-0.07,1172.33,,,1630.0,,,CANDIDATE
4.4158835,4.47e-05,-4.47e-05,11.2662,,,3250.0,6.09072,-6.09072,5306.0,122.0,-122.0,2.03,,,647.404,,,1405.0,,,CANDIDATE
4.4360402,1.88e-05,-1.88e-05,11.7883,0.65443,-0.65443,7040.0,6.4873,-6.4873,6633.0,132.4,-132.4,1.39,0.06,-0.06,410.649,,,1254.0,,,CANDIDATE
4.4967355,3.01e-05,-3.01e-05,10.7052,0.641647,-0.641647,6290.0,6.11283,-6.11283,6534.0,135.4,-135.4,1.53,0.07,-0.07,1127.24,,,1614.0,,,CANDIDATE
3.251249,8.9e-06,-8.9e-06,19.6899,1.12885,-1.12885,12040.0,16.1091,-16.1091,6951.0,136.5,-136.5,1.66,0.07,-0.07,706.995,,,1436.0,,,FALSE POSITIVE
5.1873583,6e-05,-6e-05,12.2426,0.729194,-0.729194,3850.0,7.70398,-7.70398,7868.0,146.4,-146.4,1.96,0.07,-0.07,2667.28,,,2002.0,,,CANDIDATE
9.4185437,0.0001015,-0.0001015,8.08768,0.504643,-0.504643,2670.0,3.70336,-3.70336,6243.0,127.9,-127.9,1.58,0.07,-0.07,223.026,,,1076.0,,,CANDIDATE
3.6466612,4e-06,-4e-06,13.2844134,0.6727048,-0.6727048,8994.5736642,117.6988,-117.6988,6096.0,,,1.35672,0.0661156,-0.0661156,999.6687505,,,1434.1143407,,,CONFIRMED
3.0471275,7.4e-05,-7.4e-05,15.718004,0.729737,-0.729737,8595.2872607,117.63547,-117.63547,6823.0,131.9,-131.9,1.60466,0.0722186,-0.0722186,2283.1479477,,,1763.0038602,,,CANDIDATE
4.516649,3.44e-05,-3.44e-05,11.1801,,,6110.0,8.54266,-8.54266,5850.0,122.0,-122.0,1.4,,,509.073,,,1323.0,,,CANDIDATE
3.5611222,4.79e-05,-4.79e-05,12.6024,1.19618,-1.19618,5240.0,23.0888,-23.0888,5260.0,156.1,-156.1,1.76,0.1,-0.1,340.982,,,1197.0,,,CANDIDATE
8.9641788,9.37e-05,-9.37e-05,11.2056,0.885082,-0.885082,3510.0,14.4031,-14.4031,6956.0,140.1,-140.1,1.77,0.08,-0.08,56.781,,,764.0,,,CANDIDATE
5.1609259,5.42e-05,-5.42e-05,10.5964,0.679803,-0.679803,4600.0,8.03029,-8.03029,7102.0,132.1,-132.1,1.6,0.07,-0.07,1325.48,,,1680.0,,,CANDIDATE
4.3066915,2e-05,-2e-05,11.6239,,,7630.0,11.0564,-11.0564,6618.0,122.0,-122.0,1.23,,,313.657,,,1172.0,,,CANDIDATE
2.7652293,1.03e-05,-1.03e-05,3.48557,0.201627,-0.201627,2390.0,6.07417,-6.07417,3830.0,157.0,-157.0,0.64,0.02,-0.02,33.0144,,,667.0,,,CANDIDATE
2.3908076,3.57e-05,-3.57e-05,14.4175,0.92373,-0.92373,6010.0,12.2105,-12.2105,7228.0,135.3,-135.3,1.77,0.08,-0.08,3793.38,,,2186.0,,,CANDIDATE
2.8106013,5e-07,-5e-07,15.9952263,0.8162721,-0.8162721,10912.6752583,57.422012,-57.422012,6304.0,,,1.34004,0.0682036,-0.0682036,1467.9572554,,,1578.6945221,,,CONFIRMED
7.6650157,6.71e-05,-6.71e-05,14.8051,,,7190.0,5.18622,-5.18622,6085.0,125.0,-125.0,1.68,,,516.192,,,1327.0,,,CANDIDATE
16.0462248,9.59e-05,-9.59e-05,10.789,0.742008,-0.742008,7300.0,9.36506,-9.36506,5295.9,118.0,-118.0,1.23,0.07,-0.07,14.0395,,,539.0,,,CANDIDATE
4.1934945,3.46e-05,-3.46e-05,9.49438,0.749546,-0.749546,2710.0,9.1303,-9.1303,5541.0,131.8,-131.8,1.63,0.09,-0.09,137.464,,,953.0,,,FALSE POSITIVE
4.9142901,3.26e-05,-3.26e-05,12.5243,0.634002,-0.634002,5270.0,4.79532,-4.79532,8065.0,150.5,-150.5,1.7,0.07,-0.07,2462.94,,,1962.0,,,CANDIDATE
2.4118274,5.8e-06,-5.8e-06,19.2999,1.21375,-1.21375,9250.0,7.93282,-7.93282,8765.0,166.3,-166.3,1.92,0.11,-0.11,2090.41,,,1883.0,,,CANDIDATE
11.1378464,0.0001028,-0.0001028,13.1836,1.26643,-1.26643,5350.0,39.3149,-39.3149,5809.0,151.3,-151.3,1.56,0.08,-0.08,18.3455,,,576.0,,,CANDIDATE
11.9768241,0.0015116,-0.0015116,8.81618,,,6760.0,19.3197,-19.3197,6059.0,122.0,-122.0,1.09,,,84.7541,,,845.0,,,CANDIDATE
19.7112002,0.0004001,-0.0004001,9.99929,,,4150.0,13.6536,-13.6536,6636.0,122.0,-122.0,1.59,,,104.142,,,889.0,,,CANDIDATE
11.6484665,2.8e-05,-2.8e-05,16.0778778,0.3984485,-0.3984485,6183.9678461,163.49173,-163.49173,6496.0,348.6,-348.6,1.99518,,,243.8397642,,,1007.8499578,,,CANDIDATE
3.3326812,8e-07,-8e-07,14.4797,0.641244,-0.641244,17008.0,69.0431,-69.0431,5645.0,,,1.11,0.05,-0.05,521.877,,,1331.0,,,CONFIRMED
5.506691,0.0005956,-0.0005956,14.6366494,1.1643915,-1.1643915,16086.399083,1571.3674,-1571.3674,5277.0,123.0,-123.0,1.01161,,,204.5601687,,,964.5506052,,,CANDIDATE
4.4573401,2.83e-05,-2.83e-05,13.5074,0.694807,-0.694807,7447.0,7.72768,-7.72768,7514.0,141.4,-141.4,1.54,0.06,-0.06,1527.79,,,1741.0,,,CANDIDATE
7.4105517,4.43e-05,-4.43e-05,18.0468,,,10640.0,4820.94,-4820.94,5546.0,122.0,-122.0,0.89,,,111.176,,,904.0,,,CANDIDATE
6.5430693,4.61e-05,-4.61e-05,4.75554,0.440526,-0.440526,3820.0,9.67559,-9.67559,4689.0,127.0,-127.0,0.76,0.06,-0.06,53.4345,,,753.0,,,CANDIDATE
10.5988743,0.0013519,-0.0013519,12.6054,0.772646,-0.772646,12920.0,12.0092,-12.0092,5809.9,123.1,-123.1,1.04,0.05,-0.05,18.1082,,,574.0,,,CONFIRMED
4.1197036,0.0007363,-0.0007363,9.06392,0.541736,-0.541736,2690.0,2.75282,-2.75282,5848.8,105.9,-105.9,1.79,0.09,-0.09,1047.58,,,1584.0,,,CONFIRMED
4.7738904,0.0011662,-0.0011662,13.3725,0.790627,-0.790627,9170.0,12.0249,-12.0249,6681.0,129.3,-129.3,1.35,0.06,-0.06,597.141,,,1377.0,,,CANDIDATE
6.5329169,6.66e-05,-6.66e-05,7.59526,0.514563,-0.514563,2860.0,4.23795,-4.23795,5698.0,129.5,-129.5,1.39,0.07,-0.07,221.525,,,1074.0,,,CANDIDATE
3.6470909,1.58e-05,-1.58e-05,16.5056,1.00102,-1.00102,9420.0,11.2326,-11.2326,6050.0,131.3,-131.3,1.58,0.08,-0.08,369.697,,,1221.0,,,CANDIDATE
3.1220166,1e-06,-1e-06,14.3229397,0.8957076,-0.8957076,6304.9170255,40.38993,-40.38993,6280.0,,,1.72958,0.107337,-0.107337,2108.4361588,,,1728.2631239,,,CONFIRMED
2.5245706,5.24e-05,-5.24e-05,13.3195,0.955661,-0.955661,4820.0,15.5928,-15.5928,6687.0,134.5,-134.5,1.66,0.08,-0.08,3197.52,,,2094.0,,,CANDIDATE
3.4975869,0.0005047,-0.0005047,13.5654,,,4500.0,112.115,-112.115,6987.0,,,1.69,,,1161.69,,,,,,CANDIDATE
12.9175271,3.04e-05,-3.04e-05,9.95556,0.556566,-0.556566,4615.0,1.08074,-1.08074,5501.0,126.9,-126.9,1.34,0.07,-0.07,69.9889,,,805.0,,,CANDIDATE
3.9511085,2.83e-05,-2.83e-05,15.9780798,0.9565634,-0.9565634,13125.9567011,651.57587,-651.57587,5933.0,122.0,-122.0,1.37614,,,833.9339122,,,1370.5745345,,,CANDIDATE
6.809144,4.52e-05,-4.52e-05,10.1542,0.5783,-0.5783,1990.0,1.36967,-1.36967,6464.0,135.3,-135.3,2.2,0.11,-0.11,1033.51,,,1579.0,,,CANDIDATE
0.8166936,1.2e-05,-1.2e-05,10.8868,,,2890.0,7.72176,-7.72176,5951.0,122.0,-122.0,1.97,,,2102.63,,,1886.0,,,CANDIDATE
2.7792649,1.92e-05,-1.92e-05,12.48,0.645411,-0.645411,3610.0,3.27738,-3.27738,7544.0,136.9,-136.9,2.08,0.08,-0.08,4287.92,,,2254.0,,,CANDIDATE
2.5547255,2.6e-05,-2.6e-05,13.5829,5.10741,-5.10741,5580.0,2159.01,-2159.01,4956.0,143.0,-143.0,0.99,0.06,-0.06,2108.75,,,1887.0,,,CANDIDATE
5.944441,6.2e-06,-6.2e-06,4.4955906,0.6550268,-0.6550268,2791.4272138,100.76798,-100.76798,4383.0,174.0,-174.0,0.811865,0.0660754,-0.0660754,56.0528481,,,697.8613892,,,CANDIDATE
6.7789159,5.41e-05,-5.41e-05,5.88108,0.658657,-0.658657,2640.0,3.38988,-3.38988,5804.0,131.3,-131.3,1.16,0.12,-0.12,310.079,,,1169.0,,,CANDIDATE
3.9417247,4.92e-05,-4.92e-05,11.7599,1.09582,-1.09582,2770.0,7.52476,-7.52476,4900.9,75.0,-75.0,2.3,0.17,-0.17,1541.06,,,1745.0,,,CANDIDATE
2.8013515,3.86e-05,-3.86e-05,12.9252,3.31566,-3.31566,4590.0,317.191,-317.191,7518.0,142.8,-142.8,1.67,0.07,-0.07,28108.4,,,3607.0,,,FALSE POSITIVE
17.4219809,0.0011623,-0.0011623,16.1019557,0.3217115,-0.3217115,11750.8364848,308.81387,-308.81387,6282.0,,,1.36695,,,99.2524992,,,805.0171124,,,CANDIDATE
4.7750178,2.05e-05,-2.05e-05,15.088,,,9470.0,5.42584,-5.42584,7121.0,122.0,-122.0,1.53,,,917.418,,,1533.0,,,CANDIDATE
5.0414219,0.0001197,-0.0001197,11.6667,1.11788,-1.11788,2340.0,5.81094,-5.81094,5838.0,129.4,-129.4,2.5,0.19,-0.19,1527.97,,,1741.0,,,CANDIDATE
2.913692,1.77e-05,-1.77e-05,13.5499,0.870113,-0.870113,20130.0,31.9336,-31.9336,5816.0,128.5,-128.5,0.97,0.04,-0.04,586.602,,,1371.0,,,CANDIDATE
9.1717558,0.0052118,-0.0052118,7.49243,0.439102,-0.439102,5240.0,7.64188,-7.64188,7513.5,145.4,-145.4,1.08,0.04,-0.04,328.919,,,1186.0,,,CANDIDATE
1.7018818,4.1e-06,-4.1e-06,1.96356,0.149804,-0.149804,570.0,44.1664,-44.1664,4985.0,114.0,-114.0,0.8,0.05,-0.05,400.827,,,1246.0,,,CANDIDATE
25.8663869,0.0010751,-0.0010751,6.7555369,0.5596232,-0.5596232,2612.8827406,160.43483,-160.43483,5418.7,157.9,-157.9,1.17513,0.0628417,-0.0628417,40.4612445,,,643.2496503,,,CANDIDATE
3.5569996,1.06e-05,-1.06e-05,10.8822,,,18990.0,13.3897,-13.3897,4440.0,122.0,-122.0,0.78,,,68.3964,,,801.0,,,CANDIDATE
7.9248476,0.0001038,-0.0001038,7.01304,0.508034,-0.508034,3330.0,7.5777,-7.5777,6274.0,127.3,-127.3,1.22,0.06,-0.06,283.041,,,1142.0,,,CANDIDATE
8.0176705,4.98e-05,-4.98e-05,8.9733,0.782114,-0.782114,12290.0,15.0331,-15.0331,4353.0,173.3,-173.3,0.78,0.06,-0.06,26.1122,,,629.0,,,CANDIDATE
4.075051,1.39e-05,-1.39e-05,9.4389,,,9210.0,29.0583,-29.0583,5674.0,123.0,-123.0,0.87,,,77.2131,,,825.0,,,CANDIDATE
1.6500255,6.2e-06,-6.2e-06,18.0511,,,14270.0,1157.95,-1157.95,6449.0,122.0,-122.0,1.15,,,9993.06,,,2785.0,,,CANDIDATE
1.819376,2.88e-05,-2.88e-05,11.1303,1.56849,-1.56849,5240.0,81.078,-81.078,7567.0,142.9,-142.9,1.53,0.06,-0.06,12022.3,,,2917.0,,,FALSE POSITIVE
4.1400273,2.2e-05,-2.2e-05,12.7772,0.68478,-0.68478,4520.0,2.30323,-2.30323,6639.0,130.3,-130.3,1.85,0.09,-0.09,1271.14,,,1663.0,,,CANDIDATE
0.4722347,2e-06,-2e-06,7.34189,,,3610.0,13.4332,-13.4332,5827.0,122.0,-122.0,1.1,,,4192.02,,,2241.0,,,CANDIDATE
1.7819156,8.7e-06,-8.7e-06,17.5347,1.02881,-1.02881,12020.0,12.6778,-12.6778,6955.0,140.2,-140.2,1.58,0.07,-0.07,3451.71,,,2135.0,,,CANDIDATE
1.2749246,3e-07,-3e-07,22.0328,0.876995,-0.876995,18699.0,86.8734,-86.8734,6459.0,,,1.52,0.06,-0.06,6216.41,,,2473.0,,,CONFIRMED
3.9358604,2.11e-05,-2.11e-05,12.0264,0.781008,-0.781008,4510.0,3.05384,-3.05384,6975.0,128.3,-128.3,1.8,0.1,-0.1,2417.15,,,1953.0,,,CANDIDATE
4.1042587,2.3e-05,-2.3e-05,10.2079,0.584086,-0.584086,2790.0,1.95061,-1.95061,5823.0,125.1,-125.1,1.92,0.09,-0.09,1000.26,,,1566.0,,,CANDIDATE
0.6534841,3.6e-06,-3.6e-06,6.94706,0.564555,-0.564555,1970.0,8.80672,-8.80672,7540.0,135.8,-135.8,1.53,0.06,-0.06,5084.28,,,2352.0,,,CANDIDATE
2.9590176,1.83e-05,-1.83e-05,15.6559,,,12520.0,16.1458,-16.1458,6808.0,122.0,-122.0,1.4,,,1209.71,,,1643.0,,,CANDIDATE
6.6819653,4.13e-05,-4.13e-05,14.6987,0.627655,-0.627655,9100.0,6.87651,-6.87651,10126.0,295.4,-295.4,1.51,0.05,-0.05,2766.53,,,2020.0,,,CANDIDATE
3.1409607,3.88e-05,-3.88e-05,9.6232,,,10670.0,139.134,-139.134,4924.0,122.0,-122.0,0.83,,,77.0719,,,825.0,,,CANDIDATE
5.1087099,0.0009549,-0.0009549,12.7621,,,16220.0,110.808,-110.808,5770.0,122.0,-122.0,0.93,,,28.5078,,,643.0,,,CANDIDATE
4.6622996,2e-05,-2e-05,15.6435,1.06039,-1.06039,3810.0,2.50108,-2.50108,6870.0,133.9,-133.9,2.48,0.15,-0.15,778.408,,,1471.0,,,CANDIDATE
748.8277169,0.0057585,-0.0057585,21.1132,8.14178,-8.14178,2167.0,1209.02,-1209.02,6713.0,137.6,-137.6,2.11,0.1,-0.1,0.530165,,,237.0,,,CANDIDATE
4.6011828,5.1e-05,-5.1e-05,13.7898,,,11320.0,21.1075,-21.1075,6183.0,122.0,-122.0,1.4,,,545.801,,,1346.0,,,CANDIDATE
4.0557174,2.46e-05,-2.46e-05,16.4885,0.986089,-0.986089,4240.0,11.0564,-11.0564,6664.3,489.7,-489.7,2.2,0.08,-0.08,481.002,,,1304.0,,,CANDIDATE
7.4793374,0.0001987,-0.0001987,13.4499302,0.8424423,-0.8424423,17147.3051175,230.84964,-230.84964,5078.0,129.2,-129.2,0.969314,0.0592914,-0.0592914,111.2246815,,,828.266397,,,CANDIDATE
1.1167145,4.3e-06,-4.3e-06,20.4041,,,12810.0,737.325,-737.325,6611.0,122.0,-122.0,1.22,,,7730.28,,,2612.0,,,FALSE POSITIVE
7.0857491,7.62e-05,-7.62e-05,9.46717,0.68614,-0.68614,2227.0,4.53632,-4.53632,5353.0,105.8,-105.8,1.98,0.11,-0.11,384.263,,,1233.0,,,CANDIDATE
7.3136902,0.0001326,-0.0001326,10.3927,0.804219,-0.804219,1480.0,4.01471,-4.01471,5654.0,129.7,-129.7,2.68,0.14,-0.14,425.471,,,1265.0,,,CANDIDATE
0.5979368,2.2e-06,-2.2e-06,10.3319,,,3760.0,16.2098,-16.2098,5812.0,122.0,-122.0,1.38,,,2472.04,,,1964.0,,,CANDIDATE
2.2355936,7.73e-05,-7.73e-05,19.1583617,0.9680165,-0.9680165,11467.2654828,214.07071,-214.07071,6731.0,139.6,-139.6,1.74519,0.0813843,-0.0813843,3937.2018929,,,2020.3037543,,,CANDIDATE
3.0773658,2.25e-05,-2.25e-05,13.6438,0.734251,-0.734251,5140.0,4.75932,-4.75932,7277.0,138.2,-138.2,1.75,0.08,-0.08,2446.41,,,1959.0,,,CANDIDATE
2.974175,0.001636,-0.001636,3.756355,0.897648,-0.897648,11707.257241,1687.3541,-1687.3541,3333.0,102.0,-102.0,0.302,0.065,-0.065,13.8678401,,,492.1777269,,,FALSE POSITIVE
4.8338813,0.0002169,-0.0002169,16.2870392,0.8164654,-0.8164654,15572.8655746,408.58875,-408.58875,6859.0,132.7,-132.7,1.2713701,0.0573015,-0.0573015,784.0336903,,,1349.5949074,,,CANDIDATE
2.6492703,1.25e-05,-1.25e-05,12.9788,,,10560.0,8.12476,-8.12476,5743.0,122.0,-122.0,1.25,,,560.52,,,1355.0,,,CANDIDATE
7.9486299,9.9e-06,-9.9e-06,9.54103,0.579988,-0.579988,6340.0,9.18865,-9.18865,5742.0,124.0,-124.0,0.93,0.05,-0.05,34.816,,,676.0,,,CANDIDATE
3.027103,3.95e-05,-3.95e-05,10.9691,,,6250.0,18.3543,-18.3543,6275.0,122.0,-122.0,1.39,,,1882.44,,,1835.0,,,CANDIDATE
7.7023687,8.6e-06,-8.6e-06,14.6181,0.872631,-0.872631,27310.0,8.29714,-8.29714,5333.0,128.6,-128.6,0.85,0.05,-0.05,44.8696,,,721.0,,,CANDIDATE
4.7190303,0.0013827,-0.0013827,17.051,4.17738,-4.17738,6800.0,403.954,-403.954,6389.0,137.3,-137.3,1.73,0.17,-0.17,292.335,,,1151.0,,,CANDIDATE
3.6305988,5.45e-05,-5.45e-05,5.32844,2.09033,-2.09033,570.0,204.666,-204.666,5156.0,127.0,-127.0,1.31,0.08,-0.08,2058.82,,,1876.0,,,CANDIDATE
0.2097217,4e-07,-4e-07,11.9597,4.55719,-4.55719,1250.0,1439.97,-1439.97,6046.0,128.3,-128.3,1.08,0.05,-0.05,6373.11,,,2489.0,,,CANDIDATE
2.5665666,8.4e-06,-8.4e-06,15.79,,,9060.0,4.1166,-4.1166,6020.0,122.0,-122.0,1.57,,,1270.4,,,1663.0,,,CANDIDATE
3.5678072,3.4e-05,-3.4e-05,34.7616,,,17670.0,2961.66,-2961.66,7819.0,123.0,-123.0,1.71,,,4074.35,,,2225.0,,,FALSE POSITIVE
6.5946181,4.18e-05,-4.18e-05,22.1605,2.2008,-2.2008,9920.0,27.0567,-27.0567,6345.0,125.1,-125.1,2.12,0.18,-0.18,277.451,,,1137.0,,,CANDIDATE
4.2889696,6.7e-06,-6.7e-06,20.7112,1.29581,-1.29581,5850.0,8.8415,-8.8415,6736.9,107.5,-107.5,2.61,0.12,-0.12,646.761,,,1404.0,,,CONFIRMED
2.3696548,0.0001259,-0.0001259,21.171114,25.987839,-25.987839,46129.4275972,2757.6318,-2757.6318,3986.0,157.0,-157.0,0.697237,0.0222884,-0.0222884,119.5549647,,,843.3573872,,,CANDIDATE
3.429078,0.0008786,-0.0008786,21.1656,,,13770.0,34.214,-34.214,5654.0,122.0,-122.0,1.85,,,185.229,,,1027.0,,,CANDIDATE
5.6386197,2.68e-05,-2.68e-05,13.3798,0.88807,-0.88807,5940.0,7.26654,-7.26654,5373.0,129.5,-129.5,1.56,0.09,-0.09,120.336,,,922.0,,,CANDIDATE
0.7702101,0.0002013,-0.0002013,13.5452,1.77753,-1.77753,29130.0,522.304,-522.304,3601.0,157.0,-157.0,0.68,0.02,-0.02,120.256,,,922.0,,,CANDIDATE
4.8807474,1.99e-05,-1.99e-05,18.7724,,,11440.0,8.82437,-8.82437,6356.0,122.0,-122.0,1.7,,,424.843,,,1264.0,,,CANDIDATE
3.1062522,3.76e-05,-3.76e-05,12.6882,0.966342,-0.966342,3680.0,6.94051,-6.94051,5369.0,127.2,-127.2,2.13,0.12,-0.12,1415.95,,,1708.0,,,CANDIDATE
21.4921464,8.49e-05,-8.49e-05,9.09747,0.512649,-0.512649,5960.0,2.11749,-2.11749,5520.0,127.1,-127.1,1.11,0.06,-0.06,22.7774,,,608.0,,,CONFIRMED
8.7802662,8.5e-05,-8.5e-05,8.87975,0.666371,-0.666371,2140.0,6.4161,-6.4161,6124.0,130.6,-130.6,1.88,0.09,-0.09,87.107,,,851.0,,,CANDIDATE
4.8131406,2.43e-05,-2.43e-05,15.2753,0.792837,-0.792837,5030.0,2.35346,-2.35346,6287.0,126.9,-126.9,2.1,0.1,-0.1,1074.75,,,1595.0,,,CANDIDATE
9.7800223,3.31e-05,-3.31e-05,9.06075,0.48984,-0.48984,4340.0,2.64462,-2.64462,6113.0,130.3,-130.3,1.33,0.06,-0.06,187.783,,,1031.0,,,CANDIDATE
5.5846356,0.0036282,-0.0036282,9.33343,0.619178,-0.619178,2220.0,3.42511,-3.42511,5698.0,127.6,-127.6,1.99,0.1,-0.1,624.784,,,1392.0,,,CANDIDATE
0.5481573,8.9e-06,-8.9e-06,1.3591774,0.3923843,-0.3923843,226.8573536,17.501747,-17.501747,4590.0,176.0,-176.0,0.751825,0.0631583,-0.0631583,1463.1155872,,,1577.3911825,,,CONFIRMED
5.5422295,1.37e-05,-1.37e-05,14.7328,,,14910.0,269.844,-269.844,5483.0,,,1.02,,,271.918,,,,,,CANDIDATE
15.3392841,7.22e-05,-7.22e-05,11.7705,,,12910.0,24.7989,-24.7989,5483.0,,,1.02,,,26.88,,,,,,CANDIDATE
5.069043,2.19e-05,-2.19e-05,13.2155,0.802792,-0.802792,8170.0,4.45559,-4.45559,6763.0,135.7,-135.7,1.51,0.08,-0.08,939.466,,,1542.0,,,CANDIDATE
3.7318818,1.26e-05,-1.26e-05,13.3208,,,10850.0,3.84999,-3.84999,6129.0,122.0,-122.0,1.23,,,653.055,,,1408.0,,,CANDIDATE
4.4540914,1.03e-05,-1.03e-05,12.2601,0.844672,-0.844672,9790.0,23.5434,-23.5434,6188.0,133.8,-133.8,1.13,0.05,-0.05,70.3253,,,806.0,,,CANDIDATE
5.7626113,3.61e-05,-3.61e-05,10.0697,,,8710.0,158.524,-158.524,5470.0,122.0,-122.0,0.97,,,692.871,,,1429.0,,,CANDIDATE
6.3084728,3.53e-05,-3.53e-05,6.00429,0.358546,-0.358546,3690.0,4.3484,-4.3484,5840.0,125.0,-125.0,0.97,0.05,-0.05,174.188,,,1012.0,,,CONFIRMED
4.254955,2.75e-05,-2.75e-05,14.4712,0.925754,-0.925754,2370.0,3.09684,-3.09684,8653.0,170.6,-170.6,2.88,0.15,-0.15,5255.5,,,2372.0,,,CANDIDATE
2.5432595,0.0006815,-0.0006815,10.6224,0.958412,-0.958412,21300.0,157.543,-157.543,3757.0,157.0,-157.0,0.66,0.02,-0.02,23.828,,,615.0,,,CANDIDATE
2.7702532,0.0015413,-0.0015413,10.2658,0.781612,-0.781612,10790.0,21.4117,-21.4117,5183.0,128.5,-128.5,0.94,0.06,-0.06,840.782,,,1500.0,,,CANDIDATE
8.1755735,0.0002297,-0.0002297,17.9327,1.50922,-1.50922,2870.0,7.82951,-7.82951,9169.0,345.5,-345.5,3.44,0.21,-0.21,4574.7,,,2291.0,,,CANDIDATE
1.7100122,8e-07,-8e-07,17.2191,0.87616,-0.87616,12680.0,2.36465,-2.36465,5720.0,,,1.51,0.07,-0.07,826.113,,,1493.0,,,CONFIRMED
6.7107895,0.0025424,-0.0025424,12.843,1.20778,-1.20778,29370.0,216.563,-216.563,3980.0,157.0,-157.0,0.7,0.02,-0.02,6.07437,,,437.0,,,CANDIDATE
2.6060495,1.16e-05,-1.16e-05,6.7707607,2.358072,-2.358072,7607.398609,392.9847,-392.9847,4471.0,122.0,-122.0,0.78826,,,205.1810486,,,965.2816733,,,CANDIDATE
4.18438,2.36e-05,-2.36e-05,14.8687,0.763232,-0.763232,3750.0,8.13127,-8.13127,10708.0,435.8,-435.8,1.82,0.06,-0.06,2440.51,,,1958.0,,,CANDIDATE
8.989491,3.24e-05,-3.24e-05,13.4707,0.828681,-0.828681,2890.0,5.43986,-5.43986,6620.0,129.8,-129.8,2.21,0.1,-0.1,40.9859,,,704.0,,,CANDIDATE
3.4507193,6.55e-05,-6.55e-05,8.16973,0.65939,-0.65939,2270.0,6.71331,-6.71331,5712.0,137.1,-137.1,1.7,0.09,-0.09,830.757,,,1495.0,,,CANDIDATE
2.4533968,1.13e-05,-1.13e-05,16.1215,0.906705,-0.906705,8790.0,6.32972,-6.32972,6333.0,136.4,-136.4,1.7,0.08,-0.08,2024.13,,,1868.0,,,CANDIDATE
1.2833689,5.7e-06,-5.7e-06,23.5753,6.22337,-6.22337,20090.0,2976.75,-2976.75,5442.0,131.8,-131.8,1.01,0.06,-0.06,5124.73,,,2357.0,,,FALSE POSITIVE
3.3677179,2.24e-05,-2.24e-05,12.6215,0.86585,-0.86585,3070.0,2.21315,-2.21315,5575.2,133.0,-133.0,2.3,0.14,-0.14,1495.44,,,1732.0,,,CANDIDATE
6.5859565,4.69e-05,-4.69e-05,5.98453,0.764577,-0.764577,1570.0,20.986,-20.986,6353.0,137.4,-137.4,1.41,0.07,-0.07,111.468,,,905.0,,,CANDIDATE
1.090295,7.9e-06,-7.9e-06,8.96609,1.32215,-1.32215,5240.0,93.9578,-93.9578,5479.0,136.5,-136.5,1.14,0.07,-0.07,3593.4,,,2156.0,,,CANDIDATE
5.3450209,0.0001725,-0.0001725,11.8547,,,3650.0,15.0332,-15.0332,6279.0,122.0,-122.0,2.04,,,1370.06,,,1694.0,,,CANDIDATE
12.975062,0.0001791,-0.0001791,11.8674,,,6210.0,12.1729,-12.1729,6480.9,85.1,-85.1,1.5,,,266.841,,,1125.0,,,CANDIDATE
2.244541,0.000512,-0.000512,13.6382,,,17150.0,21.8261,-21.8261,5455.0,122.0,-122.0,1.03,,,465.777,,,1294.0,,,CANDIDATE
2.2749988,9e-07,-9e-07,17.0496,0.531341,-0.531341,68800.0,1.32978,-1.32978,3199.0,157.0,-157.0,0.32,0.01,-0.01,4.17143,,,398.0,,,CANDIDATE
14.7765802,0.0001221,-0.0001221,10.2309,0.587635,-0.587635,4630.0,5.31379,-5.31379,6247.0,127.0,-127.0,1.46,0.07,-0.07,119.223,,,920.0,,,CANDIDATE
2.8846592,7.7e-06,-7.7e-06,16.5935,0.853853,-0.853853,12880.0,4.74726,-4.74726,8219.0,145.9,-145.9,1.42,0.07,-0.07,2563.35,,,1982.0,,,CANDIDATE
3.2813635,1.94e-05,-1.94e-05,10.9441,,,4740.0,3.77821,-3.77821,6622.0,,,1.54,,,1226.1,,,,,,CANDIDATE
10.2436729,2.79e-05,-2.79e-05,11.2818,1.9152,-1.9152,9410.0,302.25,-302.25,5845.9,122.8,-122.8,0.96,0.05,-0.05,190.912,,,1035.0,,,CONFIRMED
3.9353218,1.53e-05,-1.53e-05,20.2069,1.3146,-1.3146,8020.0,9.51834,-9.51834,5806.0,134.6,-134.6,2.17,0.12,-0.12,575.011,,,1364.0,,,CANDIDATE
3.8861815,2.27e-05,-2.27e-05,10.8516,0.57219,-0.57219,5880.0,8.0994,-8.0994,8615.0,274.0,-274.0,1.39,0.05,-0.05,1616.52,,,1766.0,,,CANDIDATE
3.6773543,1.2e-06,-1.2e-06,11.426,0.45212,-0.45212,3949.0,167.475,-167.475,7887.0,218.0,-218.0,1.68,0.06,-0.06,786.44,,,1475.0,,,CONFIRMED
5.4695364,4.7e-05,-4.7e-05,1.39203,0.119311,-0.119311,1600.0,7.885,-7.885,3465.0,157.0,-157.0,0.36,0.01,-0.01,6.09736,,,437.0,,,CANDIDATE
8.7042937,9.21e-05,-9.21e-05,3.59413,0.28214,-0.28214,2130.0,5.2516,-5.2516,5160.9,117.0,-117.0,0.77,0.04,-0.04,52.2984,,,749.0,,,CANDIDATE
5.8009082,3.08e-05,-3.08e-05,8.06972,0.512267,-0.512267,5130.0,5.21696,-5.21696,5406.0,127.7,-127.7,1.05,0.06,-0.06,171.882,,,1008.0,,,CANDIDATE
17.7481897,0.0036893,-0.0036893,11.5797,0.926806,-0.926806,5210.0,15.9512,-15.9512,5393.0,129.1,-129.1,1.51,0.08,-0.08,11.794,,,516.0,,,CANDIDATE
4.1245473,0.0001476,-0.0001476,17.7780627,0.9206908,-0.9206908,15857.5159207,278.06763,-278.06763,6433.0,129.9,-129.9,1.3291301,0.066412,-0.066412,897.2680177,,,1395.887109,,,CANDIDATE
0.9990876,0.0004245,-0.0004245,16.981,,,4640.0,28.8145,-28.8145,9391.0,,,2.41,,,9983.53,,,,,,CANDIDATE
2.1967461,1.7e-05,-1.7e-05,11.6242,,,3670.0,5.64468,-5.64468,5709.0,122.0,-122.0,1.8,,,2106.93,,,1887.0,,,CANDIDATE
1.6773063,8e-07,-8e-07,29.2836,2.71543,-2.71543,3910.0,75.2842,-75.2842,6915.0,204.0,-204.0,2.56,0.1,-0.1,15535.1,,,3110.0,,,FALSE POSITIVE
3.3808424,2.93e-05,-2.93e-05,15.6348,1.17978,-1.17978,4420.0,12.2308,-12.2308,6445.0,133.1,-133.1,1.96,0.11,-0.11,1136.54,,,1617.0,,,CANDIDATE
0.733892,1.53e-05,-1.53e-05,12.8031517,15.131779,-15.131779,41803.8414084,2054.8794,-2054.8794,3423.0,157.0,-157.0,0.438708,0.0139951,-0.0139951,162.6122005,,,910.7685622,,,CANDIDATE
5.6316098,4.76e-05,-4.76e-05,6.99657,0.442546,-0.442546,940.0,1.25773,-1.25773,5784.0,129.2,-129.2,2.32,0.11,-0.11,989.195,,,1562.0,,,CANDIDATE
3.8027513,4.3e-06,-4.3e-06,14.5097,0.898905,-0.898905,26100.0,2.03198,-2.03198,5061.0,125.5,-125.5,0.86,0.05,-0.05,245.058,,,1102.0,,,CANDIDATE
5.5556615,0.0004246,-0.0004246,13.1283718,0.7415319,-0.7415319,3308.3022418,103.620995,-103.620995,5964.0,128.1,-128.1,2.09656,0.100462,-0.100462,1246.9026373,,,1515.5765796,,,CANDIDATE
3.4792084,2.93e-05,-2.93e-05,14.4016,,,8320.0,11.1376,-11.1376,6052.0,122.0,-122.0,1.57,,,940.992,,,1542.0,,,CANDIDATE
7.3142625,3.51e-05,-3.51e-05,12.5859,0.908956,-0.908956,18810.0,11.9915,-11.9915,4881.0,128.5,-128.5,0.86,0.06,-0.06,69.2385,,,803.0,,,CANDIDATE
2.9204289,1.37e-05,-1.37e-05,12.9535,0.823871,-0.823871,10330.0,10.596,-10.596,5508.0,131.9,-131.9,1.08,0.06,-0.06,470.192,,,1297.0,,,CANDIDATE
3.3294649,9e-07,-9e-07,16.0269619,0.6831824,-0.6831824,10603.9863905,35.749672,-35.749672,6003.0,,,1.52238,0.0646733,-0.0646733,1612.761812,,,1616.2640286,,,CONFIRMED
2.3064574,1.1e-05,-1.1e-05,13.5732,0.751026,-0.751026,5650.0,7.48419,-7.48419,6692.0,136.9,-136.9,1.48,0.07,-0.07,1020.03,,,1574.0,,,CANDIDATE
3.5980715,1.03e-05,-1.03e-05,14.8005,1.11035,-1.11035,15550.0,5.58672,-5.58672,4708.0,124.8,-124.8,1.13,0.08,-0.08,180.551,,,1021.0,,,CANDIDATE
4.0668104,0.0007668,-0.0007668,15.0245,0.867809,-0.867809,19690.0,10.1422,-10.1422,5496.0,129.2,-129.2,1.07,0.06,-0.06,286.231,,,1145.0,,,CANDIDATE
9.8830331,2.66e-05,-2.66e-05,10.3147,0.85123,-0.85123,15630.0,7.56632,-7.56632,4456.0,123.0,-123.0,0.82,0.06,-0.06,29.7162,,,650.0,,,CANDIDATE
4.2100055,2.56e-05,-2.56e-05,13.6161,0.71117,-0.71117,7990.0,4.11976,-4.11976,6160.0,136.0,-136.0,1.42,0.07,-0.07,427.599,,,1266.0,,,CANDIDATE
2.0915616,1.26e-05,-1.26e-05,14.2961,4.26469,-4.26469,2560.0,552.079,-552.079,5551.0,131.6,-131.6,1.62,0.09,-0.09,10148.1,,,2796.0,,,FALSE POSITIVE
7.6686232,0.0001491,-0.0001491,8.82795,0.784793,-0.784793,2000.0,9.06342,-9.06342,6066.0,131.6,-131.6,1.96,0.1,-0.1,480.358,,,1304.0,,,CANDIDATE
1.1437772,9.4e-06,-9.4e-06,12.9975,,,1770.0,8.36035,-8.36035,4520.0,122.0,-122.0,2.85,,,548.925,,,1348.0,,,CANDIDATE
23.7123919,9.65e-05,-9.65e-05,12.8901,,,6160.0,78.1793,-78.1793,6130.0,,,1.29,,,181.582,,,,,,CANDIDATE
8.7876771,2.79e-05,-2.79e-05,11.5115,0.890268,-0.890268,20650.0,11.9826,-11.9826,4676.0,122.4,-122.4,0.77,0.06,-0.06,30.7909,,,656.0,,,CANDIDATE
2.774207,0.000722,-0.000722,2.582442,3.122172,-3.122172,693.389889,66.471954,-66.471954,5280.0,183.0,-183.0,0.945062,0.945062,-0.945062,444.231028,,,1170.9058394,,,FALSE POSITIVE
1.2695326,0.0017102,-0.0017102,14.8016,,,13410.0,138.911,-138.911,9561.0,125.0,-125.0,1.18,,,17833.5,,,3219.0,,,CANDIDATE
3.3645349,2.3e-05,-2.3e-05,11.8831,0.727395,-0.727395,7010.0,10.4384,-10.4384,6443.0,129.5,-129.5,1.34,0.06,-0.06,978.355,,,1558.0,,,CANDIDATE
6.2244575,7.94e-05,-7.94e-05,8.34496,0.632402,-0.632402,1570.0,4.21901,-4.21901,5692.8,114.8,-114.8,2.08,0.11,-0.11,639.699,,,1401.0,,,CANDIDATE
3.613799,1.92e-05,-1.92e-05,15.4064,0.868134,-0.868134,9490.0,7.34059,-7.34059,6955.0,125.0,-125.0,1.54,0.07,-0.07,1276.89,,,1665.0,,,CANDIDATE
3.5108018,2.34e-05,-2.34e-05,5.42543,0.375845,-0.375845,960.0,2.29537,-2.29537,5860.0,130.8,-130.8,1.59,0.08,-0.08,561.487,,,1356.0,,,CANDIDATE
19.4921473,7.9e-06,-7.9e-06,5.50689,0.255766,-0.255766,1700.0,0.107002,-0.107002,6128.0,124.1,-124.1,1.36,0.06,-0.06,31.9085,,,662.0,,,CONFIRMED
1.3454079,3.1e-06,-3.1e-06,7.22545,0.467627,-0.467627,1226.0,112.203,-112.203,7509.4,107.3,-107.3,2.0,0.08,-0.08,3632.59,,,2162.0,,,CANDIDATE
4.6886342,5.8e-06,-5.8e-06,3.36071,0.226598,-0.226598,1469.0,28.776,-28.776,4954.0,129.1,-129.1,0.87,0.06,-0.06,133.083,,,946.0,,,CONFIRMED
4.7369669,2.4e-06,-2.4e-06,2.93924,0.156577,-0.156577,1238.0,29.8764,-29.8764,5069.2,124.4,-124.4,0.79,0.04,-0.04,307.522,,,1166.0,,,CONFIRMED
8.8558739,0.0039338,-0.0039338,3.014,0.261343,-0.261343,280.0,1.15681,-1.15681,6332.0,125.5,-125.5,1.87,0.09,-0.09,599.445,,,1378.0,,,CANDIDATE
0.8994677,7e-07,-7e-07,17.1200078,3.774096,-3.774096,58768.3536154,646.13336,-646.13336,3338.0,64.0,-64.0,0.505078,0.0152355,-0.0152355,133.4667668,,,866.8813273,,,CANDIDATE
6.216994,2.58e-05,-2.58e-05,7.46488,0.71325,-0.71325,2060.0,319.965,-319.965,6304.0,199.3,-199.3,1.54,0.07,-0.07,699.959,,,1432.0,,,FALSE POSITIVE
1.6739029,7e-07,-7e-07,3.44449,0.189317,-0.189317,863.0,22.3356,-22.3356,6115.5,141.5,-141.5,1.22,0.06,-0.06,757.167,,,1461.0,,,CONFIRMED
5.185768,1.64e-05,-1.64e-05,7.50399,0.660588,-0.660588,13002.0,511.58,-511.58,4664.8,144.3,-144.3,0.65,0.06,-0.06,126.877,,,935.0,,,CONFIRMED
3.1393667,4.3e-06,-4.3e-06,15.9004,,,11087.0,124.772,-124.772,5653.4,182.8,-182.8,1.52,,,963.197,,,1597.0,,,CANDIDATE
3.0801795,5e-07,-5e-07,17.0613,0.5824587,-0.5824587,8926.432346,16.8745,-16.8745,7511.0,130.4,-130.4,1.70169,0.0580402,-0.0580402,3331.8707078,,,1937.7234037,,,CONFIRMED
1.7134571,4.8e-06,-4.8e-06,4.95462,0.283062,-0.283062,355.0,25.9045,-25.9045,8638.0,152.9,-152.9,2.64,0.09,-0.09,4181.14,,,2240.0,,,FALSE POSITIVE
23.4428912,0.0001199,-0.0001199,3.02618,0.265056,-0.265056,1623.0,58.8818,-58.8818,4794.4,151.4,-151.4,0.85,0.07,-0.07,12.8373,,,527.0,,,CONFIRMED
5.8879518,4.64e-05,-4.64e-05,9.19044,3.05918,-3.05918,747.0,1182.06,-1182.06,5641.0,128.1,-128.1,1.97,0.1,-0.1,3105.54,,,2079.0,,,CANDIDATE
1.5110224,5.3e-06,-5.3e-06,1.47339,0.134526,-0.134526,408.0,39.9883,-39.9883,4595.0,122.2,-122.2,0.68,0.05,-0.05,545.9,,,1346.0,,,CANDIDATE
1.4920726,4.7e-06,-4.7e-06,2.23482,0.160056,-0.160056,907.0,51.3985,-51.3985,5125.0,124.0,-124.0,0.81,0.05,-0.05,654.339,,,1409.0,,,FALSE POSITIVE
4.6117328,1.9e-06,-1.9e-06,18.7958,0.671401,-0.671401,11890.0,0.215946,-0.215946,7346.0,210.0,-210.0,1.67,0.06,-0.06,1460.67,,,1722.0,,,CONFIRMED
9.72665,2.46e-05,-2.46e-05,7.23871,0.399353,-0.399353,2287.0,83.1154,-83.1154,5583.6,118.3,-118.3,1.45,0.07,-0.07,361.739,,,1214.0,,,CONFIRMED
5.1699026,3.11e-05,-3.11e-05,9.23587,0.555516,-0.555516,3110.0,1.15401,-1.15401,6283.4,149.9,-149.9,1.48,0.08,-0.08,562.184,,,1356.0,,,CONFIRMED
4.2403543,7.4e-06,-7.4e-06,2.64301,0.127163,-0.127163,842.0,25.8007,-25.8007,5670.0,110.1,-110.1,0.93,0.04,-0.04,255.637,,,1113.0,,,CONFIRMED
4.7948642,6.3e-06,-6.3e-06,3.3985,0.328165,-0.328165,2280.0,109.093,-109.093,4072.0,123.7,-123.7,0.65,0.06,-0.06,118.638,,,919.0,,,CONFIRMED
5.8321337,2.66e-05,-2.66e-05,1.15554,0.100161,-0.100161,274.0,15.5645,-15.5645,4544.0,122.0,-122.0,0.75,0.06,-0.06,49.8722,,,740.0,,,CANDIDATE
4.5117148,0.0013546,-0.0013546,2.89398,0.196671,-0.196671,550.0,0.886008,-0.886008,5785.0,138.5,-138.5,1.35,0.06,-0.06,921.698,,,1535.0,,,CANDIDATE
2.9956366,2e-07,-2e-07,13.1937,0.714035,-0.714035,7778.0,45.4583,-45.4583,6135.5,142.0,-142.0,1.4,0.08,-0.08,963.566,,,1552.0,,,CONFIRMED
17.3070631,1.58e-05,-1.58e-05,3.7275,0.296614,-0.296614,1909.0,52.0714,-52.0714,4230.6,104.4,-104.4,0.77,0.06,-0.06,31.2616,,,658.0,,,CONFIRMED
10.3883213,3.99e-05,-3.99e-05,3.76664,1.07583,-1.07583,822.0,875.686,-875.686,5638.7,108.8,-108.8,0.87,0.04,-0.04,1120.27,,,1611.0,,,CANDIDATE
13.4155226,0.0014156,-0.0014156,1.53506,0.183248,-0.183248,550.0,3.14485,-3.14485,5638.7,108.8,-108.8,0.87,0.04,-0.04,62.2227,,,782.0,,,CANDIDATE
5.113835,2.27e-05,-2.27e-05,5.6708634,1.1660464,-1.1660464,1290.3750314,69.96525,-69.96525,6315.7,140.9,-140.9,1.50876,0.0786156,-0.0786156,832.2294086,,,1369.8736571,,,CONFIRMED
9.0588209,1.17e-05,-1.17e-05,2.67607,0.130267,-0.130267,875.0,23.3623,-23.3623,5560.26,43.3509,-43.3509,0.96,0.04,-0.04,92.839,,,864.0,,,CONFIRMED
21.4003129,0.0001262,-0.0001262,3.0010426,0.6084392,-0.6084392,960.7539877,34.036156,-34.036156,5560.26,43.3509,-43.3509,0.962324,0.0434171,-0.0434171,35.2811724,,,621.592122,,,CONFIRMED
1.9828041,5.3e-06,-5.3e-06,10.8910702,0.5742868,-0.5742868,132105.0435175,5127.973,-5127.973,3213.0,157.0,-157.0,0.293047,0.0116176,-0.0116176,20.6170397,,,543.4709395,,,CONFIRMED
3.6413702,3.1e-06,-3.1e-06,16.4955,0.852025,-0.852025,11340.0,0.618427,-0.618427,6832.0,197.284,-197.284,1.5,0.08,-0.08,1340.13,,,1685.0,,,CANDIDATE
2.2984058,9e-07,-9e-07,13.7058869,1.0186243,-1.0186243,30832.0537335,185.30644,-185.30644,4221.54,100.121,-100.121,0.794584,0.0584924,-0.0584924,203.7820374,,,963.6320245,,,CONFIRMED
3.3366511,1.3e-06,-1.3e-06,4.1305078,0.1541721,-0.1541721,6765.8704326,43.08213,-43.08213,3552.0,157.0,-157.0,0.499698,0.0149283,-0.0149283,29.6583759,,,595.1913226,,,CONFIRMED
3.4845543,4.6e-06,-4.6e-06,4.2083193,1.2849267,-1.2849267,13705.5317992,1063.4423,-1063.4423,3204.0,157.0,-157.0,0.290216,0.0086926,-0.0086926,9.5041407,,,447.8143065,,,CONFIRMED
2.8753183,4e-07,-4e-07,11.1331,0.873749,-0.873749,23676.0,53.4753,-53.4753,4604.0,127.2,-127.2,0.68,0.05,-0.05,85.1168,,,846.0,,,CONFIRMED
5.7459945,6.1e-06,-6.1e-06,2.06081,0.0618536,-0.0618536,3650.0,0.0651263,-0.0651263,3413.0,157.0,-157.0,0.32,0.01,-0.01,3.99828,,,393.0,,,CONFIRMED
3.5438732,2.7e-06,-2.7e-06,19.1202757,0.9519045,-0.9519045,10892.9403038,74.226776,-74.226776,6466.0,128.891,-128.891,1.74624,0.0862691,-0.0862691,1915.6933754,,,1687.334743,,,CONFIRMED
14.4507561,1.68e-05,-1.68e-05,6.2516257,2.308073,-2.308073,867.6358458,35.48156,-35.48156,6761.32,121.447,-121.447,2.0669501,0.0853669,-0.0853669,462.6827,,,1182.8796624,,,CANDIDATE
3.4532143,4e-06,-4e-06,16.9569136,0.854775,-0.854775,13153.3310188,197.62979,-197.62979,6028.0,131.193,-131.193,1.3226399,0.0649296,-0.0649296,958.8135146,,,1419.2316453,,,CANDIDATE
10.1367283,1.16e-05,-1.16e-05,5.44119,0.285221,-0.285221,1059.0,40.9179,-40.9179,6283.0,128.818,-128.818,1.51,0.07,-0.07,992.258,,,1563.0,,,CONFIRMED
4.890376,0.0014709,-0.0014709,16.1683559,1.0929224,-1.0929224,12039.4608136,755.98865,-755.98865,6278.0,122.0,-122.0,1.4458801,,,796.3219695,,,1354.8522096,,,CANDIDATE
4.4455436,2.8e-06,-2.8e-06,15.8181,0.805938,-0.805938,5839.0,39.5051,-39.5051,6355.8,103.2,-103.2,2.11,0.11,-0.11,905.997,,,1528.0,,,CANDIDATE
2.4361097,5.6e-06,-5.6e-06,7.79741,0.573809,-0.573809,840.0,1.82257,-1.82257,7182.5,135.7,-135.7,2.33,0.14,-0.14,807.375,,,1485.0,,,CANDIDATE
1.8354365,0.0001606,-0.0001606,5.7988,0.788472,-0.788472,310.0,1.02976,-1.02976,9758.0,344.1,-344.1,3.27,0.39,-0.39,6809.52,,,2530.0,,,FALSE POSITIVE
6.7535728,2.26e-05,-2.26e-05,6.28796,0.328078,-0.328078,1740.0,59.1636,-59.1636,5880.0,130.1,-130.1,1.32,0.07,-0.07,122.785,,,927.0,,,CONFIRMED
3.2104815,0.0001071,-0.0001071,20.5754,1.71191,-1.71191,1600.0,2.54145,-2.54145,9124.0,172.7,-172.7,4.71,0.34,-0.34,2847.04,,,2035.0,,,CANDIDATE
3.3552444,6e-07,-6e-07,15.4971874,0.7699308,-0.7699308,11199.9266299,43.980625,-43.980625,6373.0,,,1.41886,0.0702563,-0.0702563,1294.9289564,,,1529.9640816,,,CONFIRMED
30.1584857,0.000152,-0.000152,11.2128,0.618438,-0.618438,2293.0,91.4186,-91.4186,6083.0,149.4,-149.4,2.38,0.12,-0.12,15.1027,,,549.0,,,CONFIRMED
3.3557219,6.6e-06,-6.6e-06,1.9149,0.0624086,-0.0624086,1101.0,24.2749,-24.2749,3807.0,157.0,-157.0,0.56,0.02,-0.02,37.2966,,,688.0,,,CONFIRMED
15.532806,0.0001054,-0.0001054,2.17742,0.13157,-0.13157,1236.0,112.198,-112.198,3973.0,157.0,-157.0,0.61,0.02,-0.02,31.4267,,,659.0,,,CANDIDATE
4.136488,3.09e-05,-3.09e-05,2.75771,0.190178,-0.190178,462.0,32.4726,-32.4726,6113.0,192.4,-192.4,1.39,0.07,-0.07,405.932,,,1250.0,,,CANDIDATE
6.1539077,1.82e-05,-1.82e-05,22.3615,1.27753,-1.27753,1636.0,122.241,-122.241,5234.4,178.8,-178.8,5.63,0.18,-0.18,114.033,,,910.0,,,CANDIDATE
13.8240078,0.0001263,-0.0001263,2.38171,0.169823,-0.169823,1140.0,1.14251,-1.14251,5129.0,127.0,-127.0,0.71,0.04,-0.04,35.732,,,681.0,,,CANDIDATE
3.4355113,4.3e-06,-4.3e-06,4.18368,0.28212,-0.28212,2580.0,0.169385,-0.169385,4870.0,126.5,-126.5,0.8,0.05,-0.05,146.577,,,969.0,,,CANDIDATE
11.6986928,0.0001808,-0.0001808,3.51877,0.22891,-0.22891,930.0,1.8044,-1.8044,6247.5,109.3,-109.3,1.16,0.05,-0.05,89.0703,,,855.0,,,CANDIDATE
1.5749553,2.4e-05,-2.4e-05,2.51186,0.18806,-0.18806,304.0,25.4399,-25.4399,6635.0,234.1,-234.1,1.57,0.07,-0.07,3031.49,,,2067.0,,,CANDIDATE
1.4713984,1.75e-05,-1.75e-05,3.62613,,,236.0,13.7886,-13.7886,5110.7,14.5,-14.5,2.66,,,2280.57,,,1925.0,,,FALSE POSITIVE
7.1887332,4.51e-05,-4.51e-05,1.5254582,1.1745087,-1.1745087,285.257999,24.15356,-24.15356,5581.0,187.0,-187.0,0.882675,0.048995,-0.048995,112.4619017,,,830.5601795,,,CONFIRMED
24.9163182,4.98e-05,-4.98e-05,12.0398,0.523996,-0.523996,6260.0,0.631576,-0.631576,5778.4,103.5,-103.5,1.47,0.06,-0.06,51.1862,,,745.0,,,CANDIDATE
8.4071591,2.23e-05,-2.23e-05,10.1248,,,533.0,22.5152,-22.5152,4642.6,29.9,-29.9,4.71,,,114.149,,,910.0,,,CONFIRMED
3.3885867,1.43e-05,-1.43e-05,6.12917,1.73718,-1.73718,639.0,948.512,-948.512,6148.7,149.0,-149.0,1.34,0.09,-0.09,1838.7,,,1824.0,,,CANDIDATE
3.2810299,1.58e-05,-1.58e-05,2.5044826,1.9360542,-1.9360542,1163.6040257,86.45212,-86.45212,4783.6,103.0,-103.0,0.735345,0.0434171,-0.0434171,161.2475751,,,908.8517497,,,CONFIRMED
8.4388997,6.15e-05,-6.15e-05,3.0161255,0.4686422,-0.4686422,1269.2030732,143.41447,-143.41447,4783.6,103.0,-103.0,0.735345,0.0434171,-0.0434171,45.7571538,,,663.3374243,,,CONFIRMED
1.0754572,8.38e-05,-8.38e-05,8.40705,0.567744,-0.567744,690.0,0.830544,-0.830544,6290.0,152.2,-152.2,3.29,0.18,-0.18,3593.53,,,2156.0,,,FALSE POSITIVE
5.909621,2.19e-05,-2.19e-05,2.96154,0.165651,-0.165651,435.0,22.2911,-22.2911,6710.0,142.9,-142.9,1.55,0.07,-0.07,468.76,,,1296.0,,,CANDIDATE
5.4589863,7.8e-05,-7.8e-05,4.40571,0.225116,-0.225116,1230.0,0.463667,-0.463667,6223.0,130.6,-130.6,1.24,0.06,-0.06,402.195,,,1247.0,,,CONFIRMED
17.9051919,0.0002375,-0.0002375,3.00633,0.193885,-0.193885,771.0,43.0811,-43.0811,6223.0,130.6,-130.6,1.24,0.06,-0.06,76.5725,,,824.0,,,CONFIRMED
17.5328625,0.0002295,-0.0002295,2.60324,0.241906,-0.241906,547.0,63.2083,-63.2083,6160.0,140.0,-140.0,1.14,0.07,-0.07,53.5244,,,753.0,,,CANDIDATE
7.6014943,1.19e-05,-1.19e-05,9.00796,0.389099,-0.389099,1898.0,66.0068,-66.0068,7642.0,138.8,-138.8,1.99,0.08,-0.08,492.37,,,1312.0,,,CANDIDATE
7.4121119,5.4e-05,-5.4e-05,3.6822,0.246479,-0.246479,979.0,70.9286,-70.9286,6178.0,135.5,-135.5,1.19,0.06,-0.06,82.6575,,,840.0,,,CANDIDATE
1.445433,0.000968,-0.000968,3.493627,0.975823,-0.975823,16635.28994,2183.4067,-2183.4067,3266.0,101.0,-101.0,0.269,0.06,-0.06,29.2577267,,,593.1709781,,,FALSE POSITIVE
2.1667786,3.89e-05,-3.89e-05,1.77975,0.11083,-0.11083,282.0,16.4382,-16.4382,6224.0,135.5,-135.5,1.2,0.05,-0.05,4654.09,,,2301.0,,,CANDIDATE
9.4813433,1.23e-05,-1.23e-05,6.37051,,,9450.0,3.6185,-3.6185,4427.0,122.0,-122.0,0.63,,,2.79712,,,360.0,,,CANDIDATE
30.4408598,0.000641,-0.000641,7.19468,0.989414,-0.989414,1500.0,26.1023,-26.1023,8158.9,134.1,-134.1,1.58,0.1,-0.1,371.746,,,1223.0,,,FALSE POSITIVE
6.880459,3.88e-05,-3.88e-05,2.77633,0.170915,-0.170915,445.0,32.68,-32.68,6474.0,128.7,-128.7,1.31,0.06,-0.06,123.942,,,929.0,,,FALSE POSITIVE
2.0197299,5.5e-06,-5.5e-06,3.29943,0.183988,-0.183988,426.0,16.1069,-16.1069,5810.0,139.5,-139.5,1.77,0.09,-0.09,1353.12,,,1689.0,,,FALSE POSITIVE
7.8092052,1.71e-05,-1.71e-05,2.70889,0.135045,-0.135045,480.0,0.101394,-0.101394,5906.9,108.1,-108.1,1.22,0.06,-0.06,230.628,,,1085.0,,,CONFIRMED
3.2092033,1e-06,-1e-06,6.33877,,,2038.0,335.782,-335.782,5060.5,,,0.91,,,67.6268,,,,,,CANDIDATE
1.7292681,5.3e-06,-5.3e-06,12.6001269,0.5737157,-0.5737157,23043.2055193,977.4027,-977.4027,4377.0,122.0,-122.0,0.766495,,,313.9308182,,,1073.564736,,,CONFIRMED
5.9471027,0.000448,-0.000448,7.14437,2.91129,-2.91129,3540.0,1955.36,-1955.36,3859.0,157.0,-157.0,0.6,0.02,-0.02,47.8442,,,732.0,,,CANDIDATE
11.3909685,2.18e-05,-2.18e-05,11.1984741,0.6001173,-0.6001173,16337.7657792,497.249,-497.249,5027.0,,,0.875936,,,46.9021418,,,667.4487415,,,CONFIRMED
15.6113633,0.0011265,-0.0011265,2.9033347,0.5247555,-0.5247555,520.4897607,34.02321,-34.02321,6061.77,141.954,-141.954,1.22568,0.0643367,-0.0643367,111.9728668,,,829.6557911,,,CANDIDATE
11.8141726,0.0007113,-0.0007113,6.9724932,0.5843989,-0.5843989,1504.894167,34.66735,-34.66735,5609.0,128.932,-128.932,1.78598,0.0933392,-0.0933392,275.6427299,,,1039.2173413,,,CONFIRMED
1.7554285,1.7e-05,-1.7e-05,12.622985,0.7464507,-0.7464507,14716.5922677,132.95274,-132.95274,5306.0,130.7,-130.7,0.965222,0.0564422,-0.0564422,867.7365296,,,1384.2569724,,,CONFIRMED
5.20971,4e-06,-4e-06,12.0204139,1.8070215,-1.8070215,11394.4691538,253.23386,-253.23386,5296.38,107.392,-107.392,0.85412,0.0427136,-0.0427136,158.1645607,,,904.4759937,,,CANDIDATE
2.3843304,1.52e-05,-1.52e-05,2.8597467,3.5464292,-3.5464292,1128.6229858,106.589874,-106.589874,5296.38,107.392,-107.392,0.85412,0.0427136,-0.0427136,448.4410045,,,1173.6702026,,,CANDIDATE
7.9177855,0.0006128,-0.0006128,6.5930786,0.7292779,-0.7292779,6150.3984312,254.82172,-254.82172,5322.0,104.314,-104.314,0.840476,0.0425352,-0.0425352,88.706626,,,782.7242061,,,CONFIRMED
10.0546003,5.45e-05,-5.45e-05,2.1128666,0.5471421,-0.5471421,1321.020031,101.448135,-101.448135,3920.0,157.0,-157.0,0.550856,0.0164328,-0.0164328,11.5485637,,,470.166566,,,CONFIRMED
3.9178573,9.28e-05,-9.28e-05,7.07511,0.565614,-0.565614,4270.0,20.3528,-20.3528,5174.39,100.009,-100.009,0.88,0.04,-0.04,17.9382,,,573.0,,,CANDIDATE
5.0637114,9.5e-06,-9.5e-06,13.5595,0.730511,-0.730511,4940.0,0.278402,-0.278402,5447.0,126.6,-126.6,1.91,0.1,-0.1,843.513,,,1501.0,,,CANDIDATE
27.3714952,8.1e-05,-8.1e-05,18.3071322,0.9397903,-0.9397903,11052.8460427,92.28213,-92.28213,5903.0,334.0,-334.0,1.70581,0.0866133,-0.0866133,95.4886533,,,797.2741655,,,CANDIDATE
3.1148931,1.7e-06,-1.7e-06,12.1120086,0.2193787,-0.2193787,25980.7010915,359.70517,-359.70517,4973.0,172.0,-172.0,0.74956,,,198.0921858,,,956.8339703,,,CONFIRMED
1.7578288,5.3e-06,-5.3e-06,13.9433,1.9048,-1.9048,2116.0,619.888,-619.888,6640.0,178.4,-178.4,2.59,0.11,-0.11,29799.8,,,3660.0,,,FALSE POSITIVE
92.1950434,0.0002252,-0.0002252,16.0082,0.882858,-0.882858,27400.0,9.71836,-9.71836,5643.0,129.6,-129.6,1.0,0.05,-0.05,1.32226,,,298.0,,,CANDIDATE
54.3212423,0.007034,-0.007034,11.6348,0.753551,-0.753551,3708.0,6.4541,-6.4541,6207.0,129.4,-129.4,1.82,0.09,-0.09,6.76453,,,449.0,,,CONFIRMED
20.9108406,6.69e-05,-6.69e-05,11.3547,0.545364,-0.545364,5936.0,1.96593,-1.96593,6408.0,125.6,-125.6,1.38,0.06,-0.06,49.5559,,,739.0,,,CONFIRMED
9.7956535,8.22e-05,-8.22e-05,2.8237599,3.3757446,-3.3757446,1633.7953711,214.70784,-214.70784,4147.0,124.6,-124.6,0.706632,0.0674497,-0.0674497,21.964027,,,552.1381323,,,CONFIRMED
22.8524131,6.97e-05,-6.97e-05,8.99211,3.15004,-3.15004,1265.0,3932.76,-3932.76,5857.9,140.7,-140.7,1.08,0.08,-0.08,52.664,,,750.0,,,CANDIDATE
4.7464485,1.68e-05,-1.68e-05,10.3209,0.71537,-0.71537,1940.0,2.74774,-2.74774,5890.5,110.4,-110.4,2.26,0.13,-0.13,281.823,,,1141.0,,,CANDIDATE
5.8365098,5.52e-05,-5.52e-05,1.6134349,0.2802013,-0.2802013,256.7044803,25.219856,-25.219856,5259.0,119.5,-119.5,0.854084,0.0465779,-0.0465779,133.1006284,,,866.292942,,,CANDIDATE
3.6469454,4.09e-05,-4.09e-05,1.0301459,1.9709032,-1.9709032,145.1854235,21.876356,-21.876356,5259.0,119.5,-119.5,0.854084,0.0465779,-0.0465779,249.1602293,,,1013.3032371,,,CANDIDATE
4.2807509,2.79e-05,-2.79e-05,2.23474,0.145041,-0.145041,447.0,35.138,-35.138,5653.3,111.1,-111.1,1.03,0.05,-0.05,177.537,,,1016.0,,,CANDIDATE
5.7519475,2.02e-05,-2.02e-05,2.96374,0.295888,-0.295888,1200.0,0.662236,-0.662236,4181.8,127.7,-127.7,0.84,0.08,-0.08,37.7733,,,690.0,,,CANDIDATE
8.5623289,6.07e-05,-6.07e-05,6.9223911,1.2588531,-1.2588531,4321.4694896,349.6607,-349.6607,5545.3,88.6,-88.6,1.0230401,,,133.8066806,,,867.4395087,,,CONFIRMED
15.4658691,3.93e-05,-3.93e-05,5.07911,0.266584,-0.266584,2380.0,1.15527,-1.15527,5480.8,106.3,-106.3,1.02,0.05,-0.05,33.0649,,,668.0,,,CONFIRMED
8.2669589,5.23e-05,-5.23e-05,3.44807,0.224015,-0.224015,1316.0,58.6805,-58.6805,5411.1,139.0,-139.0,0.92,0.05,-0.05,140.125,,,958.0,,,CONFIRMED
3.577501,0.000206,-0.000206,3.3001,0.246493,-0.246493,1300.0,1.53004,-1.53004,4642.1,107.9,-107.9,0.87,0.06,-0.06,95.4633,,,870.0,,,CANDIDATE
1.7726881,0.0003463,-0.0003463,1.7148,0.182078,-0.182078,390.0,2.53953,-2.53953,5502.0,135.3,-135.3,0.89,0.05,-0.05,482.108,,,1305.0,,,CANDIDATE
4.8740385,4.53e-05,-4.53e-05,14.3194,,,6410.0,0.316859,-0.316859,6504.4,32.5,-32.5,1.8,,,819.404,,,1490.0,,,CANDIDATE
6.7713411,8.4e-06,-8.4e-06,5.07965,0.345574,-0.345574,2930.0,1.28903,-1.28903,5231.0,137.3,-137.3,0.89,0.06,-0.06,144.17,,,965.0,,,CONFIRMED
8.0387972,2.87e-05,-2.87e-05,2.25604,0.174709,-0.174709,738.0,64.944,-64.944,5002.0,120.069,-120.069,0.78,0.05,-0.05,42.1222,,,709.0,,,CANDIDATE
9.8850244,1.18e-05,-1.18e-05,11.9173601,8.328078,-8.328078,9891.3681761,513.5525,-513.5525,5522.0,180.0,-180.0,0.819196,,,66.4246834,,,728.1185957,,,FALSE POSITIVE
14.7565015,0.0016877,-0.0016877,5.7395617,0.9270195,-0.9270195,2238.4830035,136.26735,-136.26735,5790.7,105.0,-105.0,1.20174,0.0541709,-0.0541709,102.1266495,,,810.7827881,,,CONFIRMED
15.7815791,7.87e-05,-7.87e-05,11.7676797,0.6352225,-0.6352225,12007.7992641,752.6389,-752.6389,5780.0,,,1.0,,,65.8903912,,,726.6499887,,,CANDIDATE
4.7218077,0.0014608,-0.0014608,3.124138,0.3812875,-0.3812875,1410.4539374,125.243416,-125.243416,4570.0,118.117,-118.117,0.707615,0.0515578,-0.0515578,80.1967213,,,763.2360985,,,CANDIDATE
4.0035773,0.000888,-0.000888,12.9627879,1.9405705,-1.9405705,14273.8513137,1139.4954,-1139.4954,5318.0,122.0,-122.0,1.08492,,,365.8185403,,,1115.4142221,,,CONFIRMED
12.2193392,6.69e-05,-6.69e-05,4.8045458,0.4249239,-0.4249239,1670.1310625,73.94849,-73.94849,5643.77,110.947,-110.947,1.09457,0.0513442,-0.0513442,100.9111624,,,808.3726382,,,CONFIRMED
6.8548465,0.000277,-0.000277,15.6545004,0.6808158,-0.6808158,16276.2815794,849.4104,-849.4104,4797.5,34.9666,-34.9666,1.06192,,,126.5073461,,,855.3595051,,,CANDIDATE
20.3550739,0.0022565,-0.0022565,10.5079933,0.6571722,-0.6571722,37499.7343542,2102.782,-2102.782,3728.0,157.0,-157.0,0.539092,0.0168765,-0.0168765,3.5797006,,,350.8176432,,,CANDIDATE
2.2085904,6.7e-06,-6.7e-06,1.8831,0.0952637,-0.0952637,151.0,4.41938,-4.41938,6183.0,128.3,-128.3,1.68,0.08,-0.08,3785.82,,,2185.0,,,CANDIDATE
14.0666014,0.0052146,-0.0052146,3.1908777,2.8080952,-2.8080952,1450.8250307,187.34854,-187.34854,5141.67,104.391,-104.391,0.837606,0.0416307,-0.0416307,37.0819499,,,629.3763076,,,CONFIRMED
0.2874782,2e-07,-2e-07,5.53402,0.498202,-0.498202,1940.0,14.0362,-14.0362,5702.0,129.2,-129.2,1.02,0.05,-0.05,5953.77,,,2447.0,,,CANDIDATE
17.87897,0.004585,-0.004585,3.618524,4.193206,-4.193206,976.801579,136.64546,-136.64546,5596.0,187.0,-187.0,1.13674,0.151592,-0.151592,63.7655934,,,720.7196301,,,CANDIDATE
2.7779767,2.36e-05,-2.36e-05,15.9998,1.0191,-1.0191,7890.0,8.33302,-8.33302,6976.0,161.0,-161.0,1.71,0.09,-0.09,609.495,,,1384.0,,,CANDIDATE
3.8922407,2.33e-05,-2.33e-05,13.0318,0.783838,-0.783838,6100.0,4.2674,-4.2674,5943.0,137.4,-137.4,1.66,0.09,-0.09,387.931,,,1236.0,,,CANDIDATE
7.3039588,6.56e-05,-6.56e-05,4.15031,0.243239,-0.243239,2050.0,1.69203,-1.69203,5718.0,127.2,-127.2,0.9,0.04,-0.04,149.732,,,974.0,,,CANDIDATE
2.7395591,0.000522,-0.000522,15.259201,0.8469752,-0.8469752,9227.4218481,473.5541,-473.5541,5919.0,122.0,-122.0,1.5425,,,1691.1708699,,,1635.5605318,,,CANDIDATE
2.2751393,1.11e-05,-1.11e-05,10.5509,0.714627,-0.714627,3350.0,7.51845,-7.51845,5810.0,123.9,-123.9,1.71,0.08,-0.08,1207.23,,,1642.0,,,FALSE POSITIVE
4.2788309,2.95e-05,-2.95e-05,17.4175,1.05619,-1.05619,7750.0,3.01276,-3.01276,6353.0,144.2,-144.2,1.98,0.11,-0.11,1098.85,,,1603.0,,,CANDIDATE
2.503254,1.08e-05,-1.08e-05,17.5644,0.750468,-0.750468,9960.0,3.53245,-3.53245,8076.0,180.8,-180.8,1.73,0.06,-0.06,3356.68,,,2120.0,,,CANDIDATE
17.8597459,0.0001572,-0.0001572,6.12838,0.34412,-0.34412,2180.0,2.163,-2.163,6263.0,123.1,-123.1,1.3,0.06,-0.06,80.0325,,,833.0,,,CANDIDATE
22.43341,0.0002413,-0.0002413,6.9652,0.467528,-0.467528,940.0,1.09305,-1.09305,5395.0,130.5,-130.5,2.25,0.13,-0.13,46.3189,,,726.0,,,CANDIDATE
9.5064017,2.98e-05,-2.98e-05,14.3253,3.14276,-3.14276,8710.0,660.759,-660.759,5999.0,141.1,-141.1,1.09,0.05,-0.05,287.739,,,1147.0,,,FALSE POSITIVE
1.2652338,7e-07,-7e-07,11.9244053,0.3808433,-0.3808433,110215.6795079,1072.4487,-1072.4487,3225.0,100.0,-100.0,0.355309,0.0109591,-0.0109591,53.9865076,,,691.3390016,,,CONFIRMED
5.7488688,4.2e-05,-4.2e-05,12.6677,0.633074,-0.633074,5080.0,2.45816,-2.45816,6728.0,127.4,-127.4,1.73,0.08,-0.08,786.234,,,1475.0,,,CANDIDATE
3.0278609,2.76e-05,-2.76e-05,15.5158,0.928047,-0.928047,6680.0,9.49451,-9.49451,8032.0,1134.2,-1134.2,1.9,0.08,-0.08,4163.14,,,2237.0,,,CANDIDATE
4.7271324,1.87e-05,-1.87e-05,16.0689,0.814824,-0.814824,8600.0,2.61966,-2.61966,6121.7,109.4,-109.4,1.74,0.08,-0.08,868.672,,,1512.0,,,CANDIDATE
18.9972068,0.0002025,-0.0002025,4.7954,0.334897,-0.334897,2960.0,5.66922,-5.66922,5469.0,123.8,-123.8,0.88,0.04,-0.04,28.2737,,,642.0,,,CANDIDATE
7.0485133,5.75e-05,-5.75e-05,9.80458,0.528981,-0.528981,4950.0,2.91602,-2.91602,5889.0,123.5,-123.5,1.37,0.06,-0.06,202.23,,,1050.0,,,CANDIDATE
3.1523405,1.51e-05,-1.51e-05,12.6359,0.813147,-0.813147,6440.0,6.42572,-6.42572,6124.0,456.0,-456.0,1.54,0.08,-0.08,895.126,,,1523.0,,,CANDIDATE
2.5677096,1.39e-05,-1.39e-05,12.6572,,,10430.0,11.5672,-11.5672,5854.0,122.0,-122.0,1.24,,,917.773,,,1533.0,,,CANDIDATE
3.2623468,8.3e-06,-8.3e-06,13.2175,0.746512,-0.746512,8540.0,2.30303,-2.30303,5957.4,142.7,-142.7,1.41,0.08,-0.08,689.893,,,1427.0,,,FALSE POSITIVE
3.9131371,0.0006544,-0.0006544,12.4444,1.12235,-1.12235,37860.0,236.567,-236.567,3773.0,157.0,-157.0,0.62,0.02,-0.02,25.4932,,,625.0,,,FALSE POSITIVE
0.523613,1.24e-05,-1.24e-05,1.4861645,0.6619821,-0.6619821,82.9259401,10.425028,-10.425028,7450.0,211.0,-211.0,1.52949,0.054392,-0.054392,26568.3567102,,,3256.1988827,,,CANDIDATE
17.4372954,0.000114,-0.000114,11.4845,3.78653,-3.78653,2060.0,571.39,-571.39,6520.0,132.2,-132.2,1.43,0.06,-0.06,215.608,,,1067.0,,,CANDIDATE
3.8558229,6.3e-06,-6.3e-06,17.8128,,,13730.0,1.72897,-1.72897,5704.0,123.0,-123.0,1.48,,,502.171,,,1318.0,,,CANDIDATE
34.6141657,0.0002519,-0.0002519,7.6965,1.72567,-1.72567,1470.0,79.6523,-79.6523,6382.0,125.9,-125.9,1.72,0.07,-0.07,31.4696,,,659.0,,,CANDIDATE
15.1255732,0.0003451,-0.0003451,10.2442,0.849297,-0.849297,2080.0,6.48721,-6.48721,5907.2,140.3,-140.3,2.28,0.12,-0.12,161.672,,,993.0,,,CANDIDATE
1.593603,7.5e-06,-7.5e-06,14.4804,0.755636,-0.755636,5300.0,2.98608,-2.98608,6589.0,613.0,-613.0,1.99,0.09,-0.09,5402.33,,,2388.0,,,CANDIDATE
1.6306523,5.68e-05,-5.68e-05,11.1125,0.428663,-0.428663,68050.0,37.07,-37.07,3262.0,157.0,-157.0,0.4,0.01,-0.01,30.1966,,,653.0,,,CONFIRMED
4.4716261,1.56e-05,-1.56e-05,17.4958,0.935213,-0.935213,5000.0,0.975158,-0.975158,5972.0,128.3,-128.3,2.41,0.12,-0.12,1694.87,,,1787.0,,,CANDIDATE
24.6951647,0.0001775,-0.0001775,6.41046,0.298545,-0.298545,13290.0,13.8769,-13.8769,3850.0,157.0,-157.0,0.56,0.02,-0.02,3.18912,,,372.0,,,CANDIDATE
12.2307873,0.0001094,-0.0001094,8.68366,,,4330.0,4.46222,-4.46222,6164.0,,,1.31,,,85.8245,,,,,,CANDIDATE
2.635737,7.3e-06,-7.3e-06,13.8231,0.764196,-0.764196,21500.0,9.52251,-9.52251,5900.0,209.1,-209.1,0.92,0.05,-0.05,479.892,,,1303.0,,,CANDIDATE
1.5428486,4.1e-06,-4.1e-06,1.9653032,1.1161664,-1.1161664,2154.4855781,137.57423,-137.57423,3439.0,69.0,-69.0,0.420028,0.0125005,-0.0125005,60.0176145,,,709.8873414,,,CANDIDATE
4.5661309,7.9e-06,-7.9e-06,11.6029,0.618573,-0.618573,7630.0,1.48185,-1.48185,5569.0,151.3,-151.3,1.28,0.07,-0.07,377.954,,,1228.0,,,CANDIDATE
2.0961984,0.0002699,-0.0002699,18.2172,,,13710.0,18.2078,-18.2078,6379.0,122.0,-122.0,1.57,,,2405.31,,,1951.0,,,CANDIDATE
2.4011407,0.0001326,-0.0001326,11.6862609,5.5325575,-5.5325575,3193.9893038,276.5797,-276.5797,5911.0,129.0,-129.0,1.50878,0.0740277,-0.0740277,1918.6201878,,,1687.9788551,,,FALSE POSITIVE
4.5333993,2.26e-05,-2.26e-05,16.84,6.78721,-6.78721,7690.0,2995.63,-2995.63,6254.0,153.2,-153.2,1.12,0.05,-0.05,159.735,,,990.0,,,CANDIDATE
5.3333965,3.82e-05,-3.82e-05,13.3147,0.87594,-0.87594,2710.0,1.49702,-1.49702,5840.8,140.2,-140.2,2.53,0.15,-0.15,871.955,,,1513.0,,,CANDIDATE
7.4244269,7.34e-05,-7.34e-05,11.1736,0.805202,-0.805202,7290.0,14.3468,-14.3468,5873.0,158.7,-158.7,1.34,0.07,-0.07,196.654,,,1043.0,,,CANDIDATE
1.8951273,7.3e-06,-7.3e-06,10.1981,0.551156,-0.551156,2130.0,1.30236,-1.30236,6818.0,129.2,-129.2,2.28,0.11,-0.11,5318.45,,,2379.0,,,CANDIDATE
4.3713133,6.38e-05,-6.38e-05,12.9868,3.75756,-3.75756,2960.0,178.76,-178.76,6029.0,204.2,-204.2,2.45,0.2,-0.2,847.146,,,1502.0,,,CANDIDATE
4.2914879,9.49e-05,-9.49e-05,9.3875781,0.6077101,-0.6077101,19180.7233775,758.653,-758.653,3937.0,157.0,-157.0,0.675707,0.0205381,-0.0205381,49.1792111,,,675.4063492,,,CONFIRMED
2.88753,2.49e-05,-2.49e-05,16.2965,,,7680.0,14.2807,-14.2807,6095.0,122.0,-122.0,1.87,,,1422.54,,,1710.0,,,CANDIDATE
0.3969687,7.9e-06,-7.9e-06,2.108062,0.4650165,-0.4650165,110.7179018,7.09576,-7.09576,7381.0,80.0,-80.0,1.86219,0.0693166,-0.0693166,58306.893695,,,3963.2340986,,,CANDIDATE
2.0876485,7.8e-06,-7.8e-06,18.0794,,,12940.0,5.85477,-5.85477,6655.0,122.0,-122.0,1.58,,,2243.2,,,1917.0,,,CANDIDATE
4.4247361,7.6e-06,-7.6e-06,10.688,,,13312.0,469.577,-469.577,5536.0,122.0,-122.0,0.94,,,223.224,,,1076.0,,,CANDIDATE
4.0656968,4.35e-05,-4.35e-05,18.7081977,0.2297526,-0.2297526,13698.7386688,195.56935,-195.56935,6424.0,122.0,-122.0,1.53116,,,1207.0370102,,,1503.3146725,,,CANDIDATE
5.2819763,4.63e-05,-4.63e-05,14.0062,4.0342,-4.0342,3320.0,208.452,-208.452,6228.0,186.4,-186.4,2.5,0.12,-0.12,1409.33,,,1706.0,,,CANDIDATE
22.9367426,0.0001174,-0.0001174,8.88483,0.759682,-0.759682,3520.0,17.2949,-17.2949,5721.0,126.1,-126.1,1.34,0.07,-0.07,5.57635,,,428.0,,,CANDIDATE
7.8284207,1.2e-05,-1.2e-05,17.0783,0.875392,-0.875392,32460.0,4.03967,-4.03967,5707.0,134.6,-134.6,0.94,0.05,-0.05,275.376,,,1134.0,,,FALSE POSITIVE
3.7325203,4.4e-06,-4.4e-06,9.10598,0.451212,-0.451212,4800.0,0.890541,-0.890541,5824.6,158.2,-158.2,1.3,0.06,-0.06,445.556,,,1279.0,,,CANDIDATE
8.3221959,3.55e-05,-3.55e-05,11.2943,0.649256,-0.649256,4460.0,4.0754,-4.0754,5899.0,120.2,-120.2,1.65,0.08,-0.08,90.1896,,,858.0,,,CANDIDATE
5.9184575,2.2e-05,-2.2e-05,3.4729,0.227687,-0.227687,1240.0,0.894902,-0.894902,5087.5,153.5,-153.5,0.97,0.06,-0.06,130.7,,,941.0,,,CANDIDATE
7.1452343,1.71e-05,-1.71e-05,12.0822,,,14520.0,5.46937,-5.46937,5685.0,122.0,-122.0,0.98,,,120.883,,,923.0,,,CANDIDATE
1.5163046,2.22e-05,-2.22e-05,10.3854,0.792852,-0.792852,1180.0,3.26034,-3.26034,6529.0,165.8,-165.8,3.11,0.15,-0.15,7863.45,,,2623.0,,,FALSE POSITIVE
4.0966887,1.85e-05,-1.85e-05,12.9734,0.639339,-0.639339,5620.0,1.7761,-1.7761,6212.0,128.4,-128.4,1.74,0.08,-0.08,1193.86,,,1637.0,,,CONFIRMED
25.763332,6.82e-05,-6.82e-05,5.77167,0.343342,-0.343342,2560.0,2.78039,-2.78039,5795.0,131.7,-131.7,1.06,0.05,-0.05,3.75556,,,387.0,,,CANDIDATE
15.1016086,0.0004979,-0.0004979,2.71644,0.233876,-0.233876,520.0,2.34201,-2.34201,6511.0,128.7,-128.7,1.18,0.05,-0.05,126.721,,,934.0,,,CANDIDATE
26.1442304,0.0002067,-0.0002067,8.19739,2.96378,-2.96378,1980.0,606.38,-606.38,5721.0,135.0,-135.0,1.08,0.05,-0.05,35.8503,,,681.0,,,CANDIDATE
10.9974977,9.95e-05,-9.95e-05,9.89885,2.79615,-2.79615,3400.0,131.68,-131.68,6188.0,181.5,-181.5,2.18,0.1,-0.1,461.346,,,1291.0,,,CANDIDATE
2.9889845,0.0013254,-0.0013254,17.7415,1.56968,-1.56968,13920.0,71.3494,-71.3494,6002.0,144.7,-144.7,1.42,0.07,-0.07,314.21,,,1172.0,,,CANDIDATE
4.8721904,1.11e-05,-1.11e-05,4.89644,0.255533,-0.255533,2180.0,0.68771,-0.68771,5430.5,134.1,-134.1,1.02,0.05,-0.05,195.925,,,1042.0,,,CONFIRMED
11.3182327,8.88e-05,-8.88e-05,8.83548,0.542817,-0.542817,5080.0,7.20219,-7.20219,5969.0,130.2,-130.2,1.24,0.06,-0.06,59.5158,,,773.0,,,CANDIDATE
4.1793301,2.08e-05,-2.08e-05,16.1603,0.741838,-0.741838,4900.0,1.18721,-1.18721,7349.0,131.9,-131.9,2.31,0.1,-0.1,2876.9,,,2040.0,,,CONFIRMED
4.8398399,1.97e-05,-1.97e-05,12.0967,0.736018,-0.736018,7040.0,3.14494,-3.14494,5506.0,210.5,-210.5,1.39,0.08,-0.08,199.608,,,1047.0,,,CANDIDATE
2.4038486,1.08e-05,-1.08e-05,11.4754,0.78415,-0.78415,16500.0,14.638,-14.638,5074.0,123.6,-123.6,0.85,0.05,-0.05,242.515,,,1099.0,,,CANDIDATE
1.6087939,8.1e-06,-8.1e-06,16.2542,1.08003,-1.08003,8160.0,13.4409,-13.4409,5995.0,145.8,-145.8,1.81,0.09,-0.09,1301.71,,,1673.0,,,CANDIDATE
5.0821798,3.74e-05,-3.74e-05,10.6708,0.671855,-0.671855,4930.0,5.99153,-5.99153,5929.0,164.6,-164.6,1.53,0.08,-0.08,592.328,,,1374.0,,,CANDIDATE
0.6972223,2.2e-06,-2.2e-06,14.5958,,,6460.0,15.0831,-15.0831,6556.0,122.0,-122.0,1.74,,,3144.23,,,2086.0,,,FALSE POSITIVE
12.9177538,4.59e-05,-4.59e-05,15.194,1.45257,-1.45257,11460.0,71.641,-71.641,5606.0,133.3,-133.3,1.3,0.07,-0.07,21.7315,,,601.0,,,CANDIDATE
4.6285493,2.27e-05,-2.27e-05,12.8401,,,15300.0,15.537,-15.537,6007.0,122.0,-122.0,1.06,,,300.005,,,1159.0,,,CANDIDATE
14.8608019,0.0037224,-0.0037224,4.4404093,0.3455103,-0.3455103,556.6027212,47.607258,-47.607258,7064.0,206.0,-206.0,1.62231,0.0737638,-0.0737638,239.0475595,,,1002.8611977,,,CANDIDATE
5.4463931,3.43e-05,-3.43e-05,20.2415,1.48983,-1.48983,8350.0,13.3833,-13.3833,6815.0,163.3,-163.3,2.19,0.13,-0.13,236.789,,,1092.0,,,CANDIDATE
2.3205922,6.1e-06,-6.1e-06,14.7239,0.759025,-0.759025,8900.0,4.88809,-4.88809,6756.0,287.1,-287.1,1.51,0.07,-0.07,1400.15,,,1704.0,,,CANDIDATE
8.5394045,0.0001975,-0.0001975,13.4388,1.01718,-1.01718,6460.0,17.7405,-17.7405,6369.0,157.4,-157.4,1.7,0.08,-0.08,566.287,,,1359.0,,,CANDIDATE
4.4836616,2.09e-05,-2.09e-05,13.9078,0.886004,-0.886004,3420.0,3.03256,-3.03256,5646.0,176.1,-176.1,2.35,0.13,-0.13,445.248,,,1279.0,,,CANDIDATE
2.612273,6.3e-06,-6.3e-06,12.9095,0.614722,-0.614722,7680.0,1.94614,-1.94614,5874.0,108.7,-108.7,1.45,0.06,-0.06,989.904,,,1562.0,,,CANDIDATE
21.1968768,0.0001142,-0.0001142,6.85964,,,6630.0,5.71289,-5.71289,4934.0,122.0,-122.0,0.84,,,15.5174,,,552.0,,,CANDIDATE
3.1979646,3.31e-05,-3.31e-05,12.9757,4.17196,-4.17196,2060.0,162.116,-162.116,5990.0,139.8,-139.8,2.93,0.17,-0.17,3205.65,,,2096.0,,,FALSE POSITIVE
0.5919629,2.1e-06,-2.1e-06,9.90447,0.622673,-0.622673,2450.0,3.83586,-3.83586,6337.0,123.6,-123.6,1.85,0.09,-0.09,3301.1,,,2111.0,,,FALSE POSITIVE
3.0321361,1.47e-05,-1.47e-05,12.5315,,,13790.0,13.0235,-13.0235,6071.0,122.0,-122.0,1.06,,,403.028,,,1248.0,,,CANDIDATE
7.699087,0.003345,-0.003345,6.21451,8.41901,-8.41901,8072.469566,625.70715,-625.70715,3617.0,67.0,-67.0,0.45,0.07,-0.07,8.7213046,,,438.2935835,,,FALSE POSITIVE
7.2617331,0.0002188,-0.0002188,3.97249,0.406198,-0.406198,1310.0,5.73631,-5.73631,4780.0,131.1,-131.1,1.09,0.08,-0.08,306.111,,,1165.0,,,FALSE POSITIVE
4.1509756,1.07e-05,-1.07e-05,10.8804,0.649425,-0.649425,9780.0,7.05147,-7.05147,5686.0,123.6,-123.6,1.04,0.05,-0.05,159.592,,,990.0,,,CANDIDATE
2.873138,3.39e-05,-3.39e-05,3.97027,0.326139,-0.326139,1240.0,4.65408,-4.65408,5856.0,131.0,-131.0,1.11,0.05,-0.05,953.868,,,1548.0,,,FALSE POSITIVE
3.1501356,9.1e-06,-9.1e-06,20.3727,,,16270.0,13.2605,-13.2605,5950.0,127.0,-127.0,1.56,,,357.357,,,1211.0,,,CANDIDATE
4.4274169,1.8e-05,-1.8e-05,19.9341,0.988097,-0.988097,10600.0,3.51354,-3.51354,6812.0,192.4,-192.4,1.92,0.09,-0.09,1995.4,,,1861.0,,,CANDIDATE
11.5914514,6.5e-05,-6.5e-05,3.16826,0.228928,-0.228928,832.0,77.4328,-77.4328,5896.0,126.5,-126.5,1.08,0.05,-0.05,29.4907,,,649.0,,,CANDIDATE
4.4138638,2.25e-05,-2.25e-05,18.0459,5.90785,-5.90785,11300.0,2674.97,-2674.97,6006.0,168.0,-168.0,1.03,0.05,-0.05,709.493,,,1437.0,,,FALSE POSITIVE
13.7036806,0.0005331,-0.0005331,2.8229,0.279196,-0.279196,1020.0,6.21234,-6.21234,5546.0,120.5,-120.5,0.87,0.04,-0.04,96.0669,,,872.0,,,CANDIDATE
2.0685871,1e-06,-1e-06,12.5176,0.383319,-0.383319,38060.0,1.17599,-1.17599,3162.0,157.0,-157.0,0.31,0.01,-0.01,6.13725,,,438.0,,,FALSE POSITIVE
2.7340756,4.28e-05,-4.28e-05,9.45026,0.713606,-0.713606,1700.0,6.14981,-6.14981,8524.0,186.4,-186.4,2.25,0.09,-0.09,2179.86,,,1903.0,,,CANDIDATE
1.0513177,0.0002454,-0.0002454,16.1359,0.903504,-0.903504,5720.0,6.79412,-6.79412,7529.0,181.4,-181.4,2.22,0.09,-0.09,13073.2,,,2978.0,,,CANDIDATE
4.3108587,3.4e-05,-3.4e-05,4.50948,,,1020.0,1.39521,-1.39521,6358.0,,,1.41,,,836.11,,,,,,CANDIDATE
5.0135727,3.53e-05,-3.53e-05,9.19425,2.51141,-2.51141,3520.0,206.105,-206.105,5930.0,178.1,-178.1,1.56,0.08,-0.08,635.189,,,1398.0,,,CANDIDATE
3.4100261,1.98e-05,-1.98e-05,7.9526,0.515343,-0.515343,5200.0,8.13195,-8.13195,6109.0,170.1,-170.1,1.08,0.05,-0.05,406.598,,,1251.0,,,FALSE POSITIVE
6.1313492,3.41e-05,-3.41e-05,4.7793,,,3730.0,5.00004,-5.00004,4310.0,122.0,-122.0,0.76,,,39.468,,,698.0,,,CANDIDATE
12.5951009,5.64e-05,-5.64e-05,8.14346,1.16273,-1.16273,4280.0,78.6774,-78.6774,5251.0,125.3,-125.3,1.09,0.06,-0.06,2.98815,,,366.0,,,FALSE POSITIVE
15.9929608,8.77e-05,-8.77e-05,13.4988,,,7870.0,563.413,-563.413,6132.0,122.0,-122.0,1.54,,,53.3959,,,753.0,,,CANDIDATE
0.435435,7e-07,-7e-07,17.9748711,8.748386,-8.748386,104138.5602976,1055.2979,-1055.2979,3349.0,157.0,-157.0,0.383284,0.0118038,-0.0118038,252.7287521,,,1016.912095,,,CANDIDATE
16.0104634,0.0001066,-0.0001066,8.86029,0.745059,-0.745059,7450.0,14.7343,-14.7343,5733.4,169.6,-169.6,1.03,0.07,-0.07,14.2918,,,541.0,,,CANDIDATE
3.5248693,,,9.045877,1.5458469,-1.5458469,24987.7992456,,,3965.0,147.0,-147.0,0.613,0.1,-0.1,53.1308724,,,688.5833009,,,FALSE POSITIVE
9.0165933,8.47e-05,-8.47e-05,9.81811,1.03746,-1.03746,2650.0,6.45437,-6.45437,6543.2,284.3,-284.3,1.88,0.17,-0.17,145.183,,,967.0,,,CANDIDATE
5.5047275,5.04e-05,-5.04e-05,12.7051,,,7530.0,14.9757,-14.9757,5865.0,123.0,-123.0,1.47,,,448.634,,,1282.0,,,CANDIDATE
1.392516,5.9e-06,-5.9e-06,9.7757,,,4390.0,7.97118,-7.97118,6082.0,122.0,-122.0,1.45,,,769.854,,,1467.0,,,CANDIDATE
6.949428,2.77e-05,-2.77e-05,9.02158,0.508686,-0.508686,3050.0,2.79174,-2.79174,6817.0,241.6,-241.6,1.61,0.07,-0.07,208.013,,,1058.0,,,FALSE POSITIVE
2.0327015,1.6e-05,-1.6e-05,21.5462,,,13040.0,41.7824,-41.7824,6555.0,122.0,-122.0,1.86,,,1195.69,,,1638.0,,,CANDIDATE
4.3852176,0.0016486,-0.0016486,10.2627,1.06479,-1.06479,18080.0,25.012,-25.012,4076.0,121.0,-121.0,0.76,0.07,-0.07,41.2399,,,705.0,,,CANDIDATE
3.2988824,0.0006811,-0.0006811,9.7209,,,11160.0,13.8825,-13.8825,5735.0,122.0,-122.0,0.9,,,358.69,,,1212.0,,,CANDIDATE
3.8123614,0.000504,-0.000504,11.0835,0.817706,-0.817706,18330.0,9.18044,-9.18044,4780.0,124.6,-124.6,0.82,0.06,-0.06,138.253,,,955.0,,,CANDIDATE
3.4411264,5.87e-05,-5.87e-05,4.89568,0.367884,-0.367884,2660.0,5.20773,-5.20773,5244.0,125.6,-125.6,0.94,0.05,-0.05,341.303,,,1197.0,,,CANDIDATE
1.665878,0.000283,-0.000283,6.98229,5.428897,-5.428897,85643.986097,2600.0479,-2600.0479,3021.0,97.0,-97.0,0.172,0.038,-0.038,10.9121139,,,463.5504123,,,FALSE POSITIVE
2.3007511,0.0004842,-0.0004842,6.24136,0.470327,-0.470327,2390.0,6.72504,-6.72504,5603.0,128.2,-128.2,1.21,0.06,-0.06,256.685,,,1115.0,,,CANDIDATE
2.0231137,0.0006929,-0.0006929,13.4378,2.00141,-2.00141,44030.0,913.133,-913.133,3767.0,157.0,-157.0,0.59,0.02,-0.02,35.677,,,680.0,,,CANDIDATE
2.9304371,0.0002822,-0.0002822,11.8933,,,50830.0,33.6627,-33.6627,3692.0,122.0,-122.0,0.5,,,31.8905,,,662.0,,,CONFIRMED
1.7386091,3.7e-06,-3.7e-06,10.8015,2.15843,-2.15843,18980.0,608.095,-608.095,5362.8,134.0,-134.0,0.75,0.05,-0.05,444.5,,,1279.0,,,FALSE POSITIVE
3.3014986,1.99e-05,-1.99e-05,11.7342,0.775075,-0.775075,5640.0,283.047,-283.047,6311.9,140.0,-140.0,1.53,0.09,-0.09,426.381,,,1265.0,,,CANDIDATE
2.6831464,1.79e-05,-1.79e-05,12.7073,,,14010.0,812.472,-812.472,5348.0,122.0,-122.0,1.03,,,262.791,,,1121.0,,,CANDIDATE
2.5792489,0.000432,-0.000432,19.2523,7.63589,-7.63589,7090.0,3946.54,-3946.54,5452.0,130.5,-130.5,1.09,0.06,-0.06,56.7896,,,764.0,,,CANDIDATE
6.3875739,4.7e-06,-4.7e-06,8.6121163,0.3353539,-0.3353539,23994.2960408,539.49713,-539.49713,3688.0,69.0,-69.0,0.544769,0.0163464,-0.0163464,14.2590446,,,495.6126203,,,CONFIRMED
2.2623535,0.0001164,-0.0001164,11.9692,1.11512,-1.11512,24470.0,7.29968,-7.29968,4219.0,126.1,-126.1,0.73,0.07,-0.07,131.906,,,944.0,,,CANDIDATE
5.8588751,2.5e-05,-2.5e-05,12.1366,0.740487,-0.740487,2690.0,1.22771,-1.22771,6418.0,133.4,-133.4,2.31,0.13,-0.13,429.794,,,1268.0,,,CONFIRMED
4.2417694,0.0002136,-0.0002136,11.5903,,,18430.0,18.7082,-18.7082,4794.0,122.0,-122.0,0.81,,,67.8153,,,799.0,,,CANDIDATE
9.809558,5.05e-05,-5.05e-05,12.8969,,,7631.0,737.528,-737.528,6480.0,122.0,-122.0,1.39,,,52.7617,,,750.0,,,CANDIDATE
3.7079439,0.0005716,-0.0005716,8.08217,,,7740.0,22.3327,-22.3327,5265.0,122.0,-122.0,0.89,,,203.091,,,1051.0,,,CANDIDATE
4.4632038,0.0004147,-0.0004147,11.6079,0.636508,-0.636508,7210.0,4.33745,-4.33745,5921.4,101.4,-101.4,1.37,0.07,-0.07,545.343,,,1346.0,,,CANDIDATE
5.3331348,3.51e-05,-3.51e-05,10.0196,0.689866,-0.689866,5670.0,6.06642,-6.06642,5807.7,172.3,-172.3,1.31,0.08,-0.08,203.229,,,1051.0,,,CANDIDATE
8.34034,1.06e-05,-1.06e-05,16.0764,0.902475,-0.902475,7360.0,6.49971,-6.49971,5444.3,205.3,-205.3,1.67,0.08,-0.08,206.357,,,1055.0,,,FALSE POSITIVE
6.4666483,6.7e-05,-6.7e-05,8.02442,,,6916.0,407.029,-407.029,5441.0,122.0,-122.0,1.01,,,166.169,,,1000.0,,,CANDIDATE
0.567995,0.000108,-0.000108,2.671369,1.172365,-1.172365,5208.552517,500.4922,-500.4922,3462.0,103.0,-103.0,0.368,0.073,-0.073,185.0742346,,,940.7110382,,,FALSE POSITIVE
11.2036244,0.0001002,-0.0001002,6.17248,0.551891,-0.551891,5580.0,9.41919,-9.41919,4329.8,104.0,-104.0,0.81,0.06,-0.06,19.2497,,,583.0,,,CANDIDATE
39.0536929,0.0028443,-0.0028443,13.5254,0.823376,-0.823376,32970.0,87.2476,-87.2476,3793.0,157.0,-157.0,0.7,0.02,-0.02,0.431293,,,225.0,,,CANDIDATE
46.1965072,0.0028349,-0.0028349,8.33656,0.583623,-0.583623,8460.0,7.4646,-7.4646,5397.7,138.5,-138.5,0.91,0.06,-0.06,3.59287,,,383.0,,,CANDIDATE
3.2571037,0.0002755,-0.0002755,13.21,,,15420.0,11.4319,-11.4319,5442.9,52.5,-52.5,1.04,,,313.937,,,1172.0,,,CANDIDATE
2.5351022,7.8e-06,-7.8e-06,12.5634,,,13917.0,426.882,-426.882,6143.0,122.0,-122.0,1.05,,,688.571,,,1427.0,,,CANDIDATE
2.4704071,9e-07,-9e-07,17.1677,0.838859,-0.838859,41450.0,1.13502,-1.13502,3333.0,157.0,-157.0,0.43,0.02,-0.02,14.841,,,546.0,,,CANDIDATE
0.9997277,0.000313,-0.000313,10.9188,,,4890.0,13.0813,-13.0813,5849.8,24.8,-24.8,1.61,,,2105.63,,,1887.0,,,CANDIDATE
8.662046,0.0011555,-0.0011555,11.1852,0.659868,-0.659868,7070.0,7.02394,-7.02394,5981.3,111.8,-111.8,1.31,0.06,-0.06,119.291,,,920.0,,,CANDIDATE
4.9583217,1.99e-05,-1.99e-05,16.3815,1.0868,-1.0868,5121.0,142.782,-142.782,5801.0,128.1,-128.1,2.55,0.16,-0.16,862.417,,,1509.0,,,CANDIDATE
4.0785273,1.7e-05,-1.7e-05,3.74681,0.617629,-0.617629,4530.0,40.2943,-40.2943,3580.0,124.3,-124.3,0.48,0.07,-0.07,38.7885,,,695.0,,,CONFIRMED
2.32664,2.8e-06,-2.8e-06,5.5911206,1.0404642,-1.0404642,7844.7831198,275.52435,-275.52435,3946.0,69.0,-69.0,0.623609,0.0186859,-0.0186859,87.0961414,,,779.1471354,,,CONFIRMED
10.1391591,2.81e-05,-2.81e-05,16.5118,0.820598,-0.820598,6450.0,3.41999,-3.41999,6584.3,100.6,-100.6,2.04,0.09,-0.09,90.2977,,,858.0,,,FALSE POSITIVE
5.4233428,1.44e-05,-1.44e-05,16.7305,0.914122,-0.914122,13384.0,203.333,-203.333,5790.0,129.3,-129.3,1.43,0.08,-0.08,558.524,,,1354.0,,,CANDIDATE
5.0269053,0.0003343,-0.0003343,10.4869,,,18460.0,8.8461,-8.8461,4738.0,122.0,-122.0,0.75,,,83.5964,,,842.0,,,CANDIDATE
15.057596,3.81e-05,-3.81e-05,7.19514,0.492223,-0.492223,5380.0,9.77274,-9.77274,5948.0,126.0,-126.0,0.92,0.05,-0.05,8.48258,,,475.0,,,CANDIDATE
3.133469,0.0002958,-0.0002958,9.11145,,,3000.0,2.99674,-2.99674,6312.9,,,1.61,,,615.127,,,,,,CANDIDATE
4.6671176,1.76e-05,-1.76e-05,11.4089,0.654802,-0.654802,14940.0,4.08439,-4.08439,5377.0,142.6,-142.6,0.91,0.05,-0.05,128.159,,,937.0,,,CANDIDATE
5.4886518,0.0004019,-0.0004019,17.6429,0.844283,-0.844283,4580.0,0.642169,-0.642169,6119.8,100.9,-100.9,2.54,0.12,-0.12,1434.4,,,1714.0,,,CANDIDATE
3.7796053,0.0003577,-0.0003577,11.2162,3.2121,-3.2121,4080.0,562.093,-562.093,5892.0,126.6,-126.6,1.21,0.06,-0.06,47.7257,,,732.0,,,CANDIDATE
19.5715862,2.09e-05,-2.09e-05,3.6067731,0.5393815,-0.5393815,1677.0138379,34.52487,-34.52487,4666.1,64.0,-64.0,0.88568,0.0625528,-0.0625528,20.1362084,,,540.2741317,,,CANDIDATE
4.6303272,9.83e-05,-9.83e-05,13.0324,0.764419,-0.764419,9270.0,10.9069,-10.9069,6701.0,108.6,-108.6,1.38,0.06,-0.06,958.026,,,1549.0,,,CANDIDATE
22.7545332,0.00014,-0.00014,11.7908,0.725752,-0.725752,14960.0,5.14532,-5.14532,5580.0,246.1,-246.1,0.93,0.05,-0.05,12.7448,,,526.0,,,CANDIDATE
3.9544873,1.35e-05,-1.35e-05,9.29453,0.655407,-0.655407,4630.0,7.14588,-7.14588,6002.5,119.4,-119.4,1.35,0.08,-0.08,195.804,,,1042.0,,,CANDIDATE
11.4420309,0.0002086,-0.0002086,4.14274,0.364964,-0.364964,2290.0,4.95535,-4.95535,4932.0,304.2,-304.2,0.87,0.06,-0.06,83.2925,,,841.0,,,CANDIDATE
3.6136326,0.0001299,-0.0001299,12.3259,0.843475,-0.843475,7280.0,1.90899,-1.90899,5957.5,143.5,-143.5,1.41,0.09,-0.09,674.791,,,1419.0,,,CANDIDATE
3.6139919,0.0006334,-0.0006334,4.08922,0.372453,-0.372453,1780.0,8.87114,-8.87114,5427.0,134.3,-134.3,0.92,0.05,-0.05,200.83,,,1048.0,,,CANDIDATE
4.0153167,0.001535,-0.001535,16.8231,1.09473,-1.09473,12560.0,13.4395,-13.4395,6093.9,101.3,-101.3,1.48,0.08,-0.08,776.308,,,1470.0,,,CANDIDATE
0.7135221,4.7e-05,-4.7e-05,10.5169,2.06325,-2.06325,4660.0,244.152,-244.152,4626.0,271.0,-271.0,1.08,0.09,-0.09,221.115,,,1074.0,,,CANDIDATE
2.6429687,0.0001395,-0.0001395,13.9715,,,17800.0,7.14343,-7.14343,5439.0,122.0,-122.0,1.01,,,346.2,,,1201.0,,,CANDIDATE
15.1873222,0.0001001,-0.0001001,8.96869,0.535744,-0.535744,8710.0,6.47711,-6.47711,5938.0,182.4,-182.4,0.98,0.05,-0.05,43.4731,,,715.0,,,CANDIDATE
4.0350444,2.78e-05,-2.78e-05,12.5330606,1.699505,-1.699505,11850.4722606,1109.5808,-1109.5808,5945.0,,,1.1370699,,,546.5338871,,,1233.1730452,,,CONFIRMED
4.9393117,0.0001821,-0.0001821,13.6199,0.661625,-0.661625,6420.0,0.931936,-0.931936,6287.2,106.7,-106.7,1.69,0.08,-0.08,908.364,,,1529.0,,,CANDIDATE
20.6875239,0.000112,-0.000112,11.6872,,,22490.0,31.5325,-31.5325,4660.7,102.6,-102.6,0.75,,,4.38918,,,403.0,,,CANDIDATE
0.5894678,6.86e-05,-6.86e-05,8.96055,1.2016,-1.2016,1020.0,16.7606,-16.7606,5946.0,327.6,-327.6,2.39,0.14,-0.14,1143.23,,,1619.0,,,CANDIDATE
12.836391,0.0023429,-0.0023429,2.49822,0.214512,-0.214512,1310.0,3.78032,-3.78032,5156.0,227.0,-227.0,0.69,0.04,-0.04,39.9592,,,700.0,,,CANDIDATE
3.7927572,0.000182,-0.000182,9.66312,0.390388,-0.390388,24440.0,16.4604,-16.4604,3575.0,157.0,-157.0,0.58,0.02,-0.02,13.7486,,,536.0,,,CONFIRMED
1.1062164,1.11e-05,-1.11e-05,3.45691,0.331124,-0.331124,660.0,1.75447,-1.75447,4816.0,421.3,-421.3,1.41,0.11,-0.11,996.39,,,1565.0,,,CANDIDATE
3.9783327,0.0002564,-0.0002564,12.3611,,,10890.0,7.24601,-7.24601,6441.1,67.6,-67.6,1.18,,,470.153,,,1297.0,,,CANDIDATE
1.7109175,3.6e-06,-3.6e-06,7.44992,0.666691,-0.666691,9710.0,6.27994,-6.27994,4686.8,201.7,-201.7,0.72,0.06,-0.06,324.161,,,1182.0,,,CANDIDATE
3.089007,1.27e-05,-1.27e-05,15.8046856,0.9179699,-0.9179699,8845.8866717,320.51974,-320.51974,6622.0,166.1,-166.1,1.49278,0.0784222,-0.0784222,1786.9548445,,,1658.242891,,,CANDIDATE
3.3176675,0.0001424,-0.0001424,9.42671,0.409875,-0.409875,25010.0,20.8026,-20.8026,3640.0,157.0,-157.0,0.59,0.02,-0.02,29.6839,,,650.0,,,CANDIDATE
2.8280391,1.3e-05,-1.3e-05,17.7603707,1.2277269,-1.2277269,28860.8258278,1795.2656,-1795.2656,5675.0,,,1.0367399,,,661.1334378,,,1293.2784182,,,CONFIRMED
7.5811005,0.0003228,-0.0003228,11.5863,0.957323,-0.957323,9830.0,1.60497,-1.60497,6257.6,169.7,-169.7,1.14,0.09,-0.09,321.879,,,1180.0,,,CANDIDATE
2.8817237,0.0003267,-0.0003267,14.306,0.992239,-0.992239,7280.0,12.9414,-12.9414,6182.0,125.3,-125.3,1.64,0.09,-0.09,310.304,,,1169.0,,,CANDIDATE
2.0389145,0.0002887,-0.0002887,8.65136,0.999615,-0.999615,3560.0,37.9463,-37.9463,6396.0,177.7,-177.7,1.36,0.06,-0.06,868.398,,,1512.0,,,CANDIDATE
1.2297408,0.0001024,-0.0001024,9.99875,0.673167,-0.673167,4020.0,6.58768,-6.58768,6186.6,135.1,-135.1,1.45,0.08,-0.08,1036.94,,,1580.0,,,FALSE POSITIVE
4.7949288,1.27e-05,-1.27e-05,12.1728,0.75176,-0.75176,7220.0,1.13101,-1.13101,5850.0,128.2,-128.2,1.41,0.08,-0.08,487.852,,,1309.0,,,CANDIDATE
9.6125545,8.93e-05,-8.93e-05,9.05686,0.546357,-0.546357,3470.0,4.30177,-4.30177,5825.7,101.7,-101.7,1.51,0.07,-0.07,165.055,,,998.0,,,CANDIDATE
3.1948695,0.0005079,-0.0005079,13.3231,0.773565,-0.773565,4600.0,3.59627,-3.59627,6577.4,111.2,-111.2,2.0,0.1,-0.1,1793.16,,,1812.0,,,CANDIDATE
9.6995203,0.0007293,-0.0007293,11.9608,0.77657,-0.77657,12590.0,4.32995,-4.32995,5504.0,332.4,-332.4,1.06,0.07,-0.07,95.3586,,,870.0,,,CANDIDATE
2.6599132,1.11e-05,-1.11e-05,3.4087339,0.3531836,-0.3531836,1258.8468444,91.442024,-91.442024,4636.3,110.2,-110.2,0.802524,0.0636332,-0.0636332,231.4473239,,,994.79316,,,CANDIDATE
1.6817287,0.0001363,-0.0001363,9.28931,2.93309,-2.93309,15870.0,3189.61,-3189.61,3174.0,157.0,-157.0,0.47,0.02,-0.02,6.00664,,,436.0,,,CANDIDATE
9.2432303,6.37e-05,-6.37e-05,15.3965057,1.3283917,-1.3283917,10879.9770333,1130.5815,-1130.5815,5880.0,,,1.2998101,,,180.8704391,,,935.3230728,,,CONFIRMED
1.3574339,0.0003208,-0.0003208,8.22797,,,3380.0,8.44277,-8.44277,6332.0,122.0,-122.0,1.4,,,3506.27,,,2143.0,,,FALSE POSITIVE
13.7279713,0.0002402,-0.0002402,11.6412,,,5210.0,26.9996,-26.9996,6416.5,168.1,-168.1,1.57,,,59.8936,,,775.0,,,CANDIDATE
6.7504762,0.0006531,-0.0006531,9.83914,,,11900.0,14.2074,-14.2074,5318.7,59.3,-59.3,0.89,,,111.352,,,904.0,,,CANDIDATE
1.4466879,9.1e-06,-9.1e-06,12.418,1.2835,-1.2835,690.0,5.75017,-5.75017,6332.0,150.8,-150.8,4.28,0.21,-0.21,600.438,,,1379.0,,,CANDIDATE
4.0069668,4.43e-05,-4.43e-05,7.39456,0.585378,-0.585378,780.0,1.41469,-1.41469,6080.3,136.6,-136.6,2.76,0.17,-0.17,2636.63,,,1996.0,,,CANDIDATE
1.5328484,0.0003309,-0.0003309,9.08045,0.734698,-0.734698,2970.0,8.81882,-8.81882,6943.0,186.3,-186.3,1.67,0.09,-0.09,3844.96,,,2193.0,,,CANDIDATE
1.6649585,5.66e-05,-5.66e-05,10.3733412,0.819766,-0.819766,8938.5425954,336.10733,-336.10733,6155.0,146.4,-146.4,1.05799,0.0495276,-0.0495276,1713.2210773,,,1640.8659455,,,CANDIDATE
3.612762,0.0003549,-0.0003549,14.0647,0.679559,-0.679559,7510.0,4.37639,-4.37639,7976.9,117.7,-117.7,1.6,0.06,-0.06,1578.1,,,1755.0,,,CANDIDATE
4.2460352,0.0004154,-0.0004154,14.2200993,0.553478,-0.553478,7633.4520662,265.35852,-265.35852,5905.5,22.9,-22.9,1.55863,,,959.8552062,,,1419.6169652,,,CANDIDATE
4.0379012,1.44e-05,-1.44e-05,18.382674,2.504766,-2.504766,15242.7058565,1199.67,-1199.67,6100.0,,,1.27299,,,786.2949096,,,1350.5669431,,,CONFIRMED
3.7539574,0.0002403,-0.0002403,14.5318,0.871992,-0.871992,9040.0,3.56572,-3.56572,6350.0,343.9,-343.9,1.5,0.08,-0.08,469.124,,,1296.0,,,CANDIDATE
1.27615,8.7e-05,-8.7e-05,14.5092,,,14740.0,61.0505,-61.0505,4671.0,123.0,-123.0,1.03,,,212.433,,,1063.0,,,CANDIDATE
11.6270831,7.08e-05,-7.08e-05,10.1847,0.888093,-0.888093,3550.0,14.7949,-14.7949,5776.1,125.1,-125.1,1.6,0.09,-0.09,58.1485,,,769.0,,,CANDIDATE
4.1878375,0.0001842,-0.0001842,11.7695065,0.6327308,-0.6327308,11415.1655183,139.04398,-139.04398,5521.95,115.726,-115.726,1.10007,0.0542789,-0.0542789,397.4799328,,,1138.8028661,,,CONFIRMED
2.9164004,7.71e-05,-7.71e-05,16.778361,0.823683,-0.823683,7257.7025481,46.278923,-46.278923,5720.0,119.2,-119.2,1.82744,0.0888216,-0.0888216,1978.5244535,,,1701.0031002,,,CONFIRMED
1.7215575,1.4e-06,-1.4e-06,11.4801145,0.3511035,-0.3511035,31815.406006,316.04227,-316.04227,3865.0,157.0,-157.0,0.633426,0.0187028,-0.0187028,140.2785768,,,877.7434298,,,CANDIDATE
4.4626933,0.0001249,-0.0001249,2.68559,,,300.0,1.23363,-1.23363,6803.0,,,1.62,,,1155.12,,,,,,CANDIDATE
5.2841676,0.0001685,-0.0001685,13.6017,,,700.0,4.88093,-4.88093,4626.0,122.0,-122.0,5.09,,,186.605,,,1029.0,,,CANDIDATE
1.669769,0.0003431,-0.0003431,4.4985601,0.7500977,-0.7500977,10665.55057,942.1793,-942.1793,3411.0,102.0,-102.0,0.433512,0.0135164,-0.0135164,49.2213077,,,675.5508371,,,FALSE POSITIVE
3.7723119,1.58e-05,-1.58e-05,3.13069,0.178863,-0.178863,470.0,24.266,-24.266,6525.0,130.1,-130.1,1.56,0.07,-0.07,796.305,,,1479.0,,,CANDIDATE
4.0802864,3.43e-05,-3.43e-05,6.300967,7.320291,-7.320291,516.622925,63.66809,-63.66809,6802.3,102.5,-102.5,2.68185,0.109739,-0.109739,4280.3235612,,,2062.9509379,,,FALSE POSITIVE
14.5416243,0.0003706,-0.0003706,4.35314,0.328103,-0.328103,711.0,64.4456,-64.4456,6277.0,131.8,-131.8,1.72,0.08,-0.08,176.698,,,1015.0,,,CANDIDATE
2.8114961,3.18e-05,-3.18e-05,1.39962,0.105234,-0.105234,90.0,0.282011,-0.282011,6768.0,125.338,-125.338,1.47,0.06,-0.06,2368.07,,,1943.0,,,CANDIDATE
2.9895092,5.15e-05,-5.15e-05,18.8182218,0.7559893,-0.7559893,12117.7788754,51.155663,-51.155663,6317.0,109.1,-109.1,1.61396,0.0645854,-0.0645854,1949.8717061,,,1694.8109409,,,CONFIRMED
5.1665549,0.0007372,-0.0007372,14.3194419,0.7824828,-0.7824828,4175.9093299,121.63699,-121.63699,6238.0,124.118,-124.118,2.0792,0.103347,-0.103347,1508.1655987,,,1589.3956027,,,CANDIDATE
3.6215615,1.9e-06,-1.9e-06,15.1893,0.852616,-0.852616,10280.0,6.6425,-6.6425,5920.2,43.2,-43.2,1.43,0.07,-0.07,346.581,,,1202.0,,,CANDIDATE
2.8037514,5.34e-05,-5.34e-05,1.27317,0.125447,-0.125447,70.0,0.500761,-0.500761,7531.0,126.157,-126.157,1.52,0.05,-0.05,2552.75,,,1980.0,,,CANDIDATE
2.594675,9.2e-06,-9.2e-06,1.89426,0.558897,-0.558897,1070.0,260.812,-260.812,3495.0,157.0,-157.0,0.31,0.01,-0.01,3.30231,,,375.0,,,CONFIRMED
10.4014008,0.0032728,-0.0032728,8.8111557,0.6774045,-0.6774045,43141.3479042,3020.8716,-3020.8716,3526.0,157.0,-157.0,0.421428,0.0141762,-0.0141762,5.0743522,,,382.7938065,,,CANDIDATE
0.3096062,4.1e-06,-4.1e-06,1.5526965,0.3109348,-0.3109348,257.7064685,14.77799,-14.77799,4836.0,178.0,-178.0,0.813125,0.0531332,-0.0531332,4942.3861378,,,2138.4737213,,,CANDIDATE
15.0619708,0.0032604,-0.0032604,4.687483,1.1254267,-1.1254267,2775.349458,269.0077,-269.0077,5441.34,142.395,-142.395,0.890607,0.0558995,-0.0558995,45.2317163,,,661.4248635,,,CANDIDATE
17.5313321,0.0001734,-0.0001734,1.66838,0.342876,-0.342876,306.0,112.44,-112.44,5464.0,124.5,-124.5,0.9,0.05,-0.05,468.87,,,1296.0,,,CANDIDATE
30.0017176,0.0011945,-0.0011945,1.82693,0.126593,-0.126593,210.0,0.510582,-0.510582,6194.0,123.5,-123.5,1.25,0.05,-0.05,57.0124,,,765.0,,,CANDIDATE
6.5811814,3.68e-05,-3.68e-05,1.80641,0.114017,-0.114017,267.0,17.3215,-17.3215,6269.0,129.2,-129.2,1.17,0.05,-0.05,247.2,,,1104.0,,,CANDIDATE
32.1400505,0.0001447,-0.0001447,22.7389,,,883.0,2413.6,-2413.6,5019.0,122.0,-122.0,3.37,,,37.4567,,,689.0,,,FALSE POSITIVE
9.6477019,0.0001811,-0.0001811,2.57133,0.227324,-0.227324,670.0,2.68007,-2.68007,5621.7,137.0,-137.0,0.95,0.06,-0.06,77.7367,,,827.0,,,CANDIDATE
10.590923,0.0006842,-0.0006842,11.1189,0.439777,-0.439777,10290.0,0.549075,-0.549075,6017.1,99.5,-99.5,1.05,0.04,-0.04,118.413,,,919.0,,,CONFIRMED
4.7728997,0.0009118,-0.0009118,3.30213,0.172879,-0.172879,920.0,1.00431,-1.00431,6017.1,99.5,-99.5,1.05,0.04,-0.04,370.603,,,1222.0,,,CONFIRMED
4.0625969,8.46e-05,-8.46e-05,3.70815,1.46636,-1.46636,320.0,40.2232,-40.2232,6629.0,159.3,-159.3,2.09,0.09,-0.09,1611.69,,,1765.0,,,CANDIDATE
1.2391534,4.9e-06,-4.9e-06,0.9654706,0.4161871,-0.4161871,2318.6594409,132.73195,-132.73195,3042.0,,,0.197117,0.0059257,-0.0059257,21.6623126,,,550.2321395,,,CONFIRMED
19.8067259,0.0001331,-0.0001331,4.46533,0.268078,-0.268078,2060.0,1.99029,-1.99029,5513.0,226.5,-226.5,0.95,0.05,-0.05,39.4243,,,698.0,,,CANDIDATE
6.8291029,8.5e-06,-8.5e-06,12.9127343,0.4435877,-0.4435877,815.4832965,15.925032,-15.925032,9333.0,134.294,-134.294,4.3379302,0.133492,-0.133492,14489.4996714,,,2798.2279931,,,CANDIDATE
3.3174026,2.58e-05,-2.58e-05,1.4488457,1.3616685,-1.3616685,462.3783567,46.48712,-46.48712,4363.0,130.663,-130.663,0.677839,0.0593291,-0.0593291,101.6854816,,,809.9057589,,,CANDIDATE
12.8355591,9.74e-05,-9.74e-05,11.2388,1.00163,-1.00163,12450.0,14.6109,-14.6109,5311.7,181.4,-181.4,0.95,0.08,-0.08,9.72374,,,491.0,,,CANDIDATE
2.177475,0.0005882,-0.0005882,4.05014,0.355838,-0.355838,4450.0,28.0819,-28.0819,4027.0,159.0,-159.0,0.57,0.02,-0.02,284.168,,,1143.0,,,CANDIDATE
9.0711977,0.0001124,-0.0001124,10.7594,,,10360.0,14.1808,-14.1808,5649.0,123.0,-123.0,1.06,,,139.161,,,956.0,,,CANDIDATE
0.8045139,2.6e-06,-2.6e-06,10.209,,,3750.0,7.03093,-7.03093,7110.0,122.0,-122.0,1.59,,,4653.02,,,2300.0,,,CANDIDATE
5.4683192,0.0006124,-0.0006124,13.9823,0.814277,-0.814277,10640.0,6.73365,-6.73365,6606.6,131.3,-131.3,1.36,0.07,-0.07,425.087,,,1264.0,,,CANDIDATE
0.9598377,9.68e-05,-9.68e-05,17.4316,1.83121,-1.83121,2270.0,11.8905,-11.8905,7575.0,179.4,-179.4,3.31,0.25,-0.25,5539.92,,,2403.0,,,CANDIDATE
4.1059353,0.0006965,-0.0006965,13.555,,,11400.0,12.7429,-12.7429,6140.3,71.8,-71.8,1.25,,,494.014,,,1313.0,,,CANDIDATE
3.0604071,0.0001306,-0.0001306,18.6847,,,12460.0,4.69041,-4.69041,6623.0,123.0,-123.0,1.67,,,1261.17,,,1660.0,,,CANDIDATE
0.3828485,7e-07,-7e-07,13.7767,5.13043,-5.13043,960.0,752.24,-752.24,6419.6,143.5,-143.5,1.68,0.09,-0.09,14493.6,,,3056.0,,,CANDIDATE
12.612483,0.0022643,-0.0022643,5.43397,0.402353,-0.402353,1510.0,2.48351,-2.48351,5981.0,131.1,-131.1,1.34,0.08,-0.08,69.7878,,,805.0,,,CANDIDATE
10.7833596,0.0036968,-0.0036968,15.4312,4.08661,-4.08661,26560.0,2750.97,-2750.97,3892.0,157.0,-157.0,0.7,0.02,-0.02,35.1978,,,678.0,,,CANDIDATE
2.9858191,8.9e-06,-8.9e-06,17.8139,,,9730.0,4.08438,-4.08438,7497.0,123.0,-123.0,1.81,,,1945.7,,,1850.0,,,CANDIDATE
13.0086903,0.0011304,-0.0011304,10.9890553,8.5885105,-8.5885105,20626.9583179,879.2187,-879.2187,3799.0,157.0,-157.0,0.520262,0.0155445,-0.0155445,6.6784964,,,410.0052556,,,CANDIDATE
2.8675385,7.09e-05,-7.09e-05,14.6783,1.25847,-1.25847,14570.0,2.23238,-2.23238,6219.5,102.2,-102.2,1.18,0.1,-0.1,888.042,,,1520.0,,,CANDIDATE
1.6421819,1.44e-05,-1.44e-05,2.54445,0.190702,-0.190702,1100.0,2.07706,-2.07706,5627.0,220.5,-220.5,0.79,0.04,-0.04,1746.99,,,1801.0,,,FALSE POSITIVE
4.8002161,3.1e-05,-3.1e-05,15.2174,,,10620.0,20.226,-20.226,6498.4,55.8,-55.8,1.41,,,336.117,,,1192.0,,,CANDIDATE
1.6318282,9.2e-06,-9.2e-06,11.5558043,1.9382849,-1.9382849,14067.4193794,1400.469,-1400.469,5084.0,181.0,-181.0,0.942522,,,806.9778488,,,1359.3620865,,,CANDIDATE
6.0614403,0.0006945,-0.0006945,10.0397,0.775661,-0.775661,4760.0,9.98273,-9.98273,6507.7,141.9,-141.9,1.43,0.08,-0.08,440.51,,,1276.0,,,CANDIDATE
6.5552932,0.0005037,-0.0005037,19.1366,1.53989,-1.53989,4730.0,12.7527,-12.7527,7787.0,152.8,-152.8,2.64,0.16,-0.16,938.617,,,1542.0,,,CANDIDATE
5.3767997,0.0003298,-0.0003298,10.5654196,0.9416003,-0.9416003,4420.7451206,162.06146,-162.06146,5663.5,103.8,-103.8,1.57294,0.112362,-0.112362,628.9279068,,,1277.232515,,,CANDIDATE
5.7188414,0.001059,-0.001059,4.2762449,4.4238133,-4.4238133,3214.065952,384.00916,-384.00916,4964.8,105.8,-105.8,0.76036,0.042299,-0.042299,91.6860673,,,789.2154631,,,CANDIDATE
3.3928027,0.0005515,-0.0005515,3.7170935,2.0813854,-2.0813854,2201.6366114,251.15834,-251.15834,4964.8,105.8,-105.8,0.76036,0.042299,-0.042299,183.9229574,,,939.2446608,,,CANDIDATE
0.8999342,4.2e-06,-4.2e-06,6.8761,0.547096,-0.547096,1720.0,5.17331,-5.17331,6211.0,120.8,-120.8,1.64,0.09,-0.09,3729.32,,,2177.0,,,FALSE POSITIVE
5.2374183,5.6e-06,-5.6e-06,14.2208,0.824095,-0.824095,11630.0,0.642721,-0.642721,6042.1,117.6,-117.6,1.27,0.07,-0.07,403.505,,,1248.0,,,CANDIDATE
3.0343155,0.0001933,-0.0001933,12.5732,,,3200.0,6.40275,-6.40275,8415.0,,,2.16,,,1230.19,,,,,,CANDIDATE
4.2318085,0.0005616,-0.0005616,7.88895,0.591489,-0.591489,1780.0,4.4521,-4.4521,8064.0,170.6,-170.6,1.91,0.09,-0.09,1128.72,,,1614.0,,,FALSE POSITIVE
0.530893,0.000146,-0.000146,3.747202,0.900232,-0.900232,33453.597195,3058.0403,-3058.0403,3085.0,99.0,-99.0,0.193,0.044,-0.044,61.4271911,,,714.0192388,,,FALSE POSITIVE
3.8635521,0.0002295,-0.0002295,15.1873,,,11350.0,5.39062,-5.39062,6797.0,122.0,-122.0,1.42,,,1333.49,,,1683.0,,,CANDIDATE
4.788785,1.65e-05,-1.65e-05,16.3086,,,7600.0,11.8848,-11.8848,6045.0,122.0,-122.0,1.83,,,487.83,,,1309.0,,,CANDIDATE
2.9525486,0.0001132,-0.0001132,11.4188,0.644457,-0.644457,5730.0,2.63129,-2.63129,5612.0,124.4,-124.4,1.48,0.08,-0.08,531.966,,,1337.0,,,CANDIDATE
4.1459886,0.0004684,-0.0004684,12.1704,0.716833,-0.716833,26190.0,56.7885,-56.7885,3981.0,157.0,-157.0,0.71,0.02,-0.02,56.2686,,,763.0,,,CANDIDATE
4.1629444,2.14e-05,-2.14e-05,11.633,0.835716,-0.835716,3670.0,6.49134,-6.49134,6005.0,142.1,-142.1,1.88,0.1,-0.1,243.425,,,1100.0,,,FALSE POSITIVE
1.2699324,2.52e-05,-2.52e-05,7.56197,0.994586,-0.994586,1325.19922,124.417435,-124.417435,9649.0,275.3,-275.3,1.74,0.14,-0.14,16457.7,,,3155.0,,,CANDIDATE
11.9285531,3.18e-05,-3.18e-05,16.0753,,,20690.0,16.1411,-16.1411,5447.3,90.5,-90.5,1.09,,,18.6079,,,578.0,,,CANDIDATE
3.42015,0.0002307,-0.0002307,18.3061,,,11140.0,6.54905,-6.54905,5708.0,127.0,-127.0,1.76,,,808.301,,,1485.0,,,CANDIDATE
2.5842514,0.0002224,-0.0002224,7.50424,,,2360.0,2.32704,-2.32704,5860.5,,,1.51,,,424.656,,,,,,CANDIDATE
5.0775738,2.16e-05,-2.16e-05,18.5536,,,8620.0,5.25172,-5.25172,7648.8,56.5,-56.5,2.0,,,1365.56,,,1693.0,,,CANDIDATE
1.5483542,4.2e-06,-4.2e-06,2.1601741,0.6412675,-0.6412675,926.4111032,47.315773,-47.315773,4665.0,177.0,-177.0,0.663414,0.0607689,-0.0607689,240.1950345,,,1004.0625199,,,CONFIRMED
3.813812,0.0003866,-0.0003866,3.44278,0.283758,-0.283758,2310.0,3.4131,-3.4131,4689.0,123.2,-123.2,0.71,0.05,-0.05,177.52,,,1016.0,,,FALSE POSITIVE
2.8633026,2.48e-05,-2.48e-05,11.4725,,,4710.0,48.0826,-48.0826,6642.2,191.5,-191.5,1.45,,,147.202,,,970.0,,,CANDIDATE
1.6757659,0.0001851,-0.0001851,7.62588,0.656733,-0.656733,2580.0,7.54777,-7.54777,6960.9,153.6,-153.6,1.53,0.09,-0.09,3221.06,,,2098.0,,,CANDIDATE
4.4977307,0.000803,-0.000803,13.0442723,1.0894208,-1.0894208,5324.061552,509.25558,-509.25558,6544.0,126.8,-126.8,1.5335,0.0749346,-0.0749346,1111.2092116,,,1472.5454489,,,CANDIDATE
1.4958429,1.86e-05,-1.86e-05,6.70553,,,2830.0,13.2558,-13.2558,5666.0,122.0,-122.0,1.27,,,825.738,,,1493.0,,,FALSE POSITIVE
3.214031,0.0010022,-0.0010022,6.77869,0.476232,-0.476232,5730.0,12.3624,-12.3624,5366.0,109.0,-109.0,0.85,0.04,-0.04,284.023,,,1143.0,,,CANDIDATE
2.5444539,0.0002997,-0.0002997,12.5904,,,5440.0,10.0426,-10.0426,6171.0,123.0,-123.0,1.77,,,2136.19,,,1893.0,,,CANDIDATE
1.9000862,3.9e-06,-3.9e-06,15.0496208,0.5327904,-0.5327904,25717.0085858,843.5981,-843.5981,5440.0,,,0.934028,,,823.7008783,,,1366.350537,,,CONFIRMED
0.8857522,8.66e-05,-8.66e-05,3.19978,0.418552,-0.418552,760.0,2.8949,-2.8949,6238.2,142.5,-142.5,1.13,0.13,-0.13,3880.86,,,2198.0,,,FALSE POSITIVE
1.6822448,2.11e-05,-2.11e-05,12.3028,0.701953,-0.701953,12090.0,3.56559,-3.56559,5534.6,122.8,-122.8,1.1,0.06,-0.06,379.254,,,1239.0,,,CANDIDATE
0.9907914,5.47e-05,-5.47e-05,16.1327515,5.121981,-5.121981,4860.1048997,439.7641,-439.7641,6273.8,102.1,-102.1,1.82635,0.219734,-0.219734,10706.9470002,,,2594.395383,,,CANDIDATE
8.3762443,0.0011652,-0.0011652,10.1350877,1.0496669,-1.0496669,7670.6889364,481.60812,-481.60812,6086.0,122.0,-122.0,1.13925,,,224.1297312,,,986.8351657,,,CANDIDATE
3.7196227,0.0001008,-0.0001008,13.3603,,,4280.0,6.89274,-6.89274,5623.0,122.0,-122.0,2.07,,,1249.33,,,1656.0,,,CANDIDATE
4.267781,0.0007133,-0.0007133,12.0047,,,5120.0,6.81242,-6.81242,5903.0,122.0,-122.0,1.67,,,939.48,,,1542.0,,,CANDIDATE
1.0711292,0.0001034,-0.0001034,5.8474,0.513334,-0.513334,2030.0,8.31045,-8.31045,6070.0,139.1,-139.1,1.31,0.07,-0.07,5277.35,,,2374.0,,,FALSE POSITIVE
1.2452975,0.0001328,-0.0001328,6.31449,0.466749,-0.466749,1410.0,2.50503,-2.50503,6580.3,133.9,-133.9,1.66,0.1,-0.1,4049.64,,,2222.0,,,CANDIDATE
22.0632969,0.0001576,-0.0001576,10.1729473,8.748446,-8.748446,4597.497672,311.02267,-311.02267,5762.0,128.1,-128.1,1.0093499,0.0546482,-0.0546482,41.5500612,,,647.5341338,,,CANDIDATE
2.8078585,1.64e-05,-1.64e-05,14.8378,1.28562,-1.28562,4820.0,23.0901,-23.0901,6338.0,178.4,-178.4,1.95,0.1,-0.1,428.439,,,1267.0,,,CANDIDATE
9.2016496,3.14e-05,-3.14e-05,13.4373959,0.4849295,-0.4849295,13812.3233628,421.02008,-421.02008,6190.0,,,1.12271,,,203.9516754,,,963.8325055,,,CONFIRMED
6.2987919,0.0002138,-0.0002138,12.2385,0.842548,-0.842548,3920.0,5.50033,-5.50033,6265.0,124.0,-124.0,2.07,0.11,-0.11,653.131,,,1408.0,,,CANDIDATE
7.4603194,0.0006934,-0.0006934,11.8373,0.971801,-0.971801,3070.0,5.22228,-5.22228,6034.1,121.4,-121.4,2.01,0.14,-0.14,114.587,,,911.0,,,CANDIDATE
3.5533716,0.0002736,-0.0002736,4.6477,0.338131,-0.338131,1470.0,2.7715,-2.7715,6280.9,131.8,-131.8,1.21,0.07,-0.07,310.113,,,1169.0,,,CANDIDATE
1.100804,8.3e-05,-8.3e-05,10.0319087,2.015254,-2.015254,3509.2224564,275.5778,-275.5778,6810.0,167.1,-167.1,1.60902,,,8854.2514993,,,2474.045674,,,CANDIDATE
1.1606902,2.91e-05,-2.91e-05,9.92228,0.560298,-0.560298,32450.0,60.8533,-60.8533,3572.0,157.0,-157.0,0.53,0.02,-0.02,101.767,,,884.0,,,CANDIDATE
2.8066134,9.4e-05,-9.4e-05,17.3144,0.868485,-0.868485,14530.0,5.81923,-5.81923,6709.0,173.0,-173.0,1.41,0.06,-0.06,949.059,,,1546.0,,,CANDIDATE
2.6570006,0.0001021,-0.0001021,10.4864,0.646518,-0.646518,4050.0,1.40049,-1.40049,6328.7,108.0,-108.0,1.63,0.09,-0.09,688.584,,,1427.0,,,CONFIRMED
20.9233666,9.09e-05,-9.09e-05,12.2366,0.765086,-0.765086,9470.0,8.54284,-8.54284,6283.0,130.2,-130.2,1.22,0.07,-0.07,14.0816,,,539.0,,,CANDIDATE
29.3312035,0.0006074,-0.0006074,11.9961,0.744543,-0.744543,3470.0,7.0813,-7.0813,7618.0,139.4,-139.4,1.77,0.08,-0.08,28.6506,,,644.0,,,CANDIDATE
1.5089635,8.9e-06,-8.9e-06,20.5944,,,13140.0,10.3586,-10.3586,5950.0,,,1.29,,,2852.63,,,2036.0,,,CONFIRMED
4.9017215,0.0005949,-0.0005949,15.2294,,,6600.0,20.4416,-20.4416,6329.0,122.0,-122.0,1.78,,,242.247,,,1099.0,,,CANDIDATE
2.2703829,6.66e-05,-6.66e-05,12.7801,0.696353,-0.696353,12110.0,3.7774,-3.7774,5845.0,163.1,-163.1,1.1,0.06,-0.06,515.387,,,1327.0,,,CANDIDATE
7.5554044,0.0004665,-0.0004665,16.0968,1.18932,-1.18932,6170.0,4.57155,-4.57155,7872.0,138.1,-138.1,2.04,0.14,-0.14,736.769,,,1451.0,,,CANDIDATE
8.4332312,0.0013029,-0.0013029,11.5473,0.785459,-0.785459,2010.0,2.45072,-2.45072,5874.0,167.5,-167.5,2.45,0.14,-0.14,911.613,,,1530.0,,,CANDIDATE
10.3413829,0.0011433,-0.0011433,10.465,,,10410.0,20.1372,-20.1372,5732.6,31.8,-31.8,1.01,,,89.0638,,,855.0,,,CANDIDATE
5.8936518,1.94e-05,-1.94e-05,8.37476,,,9580.0,15.0927,-15.0927,5508.0,122.0,-122.0,0.82,,,92.0429,,,862.0,,,CANDIDATE
10.1197017,0.000152,-0.000152,9.15067,0.68646,-0.68646,2570.0,5.74598,-5.74598,5656.0,124.9,-124.9,1.75,0.1,-0.1,34.3345,,,674.0,,,FALSE POSITIVE
15.1306782,9.33e-05,-9.33e-05,11.9169,0.761142,-0.761142,6030.0,5.03268,-5.03268,5799.3,106.2,-106.2,1.52,0.08,-0.08,59.008,,,772.0,,,CANDIDATE
3.8971203,1.89e-05,-1.89e-05,13.4932227,0.7149572,-0.7149572,6312.7462771,279.97253,-279.97253,6090.0,,,1.6395,,,1103.8090105,,,1470.087664,,,CONFIRMED
3.6079916,2.2e-06,-2.2e-06,15.3816,0.157641,-0.157641,6055.0,80.2791,-80.2791,5308.3,102.4,-102.4,1.89,0.01,-0.01,378.206,,,1228.0,,,CANDIDATE
3.9315754,2.29e-05,-2.29e-05,9.60432,,,5580.0,6.7001,-6.7001,6032.1,74.9,-74.9,1.32,,,711.472,,,1438.0,,,CANDIDATE
7.9923268,6.31e-05,-6.31e-05,9.69724,1.82733,-1.82733,5780.0,183.18,-183.18,5825.0,128.8,-128.8,1.18,0.06,-0.06,104.579,,,890.0,,,CANDIDATE
3.7702854,0.0001804,-0.0001804,16.647,1.29602,-1.29602,10030.0,29.3797,-29.3797,5900.3,108.8,-108.8,1.59,0.08,-0.08,485.903,,,1307.0,,,CANDIDATE
2.5840753,4.04e-05,-4.04e-05,7.01829,2.16662,-2.16662,1757.0,1257.44,-1257.44,6119.0,126.2,-126.2,1.4,0.07,-0.07,1881.65,,,1834.0,,,CANDIDATE
2.0247088,7.2e-06,-7.2e-06,3.7963,0.178134,-0.178134,4390.0,5.13444,-5.13444,3654.0,157.0,-157.0,0.55,0.02,-0.02,53.3297,,,752.0,,,CANDIDATE
4.6549271,0.0006011,-0.0006011,9.1871,0.637842,-0.637842,3500.0,4.24912,-4.24912,5706.0,130.0,-130.0,1.56,0.09,-0.09,566.49,,,1359.0,,,CANDIDATE
3.1910454,0.0002381,-0.0002381,12.0476,,,12090.0,16.5506,-16.5506,5907.0,122.0,-122.0,1.03,,,197.437,,,1044.0,,,CANDIDATE
3.1522131,1.01e-05,-1.01e-05,1.4624574,0.5238483,-0.5238483,1039.7670237,115.26996,-115.26996,3547.0,157.0,-157.0,0.415961,0.012462,-0.012462,25.1136938,,,570.9491075,,,CANDIDATE
4.9212788,1.91e-05,-1.91e-05,1.2783897,2.06752,-2.06752,884.5792337,152.80194,-152.80194,3547.0,157.0,-157.0,0.415961,0.012462,-0.012462,13.8663044,,,492.1641006,,,CANDIDATE
0.516278,2.1e-05,-2.1e-05,2.442348,0.6369,-0.6369,20289.210823,1032.7452,-1032.7452,3009.0,97.0,-97.0,0.169,0.037,-0.037,50.4166361,,,679.6154071,,,FALSE POSITIVE
2.5193047,0.0001216,-0.0001216,11.5079,0.60346,-0.60346,4540.0,1.61134,-1.61134,5706.5,105.1,-105.1,1.67,0.08,-0.08,1412.92,,,1708.0,,,CANDIDATE
5.0280368,0.0005705,-0.0005705,2.87252,0.268468,-0.268468,1360.0,4.26983,-4.26983,4825.0,129.6,-129.6,0.77,0.05,-0.05,79.6611,,,832.0,,,CANDIDATE
2.9238483,0.0002297,-0.0002297,11.3257,,,11130.0,5.48256,-5.48256,6004.0,123.0,-123.0,1.06,,,728.684,,,1447.0,,,CANDIDATE
24.4383239,0.0001252,-0.0001252,5.1712602,0.4611669,-0.4611669,2401.8740065,67.79903,-67.79903,6151.0,126.674,-126.674,1.03824,0.0483694,-0.0483694,45.8413818,,,663.6424754,,,CANDIDATE
9.4043652,8.62e-05,-8.62e-05,2.3955263,0.5378975,-0.5378975,456.6940548,45.46437,-45.46437,6151.0,126.674,-126.674,1.03824,0.0483694,-0.0483694,163.7747493,,,912.3920352,,,CANDIDATE
14.5643289,0.0001674,-0.0001674,2.2567046,4.2080574,-4.2080574,451.953459,60.3956,-60.3956,6151.0,126.674,-126.674,1.03824,0.0483694,-0.0483694,91.4040877,,,788.6079558,,,CANDIDATE
2.0760349,0.0001085,-0.0001085,4.92939,0.332385,-0.332385,2480.0,2.55731,-2.55731,5386.0,130.5,-130.5,0.96,0.06,-0.06,663.223,,,1413.0,,,CANDIDATE
9.6569059,0.0002016,-0.0002016,2.91617,0.248258,-0.248258,800.0,2.65548,-2.65548,5729.1,142.4,-142.4,1.04,0.06,-0.06,162.76,,,995.0,,,CANDIDATE
43.8418559,0.0029343,-0.0029343,9.29872,0.486802,-0.486802,4630.0,2.18812,-2.18812,5767.0,126.1,-126.1,1.32,0.06,-0.06,8.83961,,,480.0,,,FALSE POSITIVE
11.2120396,5.25e-05,-5.25e-05,17.1459,5.07377,-5.07377,5450.0,664.569,-664.569,6147.0,128.0,-128.0,1.75,0.11,-0.11,336.815,,,1193.0,,,CANDIDATE
18.2050594,0.0001791,-0.0001791,9.06591,0.63318,-0.63318,10830.0,6.15052,-6.15052,4880.9,116.1,-116.1,0.83,0.05,-0.05,12.1018,,,519.0,,,CANDIDATE
4.8038446,0.0001422,-0.0001422,11.3023,0.831337,-0.831337,17000.0,8.47685,-8.47685,5019.0,132.8,-132.8,0.83,0.06,-0.06,67.3083,,,797.0,,,CANDIDATE
13.24981,,,20.6343,,,27250.0,410.021,-410.021,5076.0,8.0,-8.0,0.69,,,47.2877,,,,,,FALSE POSITIVE
10.043245,0.00061,-0.00061,16.682435,6.3188,-6.3188,21393.227138,234.72195,-234.72195,5076.0,8.0,-8.0,0.670549,0.02346,-0.02346,36.1287428,,,625.2921291,,,FALSE POSITIVE
1.7530712,4.77e-05,-4.77e-05,19.7783,,,11660.0,3835.66,-3835.66,5625.1,111.9,-111.9,0.89,,,564.728,,,1358.0,,,CANDIDATE
24.166804,0.0017333,-0.0017333,8.65143,0.556693,-0.556693,4020.0,5.37269,-5.37269,5985.0,123.9,-123.9,1.35,0.07,-0.07,41.1658,,,705.0,,,CANDIDATE
11.6260799,0.0001303,-0.0001303,4.02844,0.32105,-0.32105,840.0,3.01813,-3.01813,6317.0,127.3,-127.3,1.32,0.06,-0.06,95.1955,,,870.0,,,CANDIDATE
5.9522831,5.8e-06,-5.8e-06,15.1211,1.19704,-1.19704,7280.0,28.0669,-28.0669,6031.2,97.5,-97.5,1.65,0.08,-0.08,278.678,,,1138.0,,,FALSE POSITIVE
13.2414304,0.001724,-0.001724,4.4877,0.303195,-0.303195,1430.0,1.78906,-1.78906,6062.1,144.6,-144.6,1.2,0.07,-0.07,93.077,,,865.0,,,CANDIDATE
11.1064221,0.0009356,-0.0009356,10.19,0.736793,-0.736793,15290.0,22.9316,-22.9316,5190.5,125.5,-125.5,0.79,0.05,-0.05,20.7088,,,594.0,,,CANDIDATE
19.5862903,0.0001988,-0.0001988,19.398,,,24300.0,5.97901,-5.97901,5986.0,122.0,-122.0,1.23,,,88.9614,,,855.0,,,CANDIDATE
1.5068165,1.1e-05,-1.1e-05,0.9740062,1.8538893,-1.8538893,734.0512116,92.76765,-92.76765,3514.0,157.0,-157.0,0.356879,0.0106073,-0.0106073,53.6972467,,,690.4110824,,,CANDIDATE
3.1816478,0.0004085,-0.0004085,14.4913,,,9300.0,8.54953,-8.54953,5949.3,271.1,-271.1,1.53,,,994.501,,,1564.0,,,CANDIDATE
5.7656076,0.0003122,-0.0003122,9.12778,0.457122,-0.457122,6750.0,3.47124,-3.47124,5638.4,98.5,-98.5,1.08,0.05,-0.05,170.956,,,1007.0,,,CANDIDATE
2.6473051,3e-06,-3e-06,10.6134481,3.2976332,-3.2976332,21367.8824901,989.5596,-989.5596,3916.0,,,0.567866,0.0171805,-0.0171805,70.1195731,,,738.0394311,,,CONFIRMED
5.7380349,0.0001502,-0.0001502,17.067,0.868476,-0.868476,8720.0,0.576236,-0.576236,6786.0,128.7,-128.7,1.76,0.09,-0.09,998.412,,,1566.0,,,CANDIDATE
4.7174703,6.6e-06,-6.6e-06,5.77392,0.237804,-0.237804,11520.0,8.49744,-8.49744,3628.0,157.0,-157.0,0.51,0.02,-0.02,6.87901,,,451.0,,,CANDIDATE
4.5589188,0.0006926,-0.0006926,10.6821,0.672558,-0.672558,10330.0,7.98508,-7.98508,5429.0,126.8,-126.8,1.02,0.06,-0.06,92.6735,,,864.0,,,CANDIDATE
7.7235903,0.0019813,-0.0019813,17.2663,3.82328,-3.82328,2720.0,113.619,-113.619,5994.0,129.0,-129.0,3.08,0.22,-0.22,1249.81,,,1656.0,,,FALSE POSITIVE
1.7459947,0.0001194,-0.0001194,12.8043,,,18190.0,13.2728,-13.2728,5332.0,122.0,-122.0,0.94,,,773.913,,,1469.0,,,CANDIDATE
8.5926333,0.0006845,-0.0006845,2.4974696,1.6040318,-1.6040318,885.5569232,70.963036,-70.963036,5494.0,126.257,-126.257,0.835682,0.044211,-0.044211,86.6266934,,,778.0951063,,,CANDIDATE
4.3776584,0.0013685,-0.0013685,12.3407,1.22493,-1.22493,3900.0,12.3277,-12.3277,6077.0,123.1,-123.1,2.02,0.15,-0.15,448.118,,,1281.0,,,CANDIDATE
4.5867288,3.69e-05,-3.69e-05,13.5857,,,7710.0,6.46395,-6.46395,5737.0,123.0,-123.0,1.55,,,639.287,,,1400.0,,,CANDIDATE
5.8512587,3.95e-05,-3.95e-05,1.3562009,0.7562515,-0.7562515,1275.0993295,150.29617,-150.29617,3443.0,157.0,-157.0,0.365053,0.0111362,-0.0111362,8.3312712,,,433.308858,,,CANDIDATE
2.788654,3.1e-06,-3.1e-06,9.665126,0.3510175,-0.3510175,26339.9057953,482.11438,-482.11438,3654.0,162.0,-162.0,0.587106,0.0175241,-0.0175241,51.9487662,,,684.7208601,,,CONFIRMED
14.69808,6.46e-05,-6.46e-05,3.177884,1.0234563,-1.0234563,1897.6641496,101.27584,-101.27584,4362.0,123.91,-123.91,0.733789,0.0625578,-0.0625578,16.3606551,,,512.9439621,,,CONFIRMED
19.4834833,0.0001792,-0.0001792,3.5483433,0.3550637,-0.3550637,1509.6832721,103.27081,-103.27081,4362.0,123.91,-123.91,0.733789,0.0625578,-0.0625578,11.2355075,,,466.947359,,,CONFIRMED
18.5146638,4.69e-05,-4.69e-05,6.56184,1.7223,-1.7223,1480.0,1010.32,-1010.32,6379.0,125.277,-125.277,1.35,0.06,-0.06,39.6871,,,699.0,,,CANDIDATE
3.4712803,2.03e-05,-2.03e-05,4.2314265,0.3520446,-0.3520446,4280.3883109,439.62018,-439.62018,3696.0,157.0,-157.0,0.563,0.0172668,-0.0172668,38.8530584,,,636.760408,,,CONFIRMED
2.2979915,8.3e-06,-8.3e-06,2.3271065,1.436356,-1.436356,1354.9640916,162.22302,-162.22302,3650.0,157.0,-157.0,0.590525,0.0175564,-0.0175564,68.5515646,,,733.8783781,,,CONFIRMED
2.7521595,1.32e-05,-1.32e-05,1.3820795,2.2954156,-2.2954156,1025.5391237,192.62132,-192.62132,3288.0,157.0,-157.0,0.418181,0.0124382,-0.0124382,22.3702107,,,554.6733092,,,CANDIDATE
21.7300248,0.0001785,-0.0001785,2.526638,2.3556247,-2.3556247,1119.2111083,120.75289,-120.75289,4788.0,131.426,-131.426,0.752578,0.0521809,-0.0521809,34.3158951,,,617.29617,,,CANDIDATE
346.1614828,0.0086293,-0.0086293,2.5449936,0.7657809,-0.7657809,727.1554128,61.703182,-61.703182,5862.0,293.678,-293.678,0.92603,0.0459422,-0.0459422,0.9363966,,,250.8907848,,,CANDIDATE
1.2916034,1.1e-05,-1.1e-05,2.4511775,0.2434798,-0.2434798,1566.7959545,191.34113,-191.34113,3689.0,157.0,-157.0,0.514745,0.0154963,-0.0154963,127.2980722,,,856.6929763,,,CONFIRMED
8.8652886,0.0001884,-0.0001884,4.2853969,6.5190644,-6.5190644,1699.9442212,362.6764,-362.6764,5368.0,127.01,-127.01,0.697439,0.0389547,-0.0389547,53.9860738,,,691.3376127,,,CONFIRMED
11.9234819,6.05e-05,-6.05e-05,2.2904053,2.1272416,-2.1272416,680.8032643,69.63903,-69.63903,5465.0,186.0,-186.0,0.879477,0.0489146,-0.0489146,55.1644235,,,695.0795649,,,CANDIDATE
40.8905117,0.0002186,-0.0002186,2.7104157,1.0398625,-1.0398625,945.1993965,68.73379,-68.73379,5465.0,186.0,-186.0,0.879477,0.0489146,-0.0489146,10.6667755,,,460.9226376,,,CANDIDATE
0.4774382,2.48e-05,-2.48e-05,1.118031,2.0400972,-2.0400972,423.1532826,89.59962,-89.59962,3888.0,157.0,-157.0,0.525437,0.0158777,-0.0158777,608.8739519,,,1266.9270194,,,CANDIDATE
4.5352255,3.98e-05,-3.98e-05,1.753622,0.3278549,-0.3278549,195.4048675,21.422709,-21.422709,5788.42,152.86,-152.86,1.10259,0.064804,-0.064804,413.8559989,,,1150.3554736,,,CANDIDATE
5.6539689,1.45e-05,-1.45e-05,2.732945,0.2314203,-0.2314203,1223.1789451,100.646225,-100.646225,3975.0,157.0,-157.0,0.662052,0.0195767,-0.0195767,34.3228576,,,617.327479,,,CANDIDATE
2.3929801,1.24e-05,-1.24e-05,1.6929049,1.6898338,-1.6898338,570.9865376,88.93055,-88.93055,3975.0,157.0,-157.0,0.662052,0.0195767,-0.0195767,108.0113015,,,822.218131,,,CANDIDATE
1.6098954,2.04e-05,-2.04e-05,3.8276199,2.6984756,-2.6984756,412.6710488,50.488297,-50.488297,7173.0,126.702,-126.702,1.79821,0.07799,-0.07799,7739.833691,,,2392.2284819,,,CANDIDATE
0.3693057,7.7e-06,-7.7e-06,2.1341819,1.6865956,-1.6865956,755.6535935,63.054474,-63.054474,5129.0,129.027,-129.027,0.755722,0.0461005,-0.0461005,3842.3392138,,,2008.0229649,,,CONFIRMED
3.1479748,9.6e-06,-9.6e-06,6.17795,0.480898,-0.480898,478.0,37.9961,-37.9961,6555.0,135.3,-135.3,3.22,0.15,-0.15,810.338,,,1486.0,,,CANDIDATE
22.2897649,0.0001142,-0.0001142,8.90212,0.481516,-0.481516,1060.0,0.0426252,-0.0426252,5772.0,164.62,-164.62,2.77,0.15,-0.15,240.104,,,1096.0,,,CANDIDATE
23.899595,0.0020783,-0.0020783,12.8307536,10.076691,-10.076691,15998.7683282,1759.1171,-1759.1171,4736.5,41.2,-41.2,0.76962,,,12.1501484,,,476.1734157,,,CANDIDATE
7.1123703,1.63e-05,-1.63e-05,1.85858,0.0882026,-0.0882026,497.0,12.8031,-12.8031,5595.7,105.3,-105.3,0.91,0.04,-0.04,117.665,,,917.0,,,CANDIDATE
7.0491608,7.7e-06,-7.7e-06,2.8464941,0.1337324,-0.1337324,300.5227138,8.960467,-8.960467,6337.87,44.6906,-44.6906,1.42717,0.0557185,-0.0557185,489.6346689,,,1199.7417985,,,CONFIRMED
3.0440441,9.2e-06,-9.2e-06,1.3337425,0.5104449,-0.5104449,82.7350431,9.199939,-9.199939,6337.87,44.6906,-44.6906,1.42717,0.0557185,-0.0557185,1500.1020491,,,1587.2668665,,,CONFIRMED
1.0995742,7e-07,-7e-07,9.72799,0.528396,-0.528396,3168.0,195.464,-195.464,6040.0,128.6,-128.6,1.51,0.07,-0.07,1068.72,,,1592.0,,,FALSE POSITIVE
9.0182382,7.65e-05,-7.65e-05,5.61073,0.372406,-0.372406,3480.0,6.12327,-6.12327,5805.0,130.7,-130.7,0.94,0.05,-0.05,105.561,,,892.0,,,CANDIDATE
75.1247037,0.0007741,-0.0007741,13.8062,0.849997,-0.849997,11171.0,7.34945,-7.34945,5392.9,124.1,-124.1,1.27,0.07,-0.07,7.6236,,,462.0,,,CONFIRMED
3.5424466,8e-06,-8e-06,3.8362277,0.7928344,-0.7928344,1923.8270395,86.99176,-86.99176,5058.0,128.443,-128.443,0.853329,0.0515628,-0.0515628,230.7314546,,,994.0230394,,,CANDIDATE
4.2050741,0.0002386,-0.0002386,3.3240452,1.7236704,-1.7236704,1280.1793986,92.680885,-92.680885,5086.0,315.4,-315.4,0.877822,0.0575729,-0.0575729,197.5133118,,,956.1341771,,,CANDIDATE
1.9613369,0.0002374,-0.0002374,15.8657793,38.364887,-38.364887,9235.0384748,1253.6014,-1253.6014,4427.0,122.0,-122.0,1.06738,,,533.3830462,,,1225.6869197,,,CANDIDATE
9.8479326,0.0007167,-0.0007167,18.822612,2.9344144,-2.9344144,6398.0202697,570.8632,-570.8632,6887.55,102.486,-102.486,2.29041,0.125246,-0.125246,997.3154311,,,1433.2695828,,,CANDIDATE
19.6304978,0.0006444,-0.0006444,14.0835896,7.8473434,-7.8473434,7651.8898952,240.93462,-240.93462,5509.85,120.263,-120.263,1.03786,0.0538694,-0.0538694,44.7962153,,,659.8269963,,,CANDIDATE
18.9690014,0.0039587,-0.0039587,2.6609357,3.4606097,-3.4606097,595.060628,81.18443,-81.18443,5551.25,106.106,-106.106,1.08166,0.0476533,-0.0476533,52.0861834,,,685.1732253,,,CANDIDATE
7.4323882,0.0007868,-0.0007868,3.7818383,4.2450013,-4.2450013,838.3306849,102.23242,-102.23242,4921.0,784.763,-784.763,1.30646,0.22103,-0.22103,186.0306364,,,941.9240103,,,CANDIDATE
1.9416366,3.3e-06,-3.3e-06,11.7569044,0.5201643,-0.5201643,32945.1347849,1000.52655,-1000.52655,3837.0,133.0,-133.0,0.633668,0.0202681,-0.0202681,127.6742735,,,857.3252177,,,CONFIRMED
13.955959,5.32e-05,-5.32e-05,2.22304,0.139728,-0.139728,398.0,19.5565,-19.5565,5923.8,142.4,-142.4,1.13,0.06,-0.06,58.904,,,771.0,,,CANDIDATE
2.40541,0.0002033,-0.0002033,2.0045261,2.801834,-2.801834,1279.2023438,189.45142,-189.45142,3768.0,157.0,-157.0,0.552722,0.0163428,-0.0163428,66.6982074,,,728.867004,,,CANDIDATE
28.6503407,0.0001081,-0.0001081,9.4200991,0.5608938,-0.5608938,9472.1638799,284.51035,-284.51035,5639.5,114.529,-114.529,0.883211,0.0479799,-0.0479799,21.030545,,,546.1757094,,,CANDIDATE
1.7617165,0.000152,-0.000152,1.5510074,2.2734501,-2.2734501,356.4029763,43.95882,-43.95882,4732.72,107.815,-107.815,0.814343,0.0539498,-0.0539498,439.121942,,,1167.5245843,,,CANDIDATE
26.694279,0.0029534,-0.0029534,2.6845863,0.6385812,-0.6385812,1854.2924324,120.74404,-120.74404,3997.0,157.0,-157.0,0.626722,0.0186708,-0.0186708,4.0851419,,,362.5947706,,,CANDIDATE
32.9373717,0.0035862,-0.0035862,2.5336294,1.2296988,-1.2296988,3192.1429439,256.73434,-256.73434,3464.0,157.0,-157.0,0.444516,0.0131784,-0.0131784,1.0873336,,,260.4416558,,,CONFIRMED
0.7195712,5.3e-05,-5.3e-05,1.6108417,2.4331791,-2.4331791,159.6403985,18.0582,-18.0582,5910.0,127.006,-127.006,1.2550499,0.0581457,-0.0581457,6635.8566598,,,2301.9399951,,,CONFIRMED
4.0179805,1.92e-05,-1.92e-05,1.1017624,0.3346851,-0.3346851,2808.9118424,278.28647,-278.28647,3166.0,157.0,-157.0,0.194357,0.0058894,-0.0058894,4.6439935,,,374.4058708,,,CONFIRMED
26.1944549,0.0002736,-0.0002736,2.9945935,0.3417368,-0.3417368,1202.7716675,115.325836,-115.325836,4678.0,132.02,-132.02,0.709927,0.0543568,-0.0543568,8.8137847,,,439.4509003,,,CONFIRMED
2.1408063,2.6e-06,-2.6e-06,2.59639,0.149349,-0.149349,628.0,20.3419,-20.3419,5372.0,131.712,-131.712,1.0,0.05,-0.05,428.205,,,1267.0,,,CONFIRMED
2.294185,0.000938,-0.000938,1.95611,1.294193,-1.294193,697.472004,94.25027,-94.25027,5062.0,19.0,-19.0,0.707445,0.034104,-0.034104,304.478914,,,1065.3910768,,,FALSE POSITIVE
702.469227,0.0003135,-0.0003135,9.883855,0.9273434,-0.9273434,2078.9023943,160.33714,-160.33714,6781.59,100.132,-100.132,1.88308,0.143304,-0.143304,59.9115659,,,709.573548,,,CANDIDATE
2.0074528,8.66e-05,-8.66e-05,7.1639347,1.4872266,-1.4872266,20674.1145085,2012.913,-2012.913,3449.0,157.0,-157.0,0.490442,0.0172532,-0.0172532,50.6324451,,,680.3415178,,,CANDIDATE
13.8532745,0.0001208,-0.0001208,2.2098839,1.3686349,-1.3686349,1068.1330554,120.79104,-120.79104,3893.47,115.364,-115.364,0.655766,0.0672839,-0.0672839,9.7560707,,,450.7528526,,,CONFIRMED
760.0530038,0.0009007,-0.0009007,10.8619,0.65949,-0.65949,10000.0,14.3585,-14.3585,5722.0,253.7,-253.7,0.89,0.04,-0.04,0.149701,,,173.0,,,CANDIDATE
45.4964928,0.0038849,-0.0038849,8.81795,0.499167,-0.499167,9740.0,5.53147,-5.53147,5722.0,253.7,-253.7,0.89,0.04,-0.04,8.47778,,,475.0,,,CANDIDATE
3.2601896,0.0004792,-0.0004792,14.6248,1.14096,-1.14096,11570.0,4.60051,-4.60051,5542.4,180.1,-180.1,1.36,0.1,-0.1,809.661,,,1486.0,,,CANDIDATE
14.5814997,0.0001664,-0.0001664,9.70874,,,5490.0,9.42741,-9.42741,5830.0,122.0,-122.0,1.32,,,111.563,,,905.0,,,CANDIDATE
13.62636,7.48e-05,-7.48e-05,10.048,,,14390.0,12.2325,-12.2325,5260.6,112.2,-112.2,0.81,,,26.6947,,,633.0,,,CANDIDATE
16.2601049,8.55e-05,-8.55e-05,10.1064,,,7670.0,22.5282,-22.5282,5496.0,122.0,-122.0,1.05,,,5.91348,,,434.0,,,CANDIDATE
5.4021326,2.73e-05,-2.73e-05,23.2699,,,6710.0,3637.22,-3637.22,6312.0,122.0,-122.0,1.37,,,359.953,,,1213.0,,,CANDIDATE
3.344904,1.73e-05,-1.73e-05,2.2540532,1.2301857,-1.2301857,1399.4950568,150.70146,-150.70146,3883.0,65.0,-65.0,0.573953,0.017047,-0.017047,48.9314538,,,674.5540894,,,CANDIDATE
23.1678315,0.0001907,-0.0001907,9.49037,,,11480.0,13.0913,-13.0913,5120.0,122.0,-122.0,0.88,,,14.833,,,546.0,,,CANDIDATE
731.4778512,0.0017942,-0.0017942,11.7782,2.1717,-2.1717,5900.0,299.122,-299.122,6250.4,135.5,-135.5,1.1,0.06,-0.06,0.0776109,,,147.0,,,CANDIDATE
5.8586824,3.03e-05,-3.03e-05,2.35965,0.2185,-0.2185,1146.0,90.2135,-90.2135,4571.0,123.5,-123.5,0.72,0.06,-0.06,43.4681,,,715.0,,,CANDIDATE
8.7960328,0.0018184,-0.0018184,9.14959,0.40797,-0.40797,23090.0,21.2797,-21.2797,3695.0,157.0,-157.0,0.59,0.02,-0.02,8.51849,,,475.0,,,CONFIRMED
6.8242909,0.0001476,-0.0001476,2.23971,0.267381,-0.267381,700.0,2.25055,-2.25055,3999.0,123.9,-123.9,0.87,0.09,-0.09,33.8464,,,671.0,,,FALSE POSITIVE
32.0736228,1e-06,-1e-06,9.48121,0.285814,-0.285814,145640.0,866.394,-866.394,3176.0,157.0,-157.0,0.24,0.01,-0.01,0.243503,,,195.0,,,CANDIDATE
1.2833113,5.4e-06,-5.4e-06,9.39506,0.560254,-0.560254,4450.0,8.9606,-8.9606,8055.0,120.7,-120.7,1.32,0.05,-0.05,3343.46,,,2118.0,,,FALSE POSITIVE
0.358558,7e-07,-7e-07,8.24018,0.877154,-0.877154,960.0,17.6282,-17.6282,6813.5,138.9,-138.9,1.67,0.09,-0.09,948.501,,,1546.0,,,CANDIDATE
13.4659853,0.0001508,-0.0001508,3.3076,0.337638,-0.337638,2100.0,6.1112,-6.1112,4340.0,121.8,-121.8,0.69,0.06,-0.06,12.7406,,,526.0,,,CANDIDATE
19.8628449,0.0034783,-0.0034783,7.82397,0.415735,-0.415735,30940.0,53.0154,-53.0154,3595.0,157.0,-157.0,0.43,0.01,-0.01,0.933932,,,273.0,,,CANDIDATE
14.5728985,0.000819,-0.000819,13.5300683,0.6676787,-0.6676787,4464.4359891,154.8349,-154.8349,6025.8,107.0,-107.0,1.76095,0.0741809,-0.0741809,248.8553739,,,1012.9931427,,,CONFIRMED
5.2782582,5.71e-05,-5.71e-05,5.6755,0.42676,-0.42676,2000.0,4.67146,-4.67146,5647.0,125.2,-125.2,1.29,0.07,-0.07,320.994,,,1179.0,,,CANDIDATE
33.5383044,0.0002283,-0.0002283,9.8149834,0.6591355,-0.6591355,12623.7545349,366.30484,-366.30484,4947.0,123.5,-123.5,0.794396,0.0501181,-0.0501181,9.3663171,,,446.1819156,,,CANDIDATE
4.51125,7.3e-05,-7.3e-05,5.04347,0.37144,-0.37144,760.0,1.51141,-1.51141,6297.2,139.3,-139.3,1.91,0.1,-0.1,1281.58,,,1666.0,,,CANDIDATE
3.0650073,5.14e-05,-5.14e-05,11.1354,0.794536,-0.794536,23190.0,51.2652,-51.2652,3619.0,157.0,-157.0,0.69,0.04,-0.04,26.6949,,,633.0,,,CANDIDATE
18.6300789,0.0001865,-0.0001865,3.01483,0.310062,-0.310062,1620.0,2.91482,-2.91482,4092.4,121.2,-121.2,0.75,0.07,-0.07,6.92991,,,452.0,,,CANDIDATE
1.8434549,0.00095,-0.00095,8.05828,,,4360.0,196.283,-196.283,6457.2,70.4,-70.4,1.14,,,1139.02,,,1618.0,,,CANDIDATE
8.9165771,0.000162,-0.000162,6.82341,,,4360.0,31.7767,-31.7767,5607.0,122.0,-122.0,0.98,,,108.636,,,899.0,,,CANDIDATE
3.7349773,2.07e-05,-2.07e-05,14.1804,,,7830.0,7.33761,-7.33761,5632.0,123.0,-123.0,1.57,,,702.991,,,1434.0,,,CANDIDATE
8.9109435,1.86e-05,-1.86e-05,16.5406,1.23877,-1.23877,9850.0,29.3967,-29.3967,5733.0,121.9,-121.9,1.57,0.08,-0.08,51.4199,,,746.0,,,CANDIDATE
5.6895053,2.42e-05,-2.42e-05,12.0705,,,3840.0,1.2538,-1.2538,5707.5,,,1.89,,,578.708,,,,,,CANDIDATE
6.9839072,6.1e-06,-6.1e-06,12.2398,0.562704,-0.562704,10050.0,0.292261,-0.292261,5972.0,124.7,-124.7,1.21,0.06,-0.06,404.915,,,1249.0,,,CONFIRMED
1.2749899,9.8e-06,-9.8e-06,2.69399,0.353868,-0.353868,1140.0,7.34649,-7.34649,4216.7,132.9,-132.9,0.78,0.08,-0.08,201.011,,,1048.0,,,CANDIDATE
12.8665269,0.0003526,-0.0003526,4.59403,0.356078,-0.356078,1930.0,5.33277,-5.33277,5465.0,119.1,-119.1,1.05,0.05,-0.05,179.365,,,1019.0,,,CANDIDATE
2.6085851,4.1e-06,-4.1e-06,13.9108,0.911821,-0.911821,8610.0,18.3737,-18.3737,6331.0,124.6,-124.6,1.38,0.06,-0.06,680.058,,,1422.0,,,CANDIDATE
4.7974601,0.0030862,-0.0030862,10.4912,,,4890.0,11.0075,-11.0075,6549.4,32.8,-32.8,1.51,,,1955.29,,,1852.0,,,CANDIDATE
9.2271917,8.15e-05,-8.15e-05,9.80232,0.64263,-0.64263,5540.0,7.58561,-7.58561,5899.0,130.3,-130.3,1.32,0.07,-0.07,138.883,,,956.0,,,CANDIDATE
5.9900508,3.23e-05,-3.23e-05,4.71645,0.484319,-0.484319,3680.0,6.718,-6.718,4119.0,119.5,-119.5,0.74,0.07,-0.07,24.7628,,,621.0,,,CANDIDATE
1.9784368,0.0002556,-0.0002556,22.5379,,,39470.0,28.868,-28.868,6337.0,122.0,-122.0,1.11,,,1211.74,,,1643.0,,,CANDIDATE
6.2948747,7.85e-05,-7.85e-05,6.67951,0.409179,-0.409179,16707.0,1398.26,-1398.26,3584.0,157.0,-157.0,0.53,0.02,-0.02,9.34062,,,487.0,,,CANDIDATE
5.4368408,4.71e-05,-4.71e-05,6.11754,0.434311,-0.434311,1020.0,2.64929,-2.64929,6246.0,122.2,-122.2,1.91,0.08,-0.08,833.218,,,1496.0,,,CANDIDATE
6.3980642,6.5e-06,-6.5e-06,2.62025,0.21636,-0.21636,1656.0,53.3061,-53.3061,4695.0,92.0,-92.0,0.63,0.05,-0.05,33.7178,,,671.0,,,CONFIRMED
18.8792871,5.9e-05,-5.9e-05,1.99787,0.167093,-0.167093,1199.0,38.0485,-38.0485,4695.0,92.0,-92.0,0.63,0.05,-0.05,10.5814,,,502.0,,,CONFIRMED
10.717359,2.36e-05,-2.36e-05,12.4655,,,22680.0,20.47,-20.47,5047.0,122.0,-122.0,0.8,,,30.4561,,,654.0,,,CANDIDATE
9.5197732,7.93e-05,-7.93e-05,3.89219,,,2200.0,324.736,-324.736,4541.0,122.0,-122.0,0.77,,,32.9482,,,667.0,,,CANDIDATE
5.4853379,2.67e-05,-2.67e-05,13.6635,,,12040.0,18.2641,-18.2641,6054.4,35.9,-35.9,1.21,,,114.21,,,910.0,,,CANDIDATE
0.5736183,1.7e-06,-1.7e-06,6.063,0.53134,-0.53134,670.0,3.08774,-3.08774,6711.9,143.9,-143.9,2.12,0.12,-0.12,3111.57,,,2080.0,,,CANDIDATE
11.1801504,5.38e-05,-5.38e-05,6.89187,0.386353,-0.386353,2220.0,112.607,-112.607,6413.0,219.3,-219.3,1.47,0.07,-0.07,183.14,,,1024.0,,,CANDIDATE
5.9133875,5.63e-05,-5.63e-05,2.3864,0.265636,-0.265636,980.0,4.1578,-4.1578,4374.8,127.3,-127.3,0.74,0.06,-0.06,33.3499,,,669.0,,,CANDIDATE
1.236949,2.3e-05,-2.3e-05,9.84184,,,8250.0,86.4698,-86.4698,4660.0,122.0,-122.0,0.75,,,25.0169,,,623.0,,,CANDIDATE
3.2750907,6.1e-06,-6.1e-06,11.2041,,,6510.0,1.26586,-1.26586,5859.0,122.0,-122.0,1.33,,,664.018,,,1414.0,,,CANDIDATE
6.4424263,3.69e-05,-3.69e-05,3.14002,0.286883,-0.286883,1430.0,121.08,-121.08,4661.0,131.5,-131.5,0.8,0.06,-0.06,58.2235,,,769.0,,,CANDIDATE
4.019251,1.8e-05,-1.8e-05,13.7216,,,11830.0,40.255,-40.255,5904.0,123.0,-123.0,1.16,,,96.9861,,,874.0,,,CANDIDATE
10.778833,2.89e-05,-2.89e-05,2.6584,0.157545,-0.157545,1130.0,41.0743,-41.0743,5391.0,185.0,-185.0,0.84,0.05,-0.05,65.3136,,,791.0,,,CONFIRMED
0.4465713,6e-07,-6e-07,1.48867,0.100506,-0.100506,294.0,21.1432,-21.1432,5391.0,185.0,-185.0,0.84,0.05,-0.05,4347.38,,,2262.0,,,CONFIRMED
25.7122157,0.0022761,-0.0022761,2.8781392,1.1454114,-1.1454114,1151.454738,125.47072,-125.47072,5391.0,185.0,-185.0,0.840576,0.0452261,-0.0452261,2.8639178,,,331.7873984,,,CONFIRMED
7.9454767,0.0028259,-0.0028259,9.87351,0.929515,-0.929515,36680.0,243.059,-243.059,3714.0,157.0,-157.0,0.51,0.02,-0.02,3.70033,,,386.0,,,CANDIDATE
11.3630224,5.99e-05,-5.99e-05,2.39002,0.221523,-0.221523,1048.0,63.0864,-63.0864,4741.1,147.5,-147.5,0.77,0.06,-0.06,27.5227,,,638.0,,,CANDIDATE
26.7159918,0.0003082,-0.0003082,2.7358038,1.6914304,-1.6914304,1252.0071238,147.78322,-147.78322,4741.1,147.5,-147.5,0.773317,0.0646734,-0.0646734,10.605918,,,460.2637972,,,CANDIDATE
7.1314563,4.73e-05,-4.73e-05,7.98487,,,7550.0,13.7059,-13.7059,4701.6,58.3,-58.3,0.88,,,55.3319,,,759.0,,,CANDIDATE
12.782983,0.0022926,-0.0022926,9.1313,0.564524,-0.564524,8060.0,5.78046,-5.78046,5594.0,128.2,-128.2,0.97,0.05,-0.05,29.951,,,651.0,,,CANDIDATE
4.172202,3.72e-05,-3.72e-05,3.23281,,,1980.0,6.13821,-6.13821,4313.0,122.0,-122.0,0.73,,,74.1594,,,817.0,,,CANDIDATE
11.7672708,2.16e-05,-2.16e-05,15.2219,,,13190.0,24.4161,-24.4161,6205.0,122.0,-122.0,1.1,,,141.822,,,961.0,,,CANDIDATE
2.0034478,0.0004688,-0.0004688,10.9523,0.809749,-0.809749,24660.0,104.244,-104.244,3927.0,157.0,-157.0,0.65,0.02,-0.02,58.2268,,,769.0,,,CONFIRMED
3.154201,1.14e-05,-1.14e-05,12.0524,,,7690.0,4.73703,-4.73703,5771.5,126.1,-126.1,1.36,,,589.138,,,1372.0,,,CANDIDATE
3.5254325,2.12e-05,-2.12e-05,17.2611,6.02186,-6.02186,5790.0,1865.31,-1865.31,5497.0,127.9,-127.9,1.25,0.07,-0.07,2183.12,,,1904.0,,,CANDIDATE
37.9984529,0.000182,-0.000182,7.69928,0.383306,-0.383306,3050.0,1.54432,-1.54432,5839.5,105.8,-105.8,1.38,0.06,-0.06,19.8821,,,588.0,,,CANDIDATE
3.9306027,3e-06,-3e-06,1.26995,0.0506095,-0.0506095,1048.0,54.9547,-54.9547,3505.0,90.0,-90.0,0.36,0.01,-0.01,16.4901,,,561.0,,,CONFIRMED
3.2856588,0.000159,-0.000159,12.5808,0.786296,-0.786296,17910.0,6.01308,-6.01308,4898.9,106.8,-106.8,0.91,0.05,-0.05,187.224,,,1030.0,,,CANDIDATE
39.9753375,0.0002127,-0.0002127,14.1085,0.697099,-0.697099,9160.0,2.71618,-2.71618,5989.0,122.6,-122.6,1.45,0.07,-0.07,18.6491,,,578.0,,,FALSE POSITIVE
3.0594206,2.44e-05,-2.44e-05,9.6239,,,2000.0,2.24513,-2.24513,5414.0,122.0,-122.0,2.14,,,1193.52,,,1637.0,,,CANDIDATE
3.6636707,8.4e-06,-8.4e-06,8.91486,,,3890.0,10.1655,-10.1655,5286.0,122.0,-122.0,1.28,,,77.2704,,,825.0,,,CANDIDATE
13.7317565,8.33e-05,-8.33e-05,4.07678,0.282552,-0.282552,2095.0,164.617,-164.617,5342.0,126.7,-126.7,0.83,0.05,-0.05,157.055,,,986.0,,,CANDIDATE
3.3903593,9e-06,-9e-06,2.27887,0.143888,-0.143888,877.0,36.897,-36.897,5342.0,126.7,-126.7,0.83,0.05,-0.05,251.103,,,1108.0,,,CANDIDATE
7.8854383,3.42e-05,-3.42e-05,2.23283,0.153859,-0.153859,796.0,48.5621,-48.5621,5342.0,126.7,-126.7,0.83,0.05,-0.05,96.429,,,873.0,,,CANDIDATE
21.4904723,0.00012,-0.00012,2.43328,0.170269,-0.170269,985.0,60.2425,-60.2425,5342.0,126.7,-126.7,0.83,0.05,-0.05,21.9904,,,603.0,,,CANDIDATE
3.4645195,7.4e-05,-7.4e-05,10.4699,4.24972,-4.24972,410.0,256.922,-256.922,6351.0,128.7,-128.7,2.4,0.11,-0.11,28650.3,,,3624.0,,,CANDIDATE
716.2159783,2.55e-05,-2.55e-05,9.73397,0.498041,-0.498041,9757.0,288.464,-288.464,5699.0,118.7,-118.7,0.98,0.05,-0.05,5.58002,,,428.0,,,CANDIDATE
7.5575607,0.0004126,-0.0004126,12.4415238,1.8368318,-1.8368318,17756.876606,651.2477,-651.2477,4893.71,141.288,-141.288,0.762768,0.0570954,-0.0570954,61.0057318,,,712.7913321,,,CANDIDATE
2.2853731,0.0009511,-0.0009511,3.93456,1.05331,-1.05331,1410.0,106.713,-106.713,5299.0,125.0,-125.0,0.91,0.05,-0.05,297.666,,,1157.0,,,CANDIDATE
731.9380939,0.0002033,-0.0002033,6.5656892,0.220517,-0.220517,3290.0705522,143.75801,-143.75801,5383.0,185.0,-185.0,0.983025,,,10.8794711,,,463.2033538,,,CANDIDATE
3.2220038,2.4e-05,-2.4e-05,2.0774,0.150974,-0.150974,536.0,44.4382,-44.4382,5382.4,108.4,-108.4,0.93,0.05,-0.05,937.884,,,1541.0,,,CANDIDATE
2.2438471,3.96e-05,-3.96e-05,14.2892,0.719444,-0.719444,10310.0,0.106845,-0.106845,6458.0,143.7,-143.7,1.33,0.07,-0.07,1356.33,,,1690.0,,,CONFIRMED
4.2342153,0.0003808,-0.0003808,7.0962994,0.4971473,-0.4971473,6137.4069869,199.88913,-199.88913,5061.9,112.299,-112.299,0.859778,0.0484824,-0.0484824,185.0743088,,,940.7111326,,,CONFIRMED
17.2837172,0.003779,-0.003779,6.4100045,1.2114325,-1.2114325,2759.6931813,227.69276,-227.69276,5600.0,120.785,-120.785,1.21154,0.0615075,-0.0615075,75.9893459,,,753.0224536,,,CANDIDATE
2.2054776,0.0007857,-0.0007857,9.6722,0.790385,-0.790385,28280.0,146.842,-146.842,3770.0,157.0,-157.0,0.53,0.02,-0.02,64.0804,,,788.0,,,CONFIRMED
25.0577354,0.0003264,-0.0003264,5.30323,0.364701,-0.364701,3500.0,7.64394,-7.64394,5954.0,124.6,-124.6,0.87,0.04,-0.04,32.4574,,,664.0,,,CANDIDATE
4.2744435,3.06e-05,-3.06e-05,4.01981,0.310989,-0.310989,1960.0,4.68486,-4.68486,5405.0,127.7,-127.7,0.9,0.05,-0.05,132.963,,,946.0,,,CANDIDATE
17.7916498,0.0002092,-0.0002092,5.67639,0.39995,-0.39995,1550.0,3.07977,-3.07977,5803.0,129.2,-129.2,1.43,0.07,-0.07,111.663,,,905.0,,,CANDIDATE
1.0034686,8e-06,-8e-06,2.77075,0.222504,-0.222504,600.0,2.16003,-2.16003,5601.2,99.6,-99.6,1.16,0.05,-0.05,1913.7,,,1842.0,,,CANDIDATE
3.3957241,2.7e-05,-2.7e-05,2.79896,0.265733,-0.265733,1370.0,2.51454,-2.51454,4479.0,125.4,-125.4,0.77,0.06,-0.06,282.135,,,1141.0,,,CANDIDATE
1.6511456,2.3e-06,-2.3e-06,7.7514065,0.4466862,-0.4466862,3205.5671437,128.76796,-128.76796,5752.0,189.0,-189.0,1.12196,0.0548141,-0.0548141,1452.3828899,,,1574.4904492,,,CONFIRMED
13.0518467,1.2e-05,-1.2e-05,17.0183,1.04536,-1.04536,39070.0,2.19936,-2.19936,5268.9,102.2,-102.2,0.83,0.05,-0.05,25.631,,,626.0,,,FALSE POSITIVE
2.1808015,0.0005446,-0.0005446,7.66626,0.581993,-0.581993,23790.0,81.7434,-81.7434,3379.0,157.0,-157.0,0.48,0.02,-0.02,29.151,,,647.0,,,CANDIDATE
10.2682326,4.2e-05,-4.2e-05,11.589,0.960619,-0.960619,4380.0,20.0763,-20.0763,6181.0,125.0,-125.0,1.64,0.07,-0.07,29.6484,,,650.0,,,CANDIDATE
4.5362433,5.12e-05,-5.12e-05,7.12776,0.547531,-0.547531,3390.0,10.5682,-10.5682,5620.5,103.5,-103.5,1.21,0.06,-0.06,305.034,,,1164.0,,,CANDIDATE
2.4277208,2.25e-05,-2.25e-05,6.0694,0.424596,-0.424596,990.0,1.56355,-1.56355,5999.3,133.6,-133.6,1.93,0.11,-0.11,1747.74,,,1801.0,,,CANDIDATE
4.0134273,7.4e-06,-7.4e-06,10.7003,0.663017,-0.663017,10480.0,6.84617,-6.84617,5935.2,145.6,-145.6,1.06,0.06,-0.06,101.875,,,885.0,,,CANDIDATE
3.3078803,0.0006629,-0.0006629,9.74504,0.518787,-0.518787,32920.0,57.6281,-57.6281,3571.0,157.0,-157.0,0.51,0.02,-0.02,19.3914,,,584.0,,,FALSE POSITIVE
4.7518771,2.43e-05,-2.43e-05,15.1227,1.0982,-1.0982,8670.0,18.2099,-18.2099,5676.0,127.2,-127.2,1.57,0.08,-0.08,262.123,,,1120.0,,,CANDIDATE
34.2825595,0.0002124,-0.0002124,5.84592,0.336964,-0.336964,2540.0,2.04962,-2.04962,6145.0,128.8,-128.8,1.19,0.06,-0.06,41.8997,,,708.0,,,CANDIDATE
10.6893108,8.43e-05,-8.43e-05,6.90838,0.456864,-0.456864,1349.0,86.0593,-86.0593,5887.0,124.8,-124.8,1.93,0.1,-0.1,378.489,,,1228.0,,,CANDIDATE
18.2598774,0.000126,-0.000126,8.80539,,,3140.0,2.47265,-2.47265,6230.0,122.0,-122.0,1.59,,,135.04,,,949.0,,,CANDIDATE
7.4992916,6.53e-05,-6.53e-05,4.15964,0.274962,-0.274962,1480.0,2.89396,-2.89396,6038.0,127.2,-127.2,1.07,0.05,-0.05,250.294,,,1108.0,,,CANDIDATE
4.2528141,2.13e-05,-2.13e-05,5.49054,0.343671,-0.343671,2390.0,3.60859,-3.60859,5318.4,103.3,-103.3,1.09,0.05,-0.05,89.1065,,,855.0,,,CANDIDATE
29.120986,0.0002411,-0.0002411,2.28524,0.228725,-0.228725,950.0,1.9412,-1.9412,4248.0,120.6,-120.6,0.71,0.06,-0.06,4.59168,,,407.0,,,CANDIDATE
3.2487833,2.15e-05,-2.15e-05,5.49487,0.508787,-0.508787,3110.0,14.0387,-14.0387,5149.0,127.6,-127.6,0.91,0.06,-0.06,140.707,,,959.0,,,CANDIDATE
0.8037513,9e-07,-9e-07,6.33045,,,7880.0,13.4789,-13.4789,4708.0,123.0,-123.0,0.65,,,496.763,,,1315.0,,,CANDIDATE
1.6064494,0.0003439,-0.0003439,11.7098,1.71206,-1.71206,26980.0,575.694,-575.694,3507.0,157.0,-157.0,0.63,0.02,-0.02,30.0257,,,652.0,,,CANDIDATE
0.846542,0.000179,-0.000179,1.642414,0.666679,-0.666679,2524.567663,236.40909,-236.40909,3380.0,101.0,-101.0,0.325,0.068,-0.068,85.2240732,,,774.9261587,,,FALSE POSITIVE
4.8183501,0.0008466,-0.0008466,11.5419,,,10370.0,26.4772,-26.4772,5192.0,122.0,-122.0,1.15,,,69.6374,,,804.0,,,CANDIDATE
2.8329023,0.0001264,-0.0001264,11.996,0.758295,-0.758295,18630.0,9.25673,-9.25673,5447.5,133.6,-133.6,0.85,0.05,-0.05,260.223,,,1118.0,,,CANDIDATE
2.3144207,1.77e-05,-1.77e-05,2.71343,0.175126,-0.175126,1720.0,5.15303,-5.15303,3687.0,157.0,-157.0,0.62,0.02,-0.02,49.7933,,,740.0,,,CANDIDATE
45.0854117,0.0001884,-0.0001884,7.92062,,,7870.0,33.6894,-33.6894,5013.0,122.0,-122.0,0.8,,,0.746125,,,258.0,,,CANDIDATE
3.8863969,4.72e-05,-4.72e-05,9.97164,0.910146,-0.910146,3340.0,14.9164,-14.9164,5436.0,121.1,-121.1,1.71,0.09,-0.09,726.387,,,1446.0,,,CANDIDATE
2.2465076,9.3e-06,-9.3e-06,13.3584,,,4340.0,2.42848,-2.42848,6064.0,122.0,-122.0,2.03,,,3229.79,,,2100.0,,,CANDIDATE
5.468394,5.9e-06,-5.9e-06,16.445,,,11340.0,1.7217,-1.7217,5526.0,122.0,-122.0,1.51,,,147.869,,,971.0,,,CANDIDATE
19.511064,0.0001082,-0.0001082,13.6915,,,25510.0,42.0494,-42.0494,4951.8,63.3,-63.3,0.82,,,13.0704,,,529.0,,,CANDIDATE
4.1753448,7.45e-05,-7.45e-05,4.07823,0.357216,-0.357216,810.0,2.33036,-2.33036,5686.0,122.9,-122.9,1.45,0.09,-0.09,689.452,,,1427.0,,,CANDIDATE
3.676651,1.03e-05,-1.03e-05,12.1328,0.628712,-0.628712,4280.0,1.05232,-1.05232,5900.0,122.4,-122.4,1.83,0.09,-0.09,792.672,,,1478.0,,,CANDIDATE
1.5373643,6e-07,-6e-07,13.3084502,0.6212685,-0.6212685,17828.6194882,122.01345,-122.01345,5959.0,,,0.959588,0.0442739,-0.0442739,1422.6075133,,,1566.3579803,,,CONFIRMED
14.616858,0.0064669,-0.0064669,15.3936,2.86951,-2.86951,9117.0,1.77267,-1.77267,6488.0,608.5,-608.5,1.66,0.31,-0.31,428.306,,,1267.0,,,CANDIDATE
3.3079817,0.0006559,-0.0006559,11.9758,0.649172,-0.649172,81180.0,141.675,-141.675,3380.0,157.0,-157.0,0.41,0.01,-0.01,15.6016,,,553.0,,,CANDIDATE
3.0390851,0.0002282,-0.0002282,10.9147317,0.6045533,-0.6045533,12337.5570732,387.88367,-387.88367,5316.0,104.7,-104.7,0.864673,0.0424071,-0.0424071,336.0383887,,,1091.9857549,,,CONFIRMED
2.8386215,0.0002981,-0.0002981,12.9007751,0.7918358,-0.7918358,15270.0987848,637.57184,-637.57184,5878.0,132.908,-132.908,1.02573,0.0489799,-0.0489799,702.3850325,,,1312.9964796,,,CONFIRMED
3.5771891,0.0002832,-0.0002832,13.5073506,0.7160333,-0.7160333,15679.3921242,487.19873,-487.19873,5849.09,103.81,-103.81,1.06358,0.0492513,-0.0492513,545.3337575,,,1232.4955082,,,CONFIRMED
4.0548695,0.0002204,-0.0002204,15.5446864,1.0187697,-1.0187697,23163.2926161,249.76082,-249.76082,5326.6,138.967,-138.967,1.01342,0.0651257,-0.0651257,316.3120227,,,1075.5947516,,,CONFIRMED
3.5061649,3.85e-05,-3.85e-05,12.8576195,1.1121958,-1.1121958,18379.4360484,279.10486,-279.10486,4906.0,128.638,-128.638,0.771086,0.0519598,-0.0519598,174.9015383,,,927.5090521,,,CONFIRMED
119.3355264,0.0067392,-0.0067392,5.11487,0.335164,-0.335164,2400.0,3.76642,-3.76642,5516.0,130.7,-130.7,0.94,0.05,-0.05,3.83692,,,389.0,,,CONFIRMED
1.6622263,4.4e-06,-4.4e-06,18.8693,1.03782,-1.03782,12560.0,1.65405,-1.65405,6152.0,131.4,-131.4,1.61,0.09,-0.09,3599.67,,,2157.0,,,CANDIDATE
3.3575477,0.002457,-0.002457,12.6518,0.903055,-0.903055,26240.0,33.2381,-33.2381,5013.0,122.8,-122.8,0.75,0.05,-0.05,101.253,,,883.0,,,CONFIRMED
3.1159994,1.3e-05,-1.3e-05,15.7497,,,6920.0,4.18684,-4.18684,6098.0,20.5,-20.5,1.6,,,1419.36,,,1709.0,,,CANDIDATE
0.7748443,5.56e-05,-5.56e-05,17.1413,4.41226,-4.41226,21020.0,2825.69,-2825.69,3448.0,157.0,-157.0,0.64,0.09,-0.09,28.2246,,,642.0,,,CANDIDATE
1.1000285,0.0001028,-0.0001028,16.0194,0.926576,-0.926576,29080.0,11.2203,-11.2203,5644.0,124.9,-124.9,0.9,0.05,-0.05,1114.93,,,1609.0,,,CANDIDATE
2.3409909,0.0003188,-0.0003188,15.4992,0.732946,-0.732946,12040.0,3.55512,-3.55512,6090.0,106.7,-106.7,1.35,0.06,-0.06,934.465,,,1540.0,,,CONFIRMED
4.2366102,4e-06,-4e-06,15.6978,0.717382,-0.717382,14790.0,1.38262,-1.38262,5407.5,101.5,-101.5,1.28,0.06,-0.06,351.913,,,1206.0,,,CANDIDATE
2.9479689,0.0002123,-0.0002123,9.41494,0.472349,-0.472349,24090.0,35.3795,-35.3795,3588.0,157.0,-157.0,0.58,0.02,-0.02,27.6969,,,639.0,,,CONFIRMED
3.3299795,0.0007241,-0.0007241,14.9891,,,23460.0,28.0682,-28.0682,5794.0,122.0,-122.0,0.95,,,258.909,,,1117.0,,,CANDIDATE
6.5562078,1.47e-05,-1.47e-05,8.40415,0.433515,-0.433515,2970.0,1.00054,-1.00054,6845.0,203.0,-203.0,1.47,0.07,-0.07,99.2324,,,879.0,,,CONFIRMED
10.4995545,4.5e-05,-4.5e-05,15.8295,1.20248,-1.20248,7030.0,23.3077,-23.3077,6288.9,121.5,-121.5,1.79,0.08,-0.08,60.338,,,776.0,,,CANDIDATE
3.3894889,1.84e-05,-1.84e-05,6.16071,,,3650.0,5.37467,-5.37467,5657.3,,,1.03,,,352.72,,,,,,CANDIDATE
1.6929628,0.0005169,-0.0005169,12.4331,0.895222,-0.895222,14820.0,20.0346,-20.0346,5250.0,135.7,-135.7,0.97,0.06,-0.06,384.155,,,1233.0,,,CANDIDATE
2.2232698,0.000159,-0.000159,9.36074,1.4427,-1.4427,31700.0,1284.8,-1284.8,3157.0,157.0,-157.0,0.36,0.01,-0.01,5.11732,,,419.0,,,FALSE POSITIVE
1637.265104,1e-06,-1e-06,3.16626,0.182537,-0.182537,1323.0,0.629621,-0.629621,5271.0,115.3,-115.3,0.83,0.04,-0.04,0.0068439,,,80.0,,,CANDIDATE
32.429738,3.27e-05,-3.27e-05,2.6538,0.143145,-0.143145,988.0,17.5553,-17.5553,5271.0,115.3,-115.3,0.83,0.04,-0.04,9.85942,,,493.0,,,CANDIDATE
6.2183322,1.82e-05,-1.82e-05,2.501165,0.251112,-0.251112,744.7463441,71.800255,-71.800255,5554.41,111.856,-111.856,0.782913,0.0387814,-0.0387814,120.9187899,,,845.7523198,,,CANDIDATE
2.346931,1.3e-06,-1.3e-06,9.2562,0.696346,-0.696346,5198.0,605.335,-605.335,5901.0,149.312,-149.312,1.15,0.06,-0.06,302.08,,,1161.0,,,CANDIDATE
22.0183163,0.000126,-0.000126,10.5432,0.661864,-0.661864,3736.0,176.269,-176.269,5901.0,143.5,-143.5,1.74,0.1,-0.1,25.8591,,,628.0,,,CANDIDATE
1.7812778,2.3e-05,-2.3e-05,1.85549,0.163717,-0.163717,540.0,2.05556,-2.05556,5329.0,121.7,-121.7,0.82,0.04,-0.04,1063.79,,,1591.0,,,CANDIDATE
15.0764899,0.0001035,-0.0001035,2.44538,0.175001,-0.175001,678.0,45.7405,-45.7405,6149.4,135.4,-135.4,1.06,0.05,-0.05,83.5256,,,842.0,,,CANDIDATE
10.1694553,5.44e-05,-5.44e-05,2.48528,0.162678,-0.162678,852.0,43.5621,-43.5621,5856.0,140.9,-140.9,1.01,0.05,-0.05,180.213,,,1020.0,,,CANDIDATE
3.7711066,1.19e-05,-1.19e-05,3.3409641,0.444618,-0.444618,1647.6730314,107.819115,-107.819115,4590.0,126.013,-126.013,0.757521,0.059314,-0.059314,125.0643329,,,852.9098252,,,CONFIRMED
10.5998647,4.36e-05,-4.36e-05,2.82438,0.343938,-0.343938,924.0,152.673,-152.673,5888.0,123.7,-123.7,0.98,0.05,-0.05,348.496,,,1203.0,,,CANDIDATE
0.3576555,4.8e-05,-4.8e-05,3.4133323,2.2498431,-2.2498431,996.7081729,483.12784,-483.12784,4717.0,107.8,-107.8,1.05486,0.0768844,-0.0768844,5017.7308025,,,2146.5775801,,,CANDIDATE
2.0364271,8.9e-06,-8.9e-06,1.60247,0.10741,-0.10741,268.0,21.7323,-21.7323,5553.0,119.845,-119.845,0.93,0.05,-0.05,614.718,,,1387.0,,,CANDIDATE
2.6953698,4.97e-05,-4.97e-05,4.5145927,10.007338,-10.007338,757.7733755,119.84685,-119.84685,5521.0,123.763,-123.763,0.991556,0.0511357,-0.0511357,580.7236509,,,1252.0224838,,,CANDIDATE
3.3810227,1.73e-05,-1.73e-05,1.4978948,0.5191243,-0.5191243,797.2617518,90.00884,-90.00884,3600.0,157.0,-157.0,0.495592,0.0145958,-0.0145958,30.41073,,,598.9305429,,,CANDIDATE
4.6418435,1.7e-06,-1.7e-06,12.6031793,0.6311306,-0.6311306,7525.447523,56.10482,-56.10482,5743.0,,,1.41374,0.0692261,-0.0692261,684.0972603,,,1304.3652267,,,CONFIRMED
28.4064643,0.0002972,-0.0002972,2.5276328,0.7371311,-0.7371311,886.162065,103.47636,-103.47636,5415.0,123.676,-123.676,0.797844,0.0421055,-0.0421055,15.3546861,,,504.8704882,,,CANDIDATE
16.303675,5.03e-05,-5.03e-05,2.2450389,0.8283005,-0.8283005,1119.9625254,72.31151,-72.31151,3729.0,157.0,-157.0,0.661191,0.0212531,-0.0212531,6.4643503,,,406.6782728,,,CANDIDATE
8.2077264,0.0001515,-0.0001515,3.816863,0.4270947,-0.4270947,667.6868432,100.51115,-100.51115,6057.0,127.331,-127.331,1.1743,0.0554774,-0.0554774,241.5964564,,,1005.5238813,,,CANDIDATE
10.4419896,6.12e-05,-6.12e-05,1.8605473,0.8183631,-0.8183631,3992.4372644,487.0845,-487.0845,3271.0,157.0,-157.0,0.292425,0.0086479,-0.0086479,2.4111217,,,317.8151042,,,CONFIRMED
7.7784947,2.53e-05,-2.53e-05,2.8542925,0.7670909,-0.7670909,760.4735322,76.00819,-76.00819,5610.2,105.923,-105.923,0.961354,0.0505553,-0.0505553,139.4610477,,,876.4617758,,,CANDIDATE
6.2822993,2.62e-05,-2.62e-05,1.2659515,3.0344956,-3.0344956,632.5840625,79.61948,-79.61948,3827.0,157.0,-157.0,0.50074,0.0148125,-0.0148125,17.2380677,,,519.6870504,,,CANDIDATE
6.7662729,2.65e-05,-2.65e-05,1.0176743,2.5089574,-2.5089574,1998.3738721,372.24612,-372.24612,3331.0,157.0,-157.0,0.225966,0.0068267,-0.0068267,3.4093064,,,346.566242,,,CANDIDATE
13.478722,5.15e-05,-5.15e-05,3.2337702,0.7999456,-0.7999456,1323.2275744,101.6692,-101.6692,5479.3,99.9936,-99.9936,0.856628,0.0392412,-0.0392412,49.5459771,,,676.6620949,,,CANDIDATE
716.8426894,0.0057527,-0.0057527,2.6487075,1.0496963,-1.0496963,1562.8136485,138.1446,-138.1446,3922.0,157.0,-157.0,0.672256,0.019799,-0.019799,0.0522484,,,121.9377133,,,CANDIDATE
1.4344602,1.54e-05,-1.54e-05,1.393219,0.2790343,-0.2790343,1028.2187852,164.2908,-164.2908,3421.0,157.0,-157.0,0.37103,0.0109547,-0.0109547,53.970737,,,691.2885073,,,CONFIRMED
729.4823472,0.0114246,-0.0114246,3.330945,0.333865,-0.333865,819.483247,88.87393,-88.87393,5881.4,144.199,-144.199,1.00725,0.0552161,-0.0552161,0.413942,,,204.5759725,,,CANDIDATE
61.3191144,0.0010068,-0.0010068,6.3907079,0.7077602,-0.7077602,6593.1382192,288.82144,-288.82144,4911.0,123.396,-123.396,0.795305,0.0512513,-0.0512513,4.1256508,,,363.4903344,,,CANDIDATE
170.6465146,0.0011722,-0.0011722,12.8504525,0.7675774,-0.7675774,12283.6633675,310.08603,-310.08603,5695.0,139.936,-139.936,1.14952,0.0593367,-0.0593367,3.4087943,,,346.553227,,,CANDIDATE
697.4037698,0.0030393,-0.0030393,3.0187258,0.5041258,-0.5041258,448.8749774,26.671217,-26.671217,6060.54,141.673,-141.673,1.3749599,0.0701231,-0.0701231,0.8882279,,,247.6001174,,,CANDIDATE
746.9545356,0.0036652,-0.0036652,2.7184667,0.8750399,-0.8750399,1671.1171293,240.23312,-240.23312,3933.0,157.0,-157.0,0.623191,0.0183655,-0.0183655,0.1126616,,,147.762315,,,CANDIDATE
5.4911302,1.3e-05,-1.3e-05,2.430675,1.2403625,-1.2403625,448.451647,32.36731,-32.36731,5874.0,119.318,-119.318,1.10649,0.0514447,-0.0514447,337.3312542,,,1093.0345624,,,CONFIRMED
6.3928694,5.24e-05,-5.24e-05,3.3171645,0.489786,-0.489786,451.9563235,25.874651,-25.874651,5712.0,122.9,-122.9,1.44969,0.0704321,-0.0704321,435.391459,,,1165.0370206,,,CANDIDATE
11.4974559,8.42e-05,-8.42e-05,1.1269607,0.8637409,-0.8637409,843.1062336,110.17496,-110.17496,3444.0,157.0,-157.0,0.375994,0.0111753,-0.0111753,3.5120094,,,349.147284,,,CANDIDATE
554.4989676,0.0010034,-0.0010034,3.8883371,0.4838366,-0.4838366,6058.5947589,898.4934,-898.4934,3870.0,157.0,-157.0,0.423548,0.0125883,-0.0125883,0.7956878,,,240.8825959,,,CANDIDATE
1.9271225,1.28e-05,-1.28e-05,1.4261604,1.4298586,-1.4298586,898.6821302,106.55111,-106.55111,3572.0,157.0,-157.0,0.464169,0.0137283,-0.0137283,57.2227793,,,701.4746588,,,CANDIDATE
270.303816,0.0075056,-0.0075056,4.4969676,0.5140907,-0.5140907,2898.2731965,292.1334,-292.1334,4448.25,107.454,-107.454,0.767409,0.0542789,-0.0542789,0.3921479,,,201.8283767,,,CANDIDATE
60.1702823,0.0001716,-0.0001716,11.9133,3.86555,-3.86555,1941.0,3761.95,-3761.95,6710.0,128.511,-128.511,1.42,0.06,-0.06,29.4687,,,649.0,,,CANDIDATE
8.2751966,2.14e-05,-2.14e-05,2.7563441,1.4985242,-1.4985242,958.0302036,84.57091,-84.57091,4388.89,106.334,-106.334,0.832265,0.0604347,-0.0604347,46.1268457,,,664.6732318,,,CANDIDATE
6.1841688,9.5e-06,-9.5e-06,2.4076002,0.313465,-0.313465,1052.3509168,53.255753,-53.255753,4645.0,128.1,-128.1,0.693766,0.0532161,-0.0532161,56.3777871,,,698.8705758,,,CANDIDATE
2.1208156,1.17e-05,-1.17e-05,0.837844,0.1481517,-0.1481517,1148.8773237,168.8344,-168.8344,3222.0,157.0,-157.0,0.210908,0.006367,-0.006367,12.9004588,,,483.360368,,,CANDIDATE
0.6489868,1.64e-05,-1.64e-05,1.6921774,0.4093838,-0.4093838,615.5445069,99.485794,-99.485794,3949.0,157.0,-157.0,0.579535,0.017258,-0.017258,493.4826926,,,1202.0920667,,,CANDIDATE
19.4480946,8.78e-05,-8.78e-05,2.3009285,0.7369309,-0.7369309,1327.1099723,102.70517,-102.70517,3966.0,157.0,-157.0,0.618273,0.0181526,-0.0181526,5.921701,,,397.8609983,,,CANDIDATE
0.768125,9.2e-06,-9.2e-06,1.3040556,1.5758286,-1.5758286,491.4350185,52.93853,-52.93853,3717.0,157.0,-157.0,0.569914,0.0168518,-0.0168518,302.1102929,,,1063.3130159,,,CANDIDATE
28.5462089,0.0001584,-0.0001584,2.8547322,0.3055091,-0.3055091,1744.4659966,219.61098,-219.61098,3717.0,157.0,-157.0,0.569914,0.0168518,-0.0168518,2.4359973,,,318.6316783,,,CANDIDATE
8.4306162,6.39e-05,-6.39e-05,2.0500339,1.8671747,-1.8671747,182.9089572,21.073109,-21.073109,6104.12,103.305,-103.305,1.49138,0.0561055,-0.0561055,383.1101186,,,1128.3677245,,,CANDIDATE
3.3023907,7.2e-06,-7.2e-06,17.8079912,0.9587896,-0.9587896,8027.6122024,116.00178,-116.00178,6071.0,,,1.91031,0.0994273,-0.0994273,2236.5715968,,,1753.9429007,,,CONFIRMED
1.689442,1.53e-05,-1.53e-05,1.3821489,2.159553,-2.159553,318.7756761,44.461422,-44.461422,4552.0,129.934,-129.934,0.788247,0.0637311,-0.0637311,386.3588109,,,1130.7522348,,,CANDIDATE
24.0004143,0.0002399,-0.0002399,2.83659,0.253533,-0.253533,1240.0,1.99862,-1.99862,4579.0,125.5,-125.5,0.8,0.06,-0.06,6.01946,,,436.0,,,CANDIDATE
3.965824,7.48e-05,-7.48e-05,7.03413,0.519109,-0.519109,680.0,58.2236,-58.2236,6199.0,156.7,-156.7,2.8,0.14,-0.14,624.031,,,1392.0,,,FALSE POSITIVE
7.6603722,4.5e-06,-4.5e-06,8.87205,0.530827,-0.530827,9918.0,208.812,-208.812,5250.0,129.4,-129.4,0.87,0.05,-0.05,40.7846,,,704.0,,,CANDIDATE
5.7488832,8.65e-05,-8.65e-05,2.08943,0.178777,-0.178777,190.0,21.933,-21.933,6009.0,125.8,-125.8,1.54,0.07,-0.07,974.493,,,1556.0,,,CANDIDATE
711.7642825,8.54e-05,-8.54e-05,12.6338972,1.1483275,-1.1483275,20978.1367866,398.79102,-398.79102,4661.56,137.074,-137.074,0.732648,0.0592965,-0.0592965,2.4542117,,,319.2256315,,,FALSE POSITIVE
0.5734766,1.37e-05,-1.37e-05,1.4969531,0.1305306,-0.1305306,818.3903403,88.985146,-88.985146,3466.0,157.0,-157.0,0.420908,0.0124246,-0.0124246,225.4185164,,,988.2507357,,,CONFIRMED
3.0269043,1.9e-05,-1.9e-05,14.2605,0.8726,-0.8726,7120.0,9.04245,-9.04245,6154.0,175.3,-175.3,1.67,0.08,-0.08,1446.66,,,1718.0,,,CANDIDATE
5.4328364,2.29e-05,-2.29e-05,12.63,0.656937,-0.656937,1420.0,0.2853,-0.2853,6024.0,133.7,-133.7,3.4,0.17,-0.17,1693.95,,,1787.0,,,CANDIDATE
19.3721051,0.001947,-0.001947,17.4598301,11.617007,-11.617007,3219.5594645,114.99179,-114.99179,6529.0,199.0,-199.0,1.88186,0.0818217,-0.0818217,233.1335405,,,996.6001297,,,FALSE POSITIVE
1.9044134,0.0001688,-0.0001688,12.8293,1.08033,-1.08033,31200.0,208.189,-208.189,3952.0,157.0,-157.0,0.63,0.02,-0.02,33.8566,,,672.0,,,CANDIDATE
1.7465205,4.9e-06,-4.9e-06,9.21007,,,7080.0,9.927,-9.927,5219.0,125.0,-125.0,1.04,,,349.37,,,1204.0,,,CANDIDATE
6.7113743,2.63e-05,-2.63e-05,15.6415,,,22640.0,19.4444,-19.4444,5616.2,45.3,-45.3,1.02,,,66.8731,,,796.0,,,CANDIDATE
7.4242482,5.67e-05,-5.67e-05,14.2577,,,8060.0,18.4765,-18.4765,5760.0,122.0,-122.0,1.53,,,114.75,,,911.0,,,CANDIDATE
3.6479472,1.08e-05,-1.08e-05,11.96,0.744782,-0.744782,9470.0,12.9068,-12.9068,5999.0,135.5,-135.5,1.16,0.06,-0.06,208.679,,,1058.0,,,CANDIDATE
5.4397285,2.32e-05,-2.32e-05,10.0246,0.685829,-0.685829,8020.0,7.04171,-7.04171,5188.0,149.1,-149.1,1.12,0.07,-0.07,150.751,,,976.0,,,CANDIDATE
32.6116713,0.0001436,-0.0001436,11.6182,,,15640.0,139.892,-139.892,4626.0,122.0,-122.0,0.84,,,1.72193,,,319.0,,,CANDIDATE
10.9299688,7.76e-05,-7.76e-05,11.7101,,,15520.0,27.7885,-27.7885,5555.0,122.0,-122.0,0.92,,,28.5552,,,644.0,,,CANDIDATE
8.350615,3.62e-05,-3.62e-05,13.6804,,,8550.0,27.6613,-27.6613,6075.0,122.0,-122.0,1.36,,,39.5424,,,698.0,,,CANDIDATE
5.4435354,3e-06,-3e-06,7.30242,0.327956,-0.327956,3219.0,42.9356,-42.9356,6313.0,196.0,-196.0,1.25,0.06,-0.06,402.866,,,1248.0,,,CONFIRMED
7.924204,3.19e-05,-3.19e-05,12.6224,0.678919,-0.678919,8160.0,5.30553,-5.30553,5739.6,107.2,-107.2,1.39,0.06,-0.06,226.813,,,1081.0,,,CANDIDATE
3.946066,1.71e-05,-1.71e-05,11.2929,0.875531,-0.875531,8410.0,25.9457,-25.9457,5769.6,132.7,-132.7,1.13,0.06,-0.06,179.278,,,1019.0,,,CANDIDATE
6.9541458,4.26e-05,-4.26e-05,15.5368,,,7080.0,7.66824,-7.66824,5917.0,122.0,-122.0,1.78,,,289.666,,,1149.0,,,CANDIDATE
5.0859973,2.36e-05,-2.36e-05,16.2391,1.08936,-1.08936,9400.0,19.6247,-19.6247,6503.0,127.4,-127.4,1.65,0.07,-0.07,114.916,,,912.0,,,CANDIDATE
3.8779743,5.44e-05,-5.44e-05,9.43,0.525225,-0.525225,4676.0,140.545,-140.545,5798.0,213.9,-213.9,1.57,0.08,-0.08,549.351,,,1348.0,,,CANDIDATE
4.015073,1.14e-05,-1.14e-05,15.9171,,,22900.0,10.2606,-10.2606,5690.0,122.0,-122.0,1.03,,,383.57,,,1232.0,,,CANDIDATE
3.7749324,3.1e-05,-3.1e-05,12.3016,0.692582,-0.692582,5920.0,5.1867,-5.1867,6448.0,128.3,-128.3,1.62,0.07,-0.07,1208.55,,,1642.0,,,CANDIDATE
1.7548863,1.15e-05,-1.15e-05,5.83196,0.393506,-0.393506,2620.0,4.47975,-4.47975,5589.0,128.7,-128.7,1.08,0.06,-0.06,397.807,,,1244.0,,,FALSE POSITIVE
1.4529225,4.5e-06,-4.5e-06,12.177,,,17180.0,10.0498,-10.0498,5986.6,232.0,-232.0,0.88,,,993.613,,,1564.0,,,CANDIDATE
6.6867154,5.07e-05,-5.07e-05,11.1995,,,3870.0,6.80199,-6.80199,5839.0,122.0,-122.0,1.8,,,166.048,,,1000.0,,,CANDIDATE
3.5023306,1.54e-05,-1.54e-05,13.5233,,,11020.0,26.1207,-26.1207,5568.0,122.0,-122.0,1.21,,,91.9991,,,862.0,,,CANDIDATE
2.7404478,8.2e-06,-8.2e-06,12.6696,0.756336,-0.756336,5340.0,3.15337,-3.15337,5390.0,123.9,-123.9,1.74,0.09,-0.09,908.875,,,1529.0,,,CANDIDATE
5.4049747,1.24e-05,-1.24e-05,14.7278,,,22870.0,6.66407,-6.66407,5662.6,129.1,-129.1,0.95,,,170.944,,,1007.0,,,CANDIDATE
2.4369467,0.000759,-0.000759,7.18163,1.90783,-1.90783,26190.0,1786.04,-1786.04,3550.0,157.0,-157.0,0.41,0.01,-0.01,471.423,,,1298.0,,,CANDIDATE
4.1816344,3.69e-05,-3.69e-05,13.4666,0.754848,-0.754848,4180.0,4.11025,-4.11025,5900.0,117.7,-117.7,1.76,0.08,-0.08,782.898,,,1473.0,,,CANDIDATE
6.9171675,4.21e-05,-4.21e-05,2.51967,0.266397,-0.266397,1250.0,3.05962,-3.05962,4208.0,125.2,-125.2,0.67,0.06,-0.06,21.9209,,,602.0,,,CANDIDATE
6.0962241,5.94e-05,-5.94e-05,9.0747,0.468899,-0.468899,21520.0,33.3127,-33.3127,3769.0,157.0,-157.0,0.6,0.02,-0.02,11.1142,,,508.0,,,CANDIDATE
10.2515829,0.0001084,-0.0001084,11.6535,,,4270.0,5.3271,-5.3271,6080.0,122.0,-122.0,1.83,,,190.021,,,1034.0,,,CANDIDATE
2.0528684,3.1e-06,-3.1e-06,17.6267405,1.0658941,-1.0658941,8982.0803562,186.39113,-186.39113,6010.0,,,1.70948,0.0996984,-0.0996984,3140.923774,,,1909.3436393,,,CONFIRMED
7.5358996,3.4e-05,-3.4e-05,16.6203,,,15840.0,196.3,-196.3,5306.0,122.0,-122.0,1.13,,,20.3071,,,591.0,,,CANDIDATE
5.38265,6.86e-05,-6.86e-05,10.2347,,,1110.0,1.66131,-1.66131,4942.0,122.0,-122.0,3.05,,,986.287,,,1561.0,,,CANDIDATE
5.0048582,8.41e-05,-8.41e-05,4.81636,0.359119,-0.359119,750.0,1.31869,-1.31869,5641.8,140.5,-140.5,1.83,0.1,-0.1,795.439,,,1479.0,,,CANDIDATE
5.4459647,0.0013925,-0.0013925,2.77011,0.200008,-0.200008,850.0,1.77553,-1.77553,5483.0,126.8,-126.8,0.93,0.05,-0.05,158.296,,,988.0,,,CANDIDATE
8.6800186,0.0001078,-0.0001078,5.59572,0.467629,-0.467629,870.0,3.66824,-3.66824,6521.0,144.2,-144.2,1.86,0.08,-0.08,106.576,,,895.0,,,FALSE POSITIVE
12.7791964,6.89e-05,-6.89e-05,6.85813,0.388709,-0.388709,3008.0,151.22,-151.22,6280.0,134.5,-134.5,1.33,0.06,-0.06,374.462,,,1225.0,,,CONFIRMED
3.1072375,4.38e-05,-4.38e-05,5.27608,2.04378,-2.04378,737.0,1035.15,-1035.15,6030.0,132.8,-132.8,1.31,0.06,-0.06,24167.8,,,3473.0,,,FALSE POSITIVE
16.2134274,0.0001179,-0.0001179,1.99447,0.13912,-0.13912,530.0,1.14216,-1.14216,5664.0,118.1,-118.1,0.86,0.04,-0.04,38.9693,,,696.0,,,CANDIDATE
6.3346129,0.0001121,-0.0001121,1.53236,0.121079,-0.121079,330.0,1.03908,-1.03908,5664.0,118.1,-118.1,0.86,0.04,-0.04,224.712,,,1078.0,,,CANDIDATE
12.9256051,0.0023249,-0.0023249,2.53704,0.14658,-0.14658,790.0,0.544021,-0.544021,5132.0,104.0,-104.0,0.88,0.04,-0.04,8.71939,,,478.0,,,CANDIDATE
1.6843068,2.6e-06,-2.6e-06,14.0651,0.480679,-0.480679,912.0,32.652,-32.652,4959.7,59.4,-59.4,4.94,0.12,-0.12,368.424,,,1220.0,,,CANDIDATE
2.2906144,0.0008934,-0.0008934,4.657,0.363754,-0.363754,1390.0,4.29441,-4.29441,5651.0,144.3,-144.3,1.22,0.06,-0.06,638.802,,,1400.0,,,FALSE POSITIVE
2.6940348,8.06e-05,-8.06e-05,18.2513755,0.786073,-0.786073,11715.9037129,130.27632,-130.27632,6479.0,100.384,-100.384,1.65082,0.0695603,-0.0695603,2485.0720832,,,1800.7544523,,,CONFIRMED
1.4857148,6.9e-06,-6.9e-06,14.8585448,0.5625642,-0.5625642,21303.5958289,772.7898,-772.7898,5781.0,85.0,-85.0,1.01034,,,1530.9037436,,,1595.3527336,,,CONFIRMED
6.1406882,0.0005811,-0.0005811,5.4273017,0.7169582,-0.7169582,2627.6198191,147.47656,-147.47656,5708.0,127.9,-127.9,1.05042,0.0539698,-0.0539698,240.6726137,,,1004.561242,,,CONFIRMED
1.7430143,4.38e-05,-4.38e-05,16.9227097,1.7165856,-1.7165856,32205.6970804,397.43283,-397.43283,5529.0,105.517,-105.517,0.937741,0.0946382,-0.0946382,932.907623,,,1409.5465081,,,CONFIRMED
2.152163,3.98e-05,-3.98e-05,11.9994427,0.6179496,-0.6179496,16986.633013,178.85364,-178.85364,5147.0,99.0122,-99.0122,0.85467,0.0431834,-0.0431834,473.405643,,,1189.674375,,,CONFIRMED
1.2129139,9.7e-06,-9.7e-06,14.1049577,0.7422557,-0.7422557,14617.2679583,126.622475,-126.622475,5918.23,136.811,-136.811,1.15176,0.0596583,-0.0596583,2796.2341961,,,1854.6550022,,,CONFIRMED
4.1645448,0.0007537,-0.0007537,1.9881393,0.1830108,-0.1830108,2612.2397484,212.54678,-212.54678,3521.0,157.0,-157.0,0.343358,0.0102719,-0.0102719,13.3265301,,,487.3029274,,,CONFIRMED
1.5498373,2.7e-06,-2.7e-06,13.3884,1.09966,-1.09966,3594.0,894.952,-894.952,11159.0,371.3,-371.3,1.58,0.05,-0.05,159308.0,,,5565.0,,,CANDIDATE
2.6282606,0.0003502,-0.0003502,2.8331017,0.2733575,-0.2733575,731.2082684,67.04048,-67.04048,4821.0,122.8,-122.8,0.817034,0.0545729,-0.0545729,274.1629769,,,1037.8197981,,,CONFIRMED
3.067816,2.49e-05,-2.49e-05,11.7996868,0.353619,-0.353619,34536.7848173,118.83254,-118.83254,3965.0,157.0,-157.0,0.636572,0.0188828,-0.0188828,72.441983,,,744.0760606,,,CONFIRMED
2.7161298,0.0001805,-0.0001805,14.5541659,0.7971057,-0.7971057,14527.4470152,578.6479,-578.6479,5962.0,120.951,-120.951,1.18678,0.056784,-0.056784,1034.0911042,,,1446.303543,,,CONFIRMED
5.3829728,1.44e-05,-1.44e-05,3.5038,0.265655,-0.265655,1078.0,165.753,-165.753,5134.0,121.2,-121.2,0.76,0.05,-0.05,73.722,,,816.0,,,CONFIRMED
1.7615631,0.0003172,-0.0003172,6.69058,0.460359,-0.460359,1050.0,2.85857,-2.85857,6270.7,106.6,-106.6,1.95,0.08,-0.08,636.482,,,1399.0,,,FALSE POSITIVE
20.5676815,0.0001132,-0.0001132,5.30408,0.595516,-0.595516,1112.0,219.83,-219.83,6809.0,156.3,-156.3,1.49,0.06,-0.06,670.217,,,1417.0,,,CANDIDATE
3.1856488,3.91e-05,-3.91e-05,11.2665,0.529821,-0.529821,4750.0,134.213,-134.213,6602.0,135.4,-135.4,1.51,0.07,-0.07,473.071,,,1299.0,,,CANDIDATE
14.2423724,8.55e-05,-8.55e-05,2.12067,0.131587,-0.131587,225.0,13.4182,-13.4182,6815.9,110.6,-110.6,1.65,0.06,-0.06,184.841,,,1027.0,,,CANDIDATE
7.1701672,3.41e-05,-3.41e-05,2.37279,0.150535,-0.150535,731.0,39.2235,-39.2235,5707.0,127.0,-127.0,0.94,0.05,-0.05,162.379,,,994.0,,,CANDIDATE
9.2103194,1.93e-05,-1.93e-05,2.62813,0.175702,-0.175702,853.0,36.5429,-36.5429,4115.1,117.7,-117.7,0.88,0.05,-0.05,26.9787,,,634.0,,,CANDIDATE
1.3891689,1.9e-06,-1.9e-06,6.01556,0.499738,-0.499738,696.0,135.539,-135.539,10585.0,259.9,-259.9,1.84,0.06,-0.06,84020.4,,,4743.0,,,CANDIDATE
5.6857105,1.01e-05,-1.01e-05,15.1292,0.728835,-0.728835,6330.0,0.456989,-0.456989,6142.0,131.9,-131.9,1.87,0.09,-0.09,1023.84,,,1575.0,,,CANDIDATE
6.25656,2.76e-05,-2.76e-05,11.4949,,,875.0,67.6513,-67.6513,5608.0,214.0,-214.0,3.81,,,1247.98,,,1655.0,,,CANDIDATE
10.1466193,1.5e-05,-1.5e-05,11.2199,0.571708,-0.571708,8161.0,146.649,-146.649,5660.0,132.0,-132.0,1.22,0.06,-0.06,212.215,,,1063.0,,,CONFIRMED
27.0525472,0.000208,-0.000208,2.99769,0.19902,-0.19902,953.0,61.7447,-61.7447,5615.0,128.5,-128.5,1.01,0.05,-0.05,17.7487,,,571.0,,,CANDIDATE
6.254395,2.21e-05,-2.21e-05,2.73791,0.219587,-0.219587,1174.0,88.5908,-88.5908,4986.0,129.0,-129.0,0.83,0.05,-0.05,115.322,,,912.0,,,CANDIDATE
3.8993831,0.0004311,-0.0004311,15.2636582,0.9159476,-0.9159476,6492.4843324,205.08029,-205.08029,6152.0,134.099,-134.099,1.86222,0.0965226,-0.0965226,1703.2412549,,,1638.4711226,,,CONFIRMED
20.4282929,0.0001567,-0.0001567,12.8306,,,7660.0,236.002,-236.002,8991.0,123.0,-123.0,1.47,,,559.996,,,1355.0,,,CANDIDATE
15.6146058,0.0042941,-0.0042941,3.0272584,1.1366028,-1.1366028,467.1437307,32.63327,-32.63327,5809.0,117.775,-117.775,1.3820699,0.0642412,-0.0642412,126.863222,,,855.9604214,,,CONFIRMED
2.6052674,0.000258,-0.000258,17.8543699,1.0791512,-1.0791512,11139.9639243,338.07855,-338.07855,5916.0,122.303,-122.303,1.66978,0.0900829,-0.0900829,2114.8556223,,,1729.5771164,,,CONFIRMED
3.4200073,0.00092,-0.00092,2.8520931,4.81077,-4.81077,746.044174,105.098465,-105.098465,5463.0,134.218,-134.218,1.03162,0.0563442,-0.0563442,443.2548574,,,1170.2620601,,,CANDIDATE
3.7442007,0.0012046,-0.0012046,18.117379,20.382994,-20.382994,803.2627817,109.78208,-109.78208,9988.0,138.2,-138.2,4.23822,0.207362,-0.207362,38392.1562998,,,3570.099957,,,FALSE POSITIVE
3.9156848,0.0004516,-0.0004516,16.7083729,1.0933385,-1.0933385,6668.8007799,239.16815,-239.16815,6228.0,129.066,-129.066,1.83823,0.113528,-0.113528,1704.493923,,,1638.7722976,,,CONFIRMED
2.1425095,9e-07,-9e-07,21.3705,0.644475,-0.644475,7961.0,117.516,-117.516,7893.0,138.264,-138.264,2.02,0.06,-0.06,38711.5,,,3907.0,,,CONFIRMED
1.5487245,9.12e-05,-9.12e-05,14.506178,0.9901076,-0.9901076,9869.0318921,313.60062,-313.60062,5887.35,140.065,-140.065,1.41021,0.089118,-0.089118,2978.2047666,,,1884.119256,,,CONFIRMED
3.8681492,3.93e-05,-3.93e-05,12.2658903,0.8907931,-0.8907931,17259.9935362,75.777336,-75.777336,4746.0,125.37,-125.37,0.877591,0.0636256,-0.0636256,180.5563786,,,934.9167883,,,CONFIRMED
3.8555897,4.92e-05,-4.92e-05,13.9654622,1.28814,-1.28814,16813.9237374,1257.0226,-1257.0226,5741.0,124.0,-124.0,1.05268,,,456.1749634,,,1178.6981748,,,CONFIRMED
9.7348295,0.0053758,-0.0053758,3.6974,0.217937,-0.217937,1017.0,60.9989,-60.9989,6115.71,112.541,-112.541,1.21,0.05,-0.05,204.476,,,1053.0,,,CANDIDATE
2.8140207,0.0004529,-0.0004529,17.2648,3.65891,-3.65891,7400.0,273.058,-273.058,7456.0,139.0,-139.0,1.96,0.1,-0.1,2559.93,,,1981.0,,,CANDIDATE
5.0493049,3.11e-05,-3.11e-05,15.7942,4.01268,-4.01268,7850.0,410.22,-410.22,5821.0,169.3,-169.3,1.76,0.09,-0.09,435.709,,,1272.0,,,CANDIDATE
1.1951761,1.06e-05,-1.06e-05,4.46821,1.44581,-1.44581,2970.0,242.42,-242.42,5313.0,191.0,-191.0,0.83,0.05,-0.05,2437.87,,,1957.0,,,CANDIDATE
1.3502386,8.7e-06,-8.7e-06,9.28384,3.27914,-3.27914,1650.0,164.073,-164.073,5015.0,231.5,-231.5,2.29,0.15,-0.15,1251.72,,,1657.0,,,CANDIDATE
6.5604227,2.2e-06,-2.2e-06,11.1988,0.364253,-0.364253,4049.0,121.846,-121.846,10902.0,307.7,-307.7,1.72,0.05,-0.05,227.331,,,1081.0,,,CANDIDATE
2.8465928,1.99e-05,-1.99e-05,8.8779,2.80583,-2.80583,2110.0,166.756,-166.756,5308.0,134.1,-134.1,1.94,0.11,-0.11,536.42,,,1340.0,,,FALSE POSITIVE
3.7846792,0.0022298,-0.0022298,12.2675,4.34276,-4.34276,5870.0,635.065,-635.065,6360.0,176.8,-176.8,1.55,0.08,-0.08,501.062,,,1318.0,,,CANDIDATE
5.1357505,2.03e-05,-2.03e-05,13.7192,3.22602,-3.22602,11560.0,504.356,-504.356,6301.0,144.4,-144.4,1.28,0.06,-0.06,461.579,,,1291.0,,,CANDIDATE
2.6721807,0.0011599,-0.0011599,13.6986,,,15750.0,1562.53,-1562.53,5549.0,122.0,-122.0,1.06,,,499.207,,,1316.0,,,CANDIDATE
3.5242025,0.0004148,-0.0004148,12.31,3.24802,-3.24802,23590.0,1296.7,-1296.7,4485.0,128.0,-128.0,0.78,0.06,-0.06,60.7404,,,777.0,,,CANDIDATE
6.4226101,4.04e-05,-4.04e-05,13.4185,,,16970.0,750.325,-750.325,4977.0,122.0,-122.0,0.98,,,78.3241,,,828.0,,,CANDIDATE
8.4498763,7.32e-05,-7.32e-05,11.6649,3.64652,-3.64652,71390.0,6530.31,-6530.31,3330.0,157.0,-157.0,0.41,0.01,-0.01,2.51961,,,350.0,,,CANDIDATE
2.9665122,1.98e-05,-1.98e-05,13.1813,3.13445,-3.13445,8220.0,348.94,-348.94,7564.0,175.7,-175.7,1.46,0.1,-0.1,2634.75,,,1995.0,,,CANDIDATE
3.5982966,0.000288,-0.000288,13.0275,3.24111,-3.24111,28570.0,1386.47,-1386.47,4458.0,137.7,-137.7,0.75,0.06,-0.06,43.9473,,,717.0,,,CANDIDATE
2.5411063,2.02e-05,-2.02e-05,16.4931,3.92609,-3.92609,8720.0,383.984,-383.984,6657.0,134.9,-134.9,1.78,0.09,-0.09,2348.06,,,1939.0,,,FALSE POSITIVE
1.2602151,1.77e-05,-1.77e-05,28.2499512,7.20672,-7.20672,3711.7152579,58.862053,-58.862053,9255.0,179.5,-179.5,2.9098899,0.0878742,-0.0878742,60333.0433838,,,3997.2246581,,,FALSE POSITIVE
4.006489,3.94e-05,-3.94e-05,16.2059,,,11560.0,503.5,-503.5,6600.0,122.0,-122.0,1.49,,,1122.8,,,1612.0,,,CANDIDATE
4.2025514,4.99e-05,-4.99e-05,10.5624,2.64061,-2.64061,3360.0,171.024,-171.024,5678.0,136.9,-136.9,1.8,0.09,-0.09,646.84,,,1404.0,,,CANDIDATE
2.8091879,3.07e-05,-3.07e-05,5.92308,1.92215,-1.92215,3080.0,283.317,-283.317,5821.0,130.1,-130.1,1.03,0.05,-0.05,392.13,,,1239.0,,,CANDIDATE
4.197866,4.14e-05,-4.14e-05,12.6868,,,10650.0,573.756,-573.756,5581.0,122.0,-122.0,1.21,,,356.665,,,1210.0,,,CANDIDATE
6.0671557,3.23e-05,-3.23e-05,6.40583,1.94645,-1.94645,2080.0,165.387,-165.387,5737.0,125.9,-125.9,1.36,0.07,-0.07,98.668,,,878.0,,,CANDIDATE
1.9081122,2.47e-05,-2.47e-05,18.193,5.8006,-5.8006,2660.0,247.637,-247.637,8944.0,142.4,-142.4,3.3,0.18,-0.18,5740.22,,,2424.0,,,CANDIDATE
10.5353472,3.05e-05,-3.05e-05,15.2166,4.44592,-4.44592,9570.0,809.354,-809.354,6044.0,122.9,-122.9,1.4,0.07,-0.07,9.27536,,,486.0,,,CANDIDATE
2.5641981,0.0011269,-0.0011269,6.33611,,,2840.0,229.636,-229.636,6014.0,,,1.23,,,2863.8,,,,,,CANDIDATE
1.5101054,0.0006067,-0.0006067,19.2985,,,13090.0,1060.1,-1060.1,5964.0,122.0,-122.0,1.74,,,3194.9,,,2094.0,,,CANDIDATE
3.9964264,0.0008216,-0.0008216,13.0504,3.60201,-3.60201,12340.0,798.146,-798.146,5771.0,130.0,-130.0,1.14,0.06,-0.06,132.764,,,945.0,,,CANDIDATE
3.9997367,0.0004463,-0.0004463,13.8899,11.5657,-11.5657,7460.0,27104.2,-27104.2,3827.0,157.0,-157.0,0.64,0.02,-0.02,3.03288,,,367.0,,,FALSE POSITIVE
4.5049415,0.0013669,-0.0013669,11.5788,3.68457,-3.68457,14400.0,1123.89,-1123.89,5697.0,138.8,-138.8,0.99,0.05,-0.05,181.815,,,1022.0,,,CANDIDATE
3.9956793,0.001151,-0.001151,13.077,,,38380.0,2741.88,-2741.88,4348.0,122.0,-122.0,0.67,,,51.5714,,,746.0,,,CANDIDATE
3.7219898,1.13e-05,-1.13e-05,12.8025,2.78041,-2.78041,15860.0,625.458,-625.458,5806.0,171.3,-171.3,0.98,0.05,-0.05,257.512,,,1116.0,,,CANDIDATE
4.449914,1.07e-05,-1.07e-05,14.3475,2.89892,-2.89892,13550.0,429.603,-429.603,4910.0,136.4,-136.4,1.2,0.08,-0.08,105.034,,,891.0,,,CANDIDATE
2.4710528,1.71e-05,-1.71e-05,12.1002,9.53041,-9.53041,5420.0,7891.29,-7891.29,6114.0,133.2,-133.2,0.97,0.05,-0.05,5313.3,,,2378.0,,,FALSE POSITIVE
0.5498864,0.0001996,-0.0001996,4.44804,1.76365,-1.76365,1110.0,139.446,-139.446,5808.0,151.3,-151.3,1.35,0.07,-0.07,7481.4,,,2590.0,,,CANDIDATE
3.415047,1.06e-05,-1.06e-05,11.3277,,,8610.0,915.958,-915.958,5449.0,122.0,-122.0,1.12,,,131.926,,,944.0,,,CANDIDATE
7.1476512,7.91e-05,-7.91e-05,11.017,2.89267,-2.89267,13510.0,752.31,-752.31,5287.0,134.8,-134.8,0.94,0.05,-0.05,86.2156,,,848.0,,,CANDIDATE
3.3787501,1.1e-05,-1.1e-05,6.36345,1.73476,-1.73476,9480.0,623.343,-623.343,3769.0,157.0,-157.0,0.63,0.02,-0.02,39.4252,,,698.0,,,CANDIDATE
22.6384642,0.0001137,-0.0001137,28.0326,4.27381,-4.27381,4982.0,2942.82,-2942.82,9511.0,179.3,-179.3,2.42,0.07,-0.07,636.099,,,1399.0,,,FALSE POSITIVE
14.3033451,3.32e-05,-3.32e-05,17.1437,3.24781,-3.24781,26130.0,740.054,-740.054,5862.0,173.3,-173.3,1.05,0.05,-0.05,72.8052,,,813.0,,,CANDIDATE
5.3194765,2.86e-05,-2.86e-05,15.9815,3.82501,-3.82501,3640.0,163.163,-163.163,6987.0,134.5,-134.5,2.66,0.14,-0.14,1271.35,,,1663.0,,,FALSE POSITIVE
2.8492565,0.0003913,-0.0003913,13.9182,3.60049,-3.60049,24100.0,1330.86,-1330.86,4829.0,139.1,-139.1,0.87,0.06,-0.06,129.049,,,938.0,,,CANDIDATE
10.4453589,7.65e-05,-7.65e-05,11.824,0.739761,-0.739761,9360.0,564.135,-564.135,5961.0,149.7,-149.7,1.19,0.06,-0.06,150.959,,,976.0,,,CANDIDATE
6.6314176,0.0037924,-0.0037924,10.0835,0.797922,-0.797922,3080.0,334.891,-334.891,6044.0,128.6,-128.6,1.75,0.09,-0.09,165.896,,,999.0,,,CANDIDATE
3.8421028,0.0003158,-0.0003158,13.2581,0.741939,-0.741939,8920.0,548.41,-548.41,6247.0,127.8,-127.8,1.32,0.06,-0.06,120.549,,,923.0,,,FALSE POSITIVE
1.109435,0.0002011,-0.0002011,10.2843,2.90063,-2.90063,27240.0,20361.5,-20361.5,3613.0,157.0,-157.0,0.49,0.02,-0.02,1164.27,,,1627.0,,,FALSE POSITIVE
2.677573,1.8e-05,-1.8e-05,14.0246,0.769821,-0.769821,3310.0,131.317,-131.317,6875.8,104.8,-104.8,2.41,0.12,-0.12,1812.44,,,1817.0,,,CANDIDATE
3.3879742,0.0009584,-0.0009584,19.4699,,,9990.0,515.465,-515.465,6236.0,122.0,-122.0,1.95,,,1395.05,,,1702.0,,,CANDIDATE
8.044239,8.49e-05,-8.49e-05,15.1761031,0.4352956,-0.4352956,4937.505363,26.024817,-26.024817,9333.0,286.1,-286.1,2.0411401,0.0581056,-0.0581056,3094.0780065,,,1902.1841748,,,FALSE POSITIVE
1.343636,1.4e-06,-1.4e-06,18.3699,0.883768,-0.883768,26070.0,712.514,-712.514,6339.0,147.0,-147.0,1.1,0.05,-0.05,2519.68,,,1973.0,,,CANDIDATE
2.2425137,8.3e-06,-8.3e-06,6.01656,0.384434,-0.384434,2730.0,193.906,-193.906,6032.0,165.2,-165.2,1.14,0.05,-0.05,830.151,,,1495.0,,,CANDIDATE
0.4131063,2.79e-05,-2.79e-05,12.2118,1.95241,-1.95241,21940.0,15347.4,-15347.4,3621.0,157.0,-157.0,0.5,0.02,-0.02,111.259,,,904.0,,,CANDIDATE
2.5784481,0.0003127,-0.0003127,10.3952,0.680806,-0.680806,7620.0,541.098,-541.098,5512.0,125.9,-125.9,1.12,0.06,-0.06,147.884,,,971.0,,,CANDIDATE
5.216581,0.0022915,-0.0022915,8.2634,,,7060.0,663.115,-663.115,5248.0,122.0,-122.0,0.96,,,213.2,,,1064.0,,,CANDIDATE
9.7216312,0.000124,-0.000124,7.28362,0.54134,-0.54134,1830.0,171.689,-171.689,6702.0,182.2,-182.2,1.7,0.08,-0.08,176.156,,,1014.0,,,FALSE POSITIVE
6.9100016,3.91e-05,-3.91e-05,15.2568,0.803365,-0.803365,4310.0,243.061,-243.061,8722.0,717.2,-717.2,2.47,0.09,-0.09,1742.51,,,1799.0,,,CANDIDATE
3.4363074,4.5e-06,-4.5e-06,14.7953,0.882413,-0.882413,27910.0,595.927,-595.927,5213.0,130.5,-130.5,0.85,0.05,-0.05,274.056,,,1133.0,,,CANDIDATE
4.0331416,0.0002239,-0.0002239,9.63078,0.467401,-0.467401,37790.0,2445.95,-2445.95,3355.0,157.0,-157.0,0.48,0.02,-0.02,7.64407,,,463.0,,,CANDIDATE
39.4718663,9.5e-06,-9.5e-06,16.3498,0.408052,-0.408052,7758.0,28.1661,-28.1661,10416.0,237.2,-237.2,1.82,0.05,-0.05,176.652,,,1015.0,,,CANDIDATE
3.1162505,1.77e-05,-1.77e-05,15.0692,,,11400.0,621.717,-621.717,6244.0,122.0,-122.0,1.42,,,1071.51,,,1593.0,,,CANDIDATE
2.2377411,1.35e-05,-1.35e-05,14.7763,0.938981,-0.938981,3640.0,245.795,-245.795,6148.0,133.3,-133.3,2.46,0.12,-0.12,3548.41,,,2150.0,,,CANDIDATE
7.1487697,8.07e-05,-8.07e-05,14.1861,5.37763,-5.37763,1900.0,2270.15,-2270.15,5706.0,131.0,-131.0,2.35,0.11,-0.11,4792.5,,,2317.0,,,CONFIRMED
5.8311038,1.4e-05,-1.4e-05,15.2747,0.752351,-0.752351,4240.0,137.581,-137.581,6390.0,122.4,-122.4,2.29,0.1,-0.1,354.772,,,1209.0,,,CANDIDATE
4.7264391,2.64e-05,-2.64e-05,14.0851,1.00505,-1.00505,3150.0,306.791,-306.791,6132.0,151.4,-151.4,2.37,0.11,-0.11,506.011,,,1321.0,,,CANDIDATE
0.9655766,2.4e-06,-2.4e-06,11.5845,0.754258,-0.754258,3140.0,299.993,-299.993,7542.0,254.4,-254.4,1.92,0.08,-0.08,3796.11,,,2186.0,,,FALSE POSITIVE
6.3989216,3.59e-05,-3.59e-05,10.6347,0.805931,-0.805931,3830.0,402.612,-402.612,6243.0,169.8,-169.8,1.59,0.08,-0.08,280.377,,,1139.0,,,FALSE POSITIVE
15.2501659,0.0001178,-0.0001178,9.87708,0.651861,-0.651861,4560.0,354.379,-354.379,5796.0,168.7,-168.7,1.44,0.07,-0.07,63.3289,,,785.0,,,CANDIDATE
2.4013188,0.0001794,-0.0001794,12.4643,1.19727,-1.19727,27340.0,893.415,-893.415,4224.0,126.0,-126.0,0.72,0.07,-0.07,118.916,,,919.0,,,CANDIDATE
2.5183846,4e-06,-4e-06,21.1354407,6.6040735,-6.6040735,616.0227482,30.830702,-30.830702,10817.0,134.0,-134.0,5.7888398,,,30104.8834446,,,3359.5335853,,,FALSE POSITIVE
5.9029732,3.49e-05,-3.49e-05,11.3389,,,8450.0,730.031,-730.031,7142.0,122.0,-122.0,1.18,,,547.695,,,1347.0,,,CANDIDATE
4.1784844,1.1e-05,-1.1e-05,15.7612,0.833721,-0.833721,5000.0,135.546,-135.546,6283.0,153.1,-153.1,2.4,0.12,-0.12,1094.98,,,1602.0,,,CANDIDATE
1.9447712,0.0004041,-0.0004041,13.5597,1.39117,-1.39117,2880.0,469.569,-469.569,5369.0,126.4,-126.4,2.32,0.14,-0.14,425.174,,,1265.0,,,FALSE POSITIVE
3.0076713,0.0007027,-0.0007027,12.7756,,,10740.0,596.816,-596.816,5704.0,122.0,-122.0,1.22,,,708.388,,,1437.0,,,CANDIDATE
0.9965843,1.46e-05,-1.46e-05,6.86149,0.420721,-0.420721,14280.0,1221.79,-1221.79,3662.0,157.0,-157.0,0.58,0.02,-0.02,815.756,,,1488.0,,,CANDIDATE
6.9349089,0.0009887,-0.0009887,11.4838,0.741725,-0.741725,14850.0,756.324,-756.324,5364.0,130.7,-130.7,0.94,0.05,-0.05,112.177,,,906.0,,,CANDIDATE
9.7884653,5.62e-05,-5.62e-05,10.0684,0.673128,-0.673128,2590.0,183.945,-183.945,5369.0,128.7,-128.7,1.92,0.1,-0.1,96.5028,,,873.0,,,CANDIDATE
0.7835688,2.4e-06,-2.4e-06,11.8563,0.785012,-0.785012,7440.0,648.986,-648.986,5932.0,131.2,-131.2,1.28,0.06,-0.06,1710.79,,,1791.0,,,FALSE POSITIVE
2.4667486,1.11e-05,-1.11e-05,18.8159,,,7030.0,534.144,-534.144,5960.0,122.0,-122.0,2.22,,,1380.7,,,1698.0,,,CANDIDATE
5.555905,3.62e-05,-3.62e-05,11.9323,0.962172,-0.962172,3750.0,404.155,-404.155,5867.0,120.0,-120.0,1.95,0.09,-0.09,409.941,,,1253.0,,,FALSE POSITIVE
4.8292589,1.58e-05,-1.58e-05,13.6377,0.657524,-0.657524,5930.0,231.297,-231.297,7035.0,182.5,-182.5,1.67,0.07,-0.07,1106.76,,,1606.0,,,CANDIDATE
2.4707357,0.0005616,-0.0005616,11.779,0.86953,-0.86953,5560.0,536.925,-536.925,5869.0,123.4,-123.4,1.53,0.08,-0.08,343.055,,,1198.0,,,CANDIDATE
5.6567374,0.0029378,-0.0029378,13.5941,,,7790.0,866.963,-866.963,5975.7,35.0,-35.0,1.57,,,296.507,,,1156.0,,,CANDIDATE
3.0233509,0.0002749,-0.0002749,11.3795,0.744185,-0.744185,17150.0,552.59,-552.59,4881.0,123.7,-123.7,0.84,0.05,-0.05,201.365,,,1049.0,,,CANDIDATE
0.6583175,7.97e-05,-7.97e-05,8.31454,2.06084,-2.06084,3740.0,2376.25,-2376.25,5766.0,124.5,-124.5,1.08,0.05,-0.05,2467.92,,,1963.0,,,CANDIDATE
2.4515393,1.25e-05,-1.25e-05,11.6029,,,7520.0,679.984,-679.984,7143.0,122.0,-122.0,1.32,,,3082.85,,,2075.0,,,FALSE POSITIVE
4.7729363,0.0020072,-0.0020072,12.9614,0.896604,-0.896604,4300.0,331.6,-331.6,6269.0,127.2,-127.2,1.96,0.1,-0.1,517.385,,,1328.0,,,CANDIDATE
8.4915117,3.3e-06,-3.3e-06,87.0155,8.87517,-8.87517,40640.0,1.00177,-1.00177,9365.0,407.8,-407.8,4.18,0.43,-0.43,2278.83,,,1924.0,,,FALSE POSITIVE
17.2182695,0.0004637,-0.0004637,8.64247,,,4810.0,488.633,-488.633,6330.0,122.0,-122.0,1.29,,,236.125,,,1092.0,,,FALSE POSITIVE
4.009823,1.17e-05,-1.17e-05,12.1613,0.751637,-0.751637,7750.0,248.584,-248.584,6304.5,110.3,-110.3,1.35,0.08,-0.08,1001.22,,,1567.0,,,CANDIDATE
6.9038328,0.0009844,-0.0009844,14.2131,1.06344,-1.06344,3790.0,181.223,-181.223,5612.0,120.5,-120.5,2.31,0.16,-0.16,426.677,,,1266.0,,,CANDIDATE
4.3887257,0.0009467,-0.0009467,8.92241,0.565729,-0.565729,5820.0,329.426,-329.426,5561.0,123.9,-123.9,1.13,0.06,-0.06,359.493,,,1213.0,,,CANDIDATE
12.5482879,0.0012589,-0.0012589,13.0082,0.600255,-0.600255,49260.0,2762.31,-2762.31,3923.0,157.0,-157.0,0.59,0.02,-0.02,8.90508,,,481.0,,,FALSE POSITIVE
2.3682389,0.0006554,-0.0006554,10.9197,0.601007,-0.601007,48700.0,3699.72,-3699.72,3504.0,157.0,-157.0,0.49,0.02,-0.02,48.4913,,,735.0,,,CANDIDATE
4.0387941,2.22e-05,-2.22e-05,9.54371,0.558434,-0.558434,5560.0,293.83,-293.83,6345.0,221.7,-221.7,1.31,0.06,-0.06,850.594,,,1504.0,,,CANDIDATE
2.0353259,0.0002942,-0.0002942,11.6988,0.685824,-0.685824,12030.0,650.045,-650.045,5771.0,126.4,-126.4,1.05,0.05,-0.05,675.543,,,1420.0,,,CANDIDATE
4.3686174,2.68e-05,-2.68e-05,13.2129,1.00629,-1.00629,3730.0,316.792,-316.792,5393.0,144.0,-144.0,2.13,0.12,-0.12,277.556,,,1137.0,,,CANDIDATE
10.4137962,2.37e-05,-2.37e-05,8.3814,0.406739,-0.406739,1948.0,61.983,-61.983,6439.3,182.5,-182.5,1.97,0.09,-0.09,131.058,,,942.0,,,FALSE POSITIVE
15.4159906,0.0043856,-0.0043856,10.5168,0.752094,-0.752094,4500.0,379.99,-379.99,6120.0,137.2,-137.2,1.56,0.08,-0.08,18.6278,,,578.0,,,FALSE POSITIVE
5.0114216,0.0035527,-0.0035527,15.3662,,,4940.0,451.324,-451.324,6152.0,122.0,-122.0,2.22,,,788.546,,,1476.0,,,CANDIDATE
5.2079858,0.0030699,-0.0030699,16.7817,,,8550.0,835.547,-835.547,5204.1,46.2,-46.2,1.79,,,261.968,,,1120.0,,,CANDIDATE
4.0252588,0.0010445,-0.0010445,13.4189,0.871884,-0.871884,8980.0,515.336,-515.336,6059.0,125.8,-125.8,1.4,0.08,-0.08,692.888,,,1429.0,,,CANDIDATE
6.2043746,0.0019373,-0.0019373,14.9548,1.03506,-1.03506,4380.0,241.539,-241.539,6122.0,128.4,-128.4,2.49,0.14,-0.14,911.223,,,1530.0,,,FALSE POSITIVE
6.1606297,0.0008487,-0.0008487,11.9381,0.711123,-0.711123,10230.0,462.434,-462.434,6352.0,135.1,-135.1,1.14,0.06,-0.06,134.424,,,948.0,,,CANDIDATE
3.8116176,0.0005676,-0.0005676,7.38288,0.439224,-0.439224,6560.0,298.672,-298.672,5430.0,123.7,-123.7,0.89,0.05,-0.05,157.644,,,987.0,,,CANDIDATE
3.7306955,1.89e-05,-1.89e-05,12.6264,0.716047,-0.716047,6140.0,368.386,-368.386,6503.0,123.4,-123.4,1.56,0.07,-0.07,1136.26,,,1617.0,,,CANDIDATE
3.246565,0.0006776,-0.0006776,12.5001,0.713017,-0.713017,8870.0,472.617,-472.617,6277.0,120.0,-120.0,1.32,0.06,-0.06,1210.17,,,1643.0,,,CANDIDATE
4.6079976,0.0007923,-0.0007923,15.6586,0.964766,-0.964766,7730.0,543.017,-543.017,6662.0,146.7,-146.7,1.79,0.08,-0.08,605.972,,,1382.0,,,CANDIDATE
13.9086,,,37.5946,9.55057,-9.55057,4760.0,1388.07,-1388.07,6333.0,128.0,-128.0,2.29,0.1,-0.1,,,,,,,FALSE POSITIVE
3.7984372,0.0004825,-0.0004825,11.9632,0.65892,-0.65892,4500.0,176.78,-176.78,6289.0,137.0,-137.0,1.94,0.09,-0.09,1535.28,,,1743.0,,,CANDIDATE
4.2447791,0.0010879,-0.0010879,9.6255,0.71862,-0.71862,5800.0,529.907,-529.907,5763.0,125.9,-125.9,1.24,0.06,-0.06,409.43,,,1253.0,,,CANDIDATE
3.1003012,0.0008606,-0.0008606,18.292,,,11350.0,1080.19,-1080.19,6323.0,123.0,-123.0,1.67,,,383.536,,,1232.0,,,CANDIDATE
5.5901313,2.23e-05,-2.23e-05,8.79073,,,11420.0,1409.5,-1409.5,4743.0,122.0,-122.0,0.75,,,16.0188,,,557.0,,,CANDIDATE
2.5505105,0.000238,-0.000238,20.0973,1.25324,-1.25324,14510.0,857.925,-857.925,6190.0,125.0,-125.0,1.59,0.08,-0.08,292.554,,,1152.0,,,CANDIDATE
3.0200448,4.8e-06,-4.8e-06,13.0636,0.824283,-0.824283,10640.0,527.75,-527.75,5585.0,199.0,-199.0,1.23,0.07,-0.07,171.551,,,1008.0,,,CANDIDATE
21.0685273,0.0001195,-0.0001195,13.6234,,,15800.0,917.491,-917.491,5403.0,122.0,-122.0,1.06,,,10.5716,,,502.0,,,CANDIDATE
2.260431,1.31e-05,-1.31e-05,3.92152,0.365697,-0.365697,2680.0,187.215,-187.215,4452.0,130.0,-130.0,0.74,0.06,-0.06,249.273,,,1106.0,,,CANDIDATE
6.13049,3.42e-05,-3.42e-05,12.5189,,,3640.0,203.907,-203.907,6078.0,122.0,-122.0,2.08,,,940.498,,,1542.0,,,CANDIDATE
2.8534013,0.000763,-0.000763,11.4232,3.78502,-3.78502,15830.0,26551.0,-26551.0,3662.0,157.0,-157.0,0.52,0.02,-0.02,961.087,,,1551.0,,,FALSE POSITIVE
11.0771916,0.000113,-0.000113,2.97165,0.280532,-0.280532,1920.0,187.999,-187.999,4738.0,126.1,-126.1,0.69,0.05,-0.05,51.7045,,,747.0,,,CANDIDATE
1.6540803,6.4e-06,-6.4e-06,15.2145,1.07674,-1.07674,3460.0,316.209,-316.209,6453.0,195.3,-195.3,2.51,0.12,-0.12,2118.23,,,1889.0,,,FALSE POSITIVE
15.7866044,0.0001787,-0.0001787,11.2628,,,6960.0,558.656,-558.656,6237.4,93.2,-93.2,1.33,,,150.132,,,975.0,,,CANDIDATE
5.9404096,0.0007847,-0.0007847,11.945,,,15160.0,988.317,-988.317,5933.0,122.0,-122.0,0.97,,,133.684,,,947.0,,,CANDIDATE
3.3825012,1.98e-05,-1.98e-05,9.00661,,,4430.0,223.548,-223.548,6117.0,122.0,-122.0,1.38,,,967.25,,,1553.0,,,CANDIDATE
5.754879,7.61e-05,-7.61e-05,12.52,0.934238,-0.934238,1820.0,152.868,-152.868,6742.0,128.0,-128.0,2.95,0.16,-0.16,2173.06,,,1902.0,,,CANDIDATE
6.9341584,0.0021504,-0.0021504,2.15853,0.178234,-0.178234,510.0,64.7359,-64.7359,5451.0,122.7,-122.7,0.87,0.05,-0.05,96.5124,,,873.0,,,CANDIDATE
1.8826035,4.9e-06,-4.9e-06,1.40901,0.0981889,-0.0981889,337.0,16.4819,-16.4819,4996.0,122.3,-122.3,0.78,0.05,-0.05,387.637,,,1236.0,,,CANDIDATE
3.3751374,3.01e-05,-3.01e-05,0.974713,0.102243,-0.102243,172.0,21.729,-21.729,4996.0,122.3,-122.3,0.78,0.05,-0.05,178.535,,,1018.0,,,CANDIDATE
7.64348,6e-05,-6e-05,6.82171,0.406298,-0.406298,560.0,0.799349,-0.799349,6258.1,103.6,-103.6,2.94,0.12,-0.12,170.804,,,1007.0,,,FALSE POSITIVE
3.1728284,3.66e-05,-3.66e-05,3.27956,0.26206,-0.26206,360.0,48.7538,-48.7538,6689.0,166.9,-166.9,1.59,0.06,-0.06,932.329,,,1539.0,,,CANDIDATE
45.7138545,3.92e-05,-3.92e-05,17.5122,1.05536,-1.05536,5549.0,208.931,-208.931,5513.0,154.9,-154.9,2.18,0.12,-0.12,11.5909,,,514.0,,,CANDIDATE
7.4924561,9.32e-05,-9.32e-05,5.73125,0.552536,-0.552536,694.0,91.8947,-91.8947,5242.0,133.7,-133.7,2.12,0.12,-0.12,1109.54,,,1607.0,,,CANDIDATE
10.7004569,1.39e-05,-1.39e-05,13.1568,0.733103,-0.733103,2409.0,165.678,-165.678,6906.0,145.4,-145.4,2.44,0.11,-0.11,51.9069,,,747.0,,,FALSE POSITIVE
0.5902387,8.35e-05,-8.35e-05,1.6802901,0.1772906,-0.1772906,518.7240999,57.798515,-57.798515,3844.0,157.0,-157.0,0.590924,0.0174113,-0.0174113,517.0065166,,,1216.1685093,,,CANDIDATE
0.9292334,8.12e-05,-8.12e-05,10.6079914,0.9516801,-0.9516801,45240.8420953,3386.5818,-3386.5818,3207.0,157.0,-157.0,0.485926,0.0165041,-0.0165041,104.4129181,,,815.2828522,,,CANDIDATE
3.2520192,8.4e-06,-8.4e-06,12.5826,,,9420.0,382.804,-382.804,6756.31,280.34,-280.34,1.28,,,1493.68,,,1731.0,,,CANDIDATE
2.3062125,0.0004932,-0.0004932,2.0651033,1.589122,-1.589122,400.6390117,53.22851,-53.22851,5816.0,147.639,-147.639,0.963996,0.047598,-0.047598,791.3345542,,,1352.7258275,,,CANDIDATE
4.4571444,0.0003346,-0.0003346,18.031156,0.8959427,-0.8959427,7175.6801891,103.28215,-103.28215,6074.0,125.384,-125.384,2.09465,0.0980906,-0.0980906,1747.4150659,,,1648.9928347,,,CONFIRMED
1.5136003,0.0002192,-0.0002192,8.3090193,2.3770592,-2.3770592,745.1393405,51.541286,-51.541286,6017.0,129.7,-129.7,2.93328,0.134,-0.134,14144.8668844,,,2781.4385255,,,FALSE POSITIVE
3.076329,5.4e-05,-5.4e-05,14.2287485,0.6003562,-0.6003562,9490.8396842,52.363537,-52.363537,6401.79,103.038,-103.038,1.4311,0.0598895,-0.0598895,1519.96446,,,1592.4951117,,,CONFIRMED
1.617487,7.6e-06,-7.6e-06,1.3134056,1.4822643,-1.4822643,342.1852102,27.393875,-27.393875,3900.68,125.748,-125.748,0.70171,0.0732965,-0.0732965,197.2074933,,,955.7638559,,,CANDIDATE
1.9261183,9.56e-05,-9.56e-05,4.8624405,0.2890385,-0.2890385,3853.8831363,136.45651,-136.45651,5383.13,114.93,-114.93,0.678984,0.0348945,-0.0348945,395.0450985,,,1137.0548605,,,FALSE POSITIVE
4.3226229,0.0001147,-0.0001147,15.1546943,0.7174312,-0.7174312,11939.7472843,96.4711,-96.4711,5924.0,115.989,-115.989,1.3475699,0.0626859,-0.0626859,705.0438271,,,1314.2372675,,,CONFIRMED
3.9816471,8.4e-06,-8.4e-06,14.4616,0.752008,-0.752008,15590.0,368.791,-368.791,5771.0,124.391,-124.391,1.14,0.06,-0.06,431.951,,,1270.0,,,CANDIDATE
4.2254748,0.0003532,-0.0003532,7.6400361,0.6515875,-0.6515875,1577.257225,90.54007,-90.54007,5729.0,183.861,-183.861,1.75516,0.0905428,-0.0905428,1118.0567499,,,1474.8087701,,,CANDIDATE
3.5381039,8.98e-05,-8.98e-05,12.0728557,0.6039479,-0.6039479,11844.6534836,179.25853,-179.25853,6084.0,129.616,-129.616,1.0424401,0.0510854,-0.0510854,591.3277978,,,1257.6993121,,,FALSE POSITIVE
15.343585,6.7e-05,-6.7e-05,3.32532,0.202791,-0.202791,1344.0,67.8128,-67.8128,5758.0,128.163,-128.163,0.99,0.05,-0.05,50.6698,,,743.0,,,CANDIDATE
753.822332,0.0002155,-0.0002155,1.90769,0.184916,-0.184916,520.0,45.6643,-45.6643,5940.0,128.564,-128.564,1.06,0.05,-0.05,322.574,,,1180.0,,,CANDIDATE
9.2152386,7.42e-05,-7.42e-05,2.47478,0.171555,-0.171555,695.0,46.2636,-46.2636,5940.0,128.564,-128.564,1.06,0.05,-0.05,138.746,,,956.0,,,CANDIDATE
7.9192605,0.0003439,-0.0003439,11.5285264,1.0425813,-1.0425813,21472.3061237,243.1104,-243.1104,4302.0,130.566,-130.566,0.758608,0.0676784,-0.0676784,38.0328101,,,633.3727192,,,CONFIRMED
6.5197781,1.2e-05,-1.2e-05,8.5555002,0.5052916,-0.5052916,1290.149756,65.6924317,-65.6924317,4951.7,77.1,-77.1,2.65,0.08,-0.08,85.1668,,,846.0,,,FALSE POSITIVE
3.0927432,5.73e-05,-5.73e-05,12.6556708,0.8900727,-0.8900727,28695.1012159,199.38875,-199.38875,4713.98,115.719,-115.719,0.750341,0.0524523,-0.0524523,174.0322539,,,926.3544365,,,CONFIRMED
3.9914012,0.0001805,-0.0001805,17.0087765,0.9557893,-0.9557893,8891.5603147,101.782585,-101.782585,6528.05,110.167,-110.167,1.75165,0.096392,-0.096392,1687.7566393,,,1634.7344157,,,CANDIDATE
3.5247546,3.4e-06,-3.4e-06,16.3776,0.684714,-0.684714,17803.0,534.998,-534.998,6052.0,100.638,-100.638,1.19,0.05,-0.05,587.098,,,1371.0,,,CONFIRMED
3.1643744,1.04e-05,-1.04e-05,6.79941,0.395425,-0.395425,3842.0,174.243,-174.243,6238.0,130.901,-130.901,1.23,0.06,-0.06,643.751,,,1403.0,,,CANDIDATE
1.7266943,7.1e-06,-7.1e-06,1.2127014,1.5847855,-1.5847855,1037.7815799,104.95284,-104.95284,3487.0,157.0,-157.0,0.371684,0.0111082,-0.0111082,45.5940395,,,662.7454689,,,CANDIDATE
373.0381637,0.0010284,-0.0010284,8.4472776,0.4734194,-0.4734194,2858.622379,101.79798,-101.79798,6508.0,123.196,-123.196,1.54352,0.0664975,-0.0664975,26.2251959,,,577.1642659,,,CANDIDATE
0.4378024,7.4e-06,-7.4e-06,1.4551234,0.3340848,-0.3340848,1462.5517623,130.94102,-130.94102,3256.0,157.0,-157.0,0.365717,0.0118964,-0.0118964,211.8109673,,,972.9866029,,,FALSE POSITIVE
0.7394818,1.21e-05,-1.21e-05,1.3097748,1.0556887,-1.0556887,153.5319003,22.747452,-22.747452,5632.0,131.337,-131.337,0.977079,0.050804,-0.050804,3360.8723448,,,1941.9263461,,,CANDIDATE
4.7267257,3.12e-05,-3.12e-05,1.45952,0.108313,-0.108313,283.0,20.3096,-20.3096,5655.0,141.264,-141.264,0.92,0.05,-0.05,333.088,,,1190.0,,,CONFIRMED
3.0432421,9.6e-06,-9.6e-06,11.9045,0.642488,-0.642488,1622.0,58.6932,-58.6932,8000.0,174.4,-174.4,3.59,0.16,-0.16,3620.18,,,2160.0,,,FALSE POSITIVE
79.5839995,0.0004454,-0.0004454,1.9748837,0.7087615,-0.7087615,585.7148869,49.477192,-49.477192,5391.0,104.083,-104.083,0.79137,0.0363166,-0.0363166,3.7628265,,,355.2207257,,,CONFIRMED
7.0142458,8.12e-05,-8.12e-05,2.3954787,0.7546409,-0.7546409,1867.3179922,142.05846,-142.05846,3721.0,157.0,-157.0,0.539525,0.0158695,-0.0158695,14.7225544,,,499.5920759,,,CANDIDATE
38.4787613,0.0032336,-0.0032336,12.5609376,0.5219885,-0.5219885,23972.8957136,947.60205,-947.60205,5439.49,142.2,-142.2,0.810043,,,0.4962968,,,214.0696563,,,CONFIRMED
1.0271879,7.5e-06,-7.5e-06,1.375524,0.1687841,-0.1687841,863.0912024,83.71091,-83.71091,3406.0,157.0,-157.0,0.399822,0.0119185,-0.0119185,90.6681431,,,787.0157613,,,CANDIDATE
3.4130781,4.83e-05,-4.83e-05,5.5008027,2.2570944,-2.2570944,4017.8298399,506.35962,-506.35962,5410.0,122.0,-122.0,0.865985,,,304.4148279,,,1065.3350121,,,CONFIRMED
2.4157665,1.71e-05,-1.71e-05,1.5356382,0.1751461,-0.1751461,242.4992335,30.274185,-30.274185,4837.0,121.016,-121.016,0.774575,0.0509925,-0.0509925,278.2134769,,,1041.6319451,,,CANDIDATE
38.5835889,0.0011335,-0.0011335,6.8872276,1.0315099,-1.0315099,1501.2063653,172.34116,-172.34116,6373.72,114.774,-114.774,1.74231,0.074485,-0.074485,76.5626552,,,754.4387662,,,CONFIRMED
48.7130843,0.0004898,-0.0004898,2.4883067,1.0240345,-1.0240345,1609.7433089,161.68752,-161.68752,3943.0,157.0,-157.0,0.621798,0.01836,-0.01836,1.7149724,,,291.8663524,,,CANDIDATE
0.8374997,7.3e-06,-7.3e-06,2.0046235,0.2530015,-0.2530015,248.9571168,24.776567,-24.776567,5706.0,141.0,-141.0,1.08974,0.061206,-0.061206,3684.5206378,,,1987.0783791,,,CONFIRMED
6.8669657,0.0001651,-0.0001651,3.5242338,0.3698337,-0.3698337,796.5543815,100.52029,-100.52029,6173.0,126.376,-126.376,1.07955,0.0474874,-0.0474874,271.6138825,,,1035.3989982,,,CANDIDATE
0.82967,0.00021,-0.00021,20.1053,6.45846,-6.45846,4744.55,473.454,-473.454,6991.1,203.7,-203.7,2.65,0.15,-0.15,65023.4,,,4448.0,,,FALSE POSITIVE
700.9622566,0.0004985,-0.0004985,2.2203819,0.6474882,-0.6474882,456.5698347,57.39739,-57.39739,5626.0,187.0,-187.0,1.00018,0.0487537,-0.0487537,17.5711392,,,522.1793937,,,CANDIDATE
7.0893162,4.55e-05,-4.55e-05,1.6279088,0.2219266,-0.2219266,127.6112321,13.432013,-13.432013,5983.0,121.421,-121.421,1.24177,0.0547161,-0.0547161,318.1431068,,,1077.1479991,,,CANDIDATE
8.0276821,0.000136,-0.000136,11.980977,2.4002044,-2.4002044,11271.5765812,1293.0641,-1293.0641,5368.0,122.0,-122.0,1.12772,,,161.117342,,,908.6681834,,,CONFIRMED
28.5410557,0.0025468,-0.0025468,7.1843683,0.8309613,-0.8309613,1280.5898265,199.67946,-199.67946,6197.21,158.77,-158.77,1.64162,0.0935502,-0.0935502,94.828344,,,795.8922782,,,CONFIRMED
7.9726644,8.91e-05,-8.91e-05,3.7927661,2.113839,-2.113839,3581.1493923,349.40784,-349.40784,4564.61,82.6977,-82.6977,0.637495,,,32.2210236,,,607.6515119,,,CONFIRMED
6.2468813,9.45e-05,-9.45e-05,15.6817806,3.5854125,-3.5854125,516.1273113,61.01743,-61.01743,4643.39,67.2904,-67.2904,6.3787198,,,324.7805755,,,1082.7227478,,,CONFIRMED
109.0502946,0.0027849,-0.0027849,12.6721874,0.457983,-0.457983,3819.91221,105.64256,-105.64256,8953.0,130.131,-130.131,1.92506,0.055402,-0.055402,62.0087384,,,715.7032239,,,CANDIDATE
5.655018,2.68e-05,-2.68e-05,1.5874236,0.3010816,-0.3010816,356.813695,40.183952,-40.183952,4674.0,123.295,-123.295,0.704768,0.0510854,-0.0510854,67.2014321,,,730.2379204,,,CANDIDATE
9.3380252,0.0001244,-0.0001244,3.093161,1.5715756,-1.5715756,1771.5047592,180.23102,-180.23102,4066.0,129.391,-129.391,0.723481,0.0728844,-0.0728844,22.8910424,,,557.8740267,,,CANDIDATE
6.8834027,3.07e-05,-3.07e-05,2.87691,0.205273,-0.205273,771.0,49.1664,-49.1664,6133.77,125.783,-125.783,1.23,0.06,-0.06,87.7838,,,852.0,,,CONFIRMED
0.4489589,1.11e-05,-1.11e-05,1.015263,1.2818562,-1.2818562,674.8277016,102.53909,-102.53909,3419.0,157.0,-157.0,0.377509,0.0112296,-0.0112296,258.7481981,,,1022.913907,,,CONFIRMED
3.003901,8.42e-05,-8.42e-05,16.7208629,1.6414378,-1.6414378,10093.1737819,1311.3771,-1311.3771,6052.0,123.0,-123.0,1.50633,,,1512.6541471,,,1590.5768607,,,CONFIRMED
10.9048392,4.88e-05,-4.88e-05,1.5489482,0.9517032,-0.9517032,4030.7760993,586.06696,-586.06696,3272.0,157.0,-157.0,0.242121,0.0072323,-0.0072323,1.8239545,,,296.3966212,,,CONFIRMED
5.8599392,4.46e-05,-4.46e-05,2.9189614,0.457453,-0.457453,289.4487735,36.93408,-36.93408,6149.0,97.451,-97.451,1.5092,0.0579346,-0.0579346,649.7355768,,,1287.6680247,,,CONFIRMED
9.8786838,3.18e-05,-3.18e-05,2.1083189,0.3531921,-0.3531921,1728.7453821,162.31392,-162.31392,3759.27,115.535,-115.535,0.460619,0.0505553,-0.0505553,6.7948733,,,411.7798487,,,CONFIRMED
16.1455898,0.0002789,-0.0002789,3.563467,5.18916,-5.18916,919.5336262,161.5487,-161.5487,4816.0,105.098,-105.098,0.732995,0.0426181,-0.0426181,19.5319797,,,536.1746979,,,CONFIRMED
2.5080815,1.55e-05,-1.55e-05,2.6163105,3.7120283,-3.7120283,1292.7152523,122.591095,-122.591095,4715.0,138.878,-138.878,0.739515,0.0594975,-0.0594975,223.5290118,,,986.1732636,,,CONFIRMED
949.7905952,0.0053686,-0.0053686,2.8632815,0.4131799,-0.4131799,3029.1585847,553.5361,-553.5361,3500.0,157.0,-157.0,0.424371,0.0126967,-0.0126967,0.030453,,,106.5435861,,,CANDIDATE
0.8573727,1.4e-05,-1.4e-05,1.2465478,0.1580336,-0.1580336,2045.7091221,270.04935,-270.04935,3098.0,157.0,-157.0,0.235048,0.0069986,-0.0069986,42.012202,,,649.3272227,,,CONFIRMED
1.5500607,1.7e-06,-1.7e-06,11.5208,0.688041,-0.688041,2550.0,237.377,-237.377,8552.3,193.7,-193.7,2.04,0.08,-0.08,7523.43,,,2594.0,,,CANDIDATE
3.477756,1.45e-05,-1.45e-05,11.3342,1.04544,-1.04544,1177.0,90.0963,-90.0963,6221.0,132.6,-132.6,3.1,0.26,-0.26,379.541,,,1229.0,,,CANDIDATE
0.5868508,5e-07,-5e-07,6.12033,0.406159,-0.406159,1005.0,139.515,-139.515,5842.0,130.8,-130.8,1.48,0.07,-0.07,1255.21,,,1658.0,,,CANDIDATE
2.3179699,3e-06,-3e-06,14.5204,0.779198,-0.779198,12009.0,676.344,-676.344,5770.0,231.045,-231.045,1.33,0.05,-0.05,172.957,,,1010.0,,,CANDIDATE
16.2117629,0.0022782,-0.0022782,7.2826036,0.4944534,-0.4944534,3669.0022778,135.04044,-135.04044,6119.0,132.891,-132.891,1.18343,0.054392,-0.054392,101.5736987,,,809.6830845,,,CANDIDATE
3.2573898,0.0001483,-0.0001483,12.3569361,0.6672009,-0.6672009,13770.1931364,219.84996,-219.84996,5698.38,110.615,-110.615,1.0461299,0.0524472,-0.0524472,554.7122128,,,1237.7606776,,,CONFIRMED
2.5199146,6.52e-05,-6.52e-05,17.7001932,0.8911862,-0.8911862,12429.3724559,79.63954,-79.63954,6116.0,106.58,-106.58,1.56419,0.0777889,-0.0777889,2121.5175266,,,1730.9375747,,,CONFIRMED
4.304829,0.0002567,-0.0002567,13.8395402,0.7188342,-0.7188342,7531.4221197,129.26822,-129.26822,6001.0,143.081,-143.081,1.51284,0.0744724,-0.0744724,925.4934848,,,1406.737585,,,CONFIRMED
4.0236805,3.7e-06,-3.7e-06,14.9702,0.750958,-0.750958,8925.0,177.513,-177.513,5807.0,148.796,-148.796,1.57,0.08,-0.08,606.797,,,1382.0,,,CONFIRMED
2.5079177,0.0002607,-0.0002607,14.717643,1.7681618,-1.7681618,6997.4591212,251.10559,-251.10559,6207.39,290.028,-290.028,1.72725,0.187982,-0.187982,2704.955558,,,1839.3305452,,,CONFIRMED
2.3322524,0.0004742,-0.0004742,1.902342,0.8688688,-0.8688688,571.3138896,69.91328,-69.91328,4983.53,97.1001,-97.1001,0.708945,0.0356834,-0.0356834,267.3379607,,,1031.2997377,,,CANDIDATE
14.5478626,4.73e-05,-4.73e-05,12.189719,0.6882524,-0.6882524,3222.8170072,93.34518,-93.34518,5559.5,112.5,-112.5,1.9794101,0.0957664,-0.0957664,249.6501113,,,1013.8009423,,,CANDIDATE
9.1099373,2.72e-05,-2.72e-05,13.5278,,,8817.0,192.864,-192.864,6511.0,,,1.48,,,1223.52,,,,,,FALSE POSITIVE
2.0319883,9.39e-05,-9.39e-05,17.7163979,1.0699655,-1.0699655,12273.0056923,168.68814,-168.68814,6161.0,134.74,-134.74,1.56523,0.0914572,-0.0914572,2886.2922002,,,1869.4111277,,,CONFIRMED
1.9281092,9e-07,-9e-07,17.7947707,19.28166,-19.28166,107974.2359543,2071.2168,-2071.2168,3264.0,157.0,-157.0,0.369847,0.011002,-0.011002,30.0343207,,,597.0685598,,,CANDIDATE
1.5454492,1.27e-05,-1.27e-05,2.4829303,0.550688,-0.550688,4280.7714918,559.60364,-559.60364,3264.0,157.0,-157.0,0.369847,0.011002,-0.011002,40.3385544,,,642.7614652,,,CANDIDATE
9.0330414,0.0001392,-0.0001392,7.35267,,,227.0,22.8905,-22.8905,7527.0,122.0,-122.0,5.64,,,2661.86,,,2001.0,,,FALSE POSITIVE
2.7218347,1.35e-05,-1.35e-05,14.1545,,,560.0,99.3662,-99.3662,4758.0,122.0,-122.0,5.53,,,616.895,,,1388.0,,,FALSE POSITIVE
1.0222806,1.52e-05,-1.52e-05,8.97675,0.587789,-0.587789,1280.0,109.616,-109.616,8448.0,133.2,-133.2,2.46,0.1,-0.1,15853.1,,,3126.0,,,CANDIDATE
1.2757761,3.76e-05,-3.76e-05,1.28307,0.119756,-0.119756,230.0,27.6055,-27.6055,4540.4,108.6,-108.6,0.79,0.05,-0.05,357.418,,,1211.0,,,CANDIDATE
2.8406462,0.0002049,-0.0002049,24.2892126,0.6621586,-0.6621586,57872.8336091,1552.9954,-1552.9954,4389.0,122.0,-122.0,1.02903,,,293.4109933,,,1055.5743901,,,CANDIDATE
5.7238582,0.0003119,-0.0003119,11.6470757,0.7574461,-0.7574461,8682.2466029,141.82971,-141.82971,6086.0,115.011,-115.011,1.23052,0.0756281,-0.0756281,434.1768781,,,1164.2236638,,,CONFIRMED
5.7998626,4.33e-05,-4.33e-05,11.022,,,2387.0,96.2553,-96.2553,5852.0,122.0,-122.0,2.55,,,806.794,,,1484.0,,,CONFIRMED
16.1798603,4.61e-05,-4.61e-05,7.89958,0.412377,-0.412377,2249.0,45.3053,-45.3053,5900.8,129.6,-129.6,1.63,0.08,-0.08,131.122,,,942.0,,,CONFIRMED
1.7442831,0.0002034,-0.0002034,15.3898195,0.7614973,-0.7614973,7445.2479047,382.5108,-382.5108,8039.0,143.62,-143.62,1.6008,0.0610603,-0.0610603,7630.771499,,,2383.7563437,,,CONFIRMED
2.1499907,1.98e-05,-1.98e-05,20.6364944,0.9848484,-0.9848484,25640.8126075,81.10006,-81.10006,6340.0,125.254,-125.254,1.2630399,0.0601859,-0.0601859,1865.4537814,,,1676.1615458,,,CONFIRMED
7.3723906,0.0019647,-0.0019647,4.8405988,1.3809732,-1.3809732,347.7876879,26.071888,-26.071888,6083.0,137.727,-137.727,2.5524099,0.118995,-0.118995,1331.9212095,,,1540.7755679,,,CANDIDATE
18.0401494,0.0016943,-0.0016943,11.1154985,0.6179804,-0.6179804,5645.2975375,125.95702,-125.95702,6345.0,131.915,-131.915,1.4445699,0.072897,-0.072897,143.3387586,,,882.4917606,,,CANDIDATE
2.5761796,2.61e-05,-2.61e-05,12.1450869,0.4152841,-0.4152841,49904.2528728,1057.4371,-1057.4371,3628.0,157.0,-157.0,0.497905,0.0149054,-0.0149054,45.3541068,,,661.8718403,,,CONFIRMED
4.0158188,8.34e-05,-8.34e-05,4.59761,0.317821,-0.317821,560.0,27.8649,-27.8649,6950.0,265.7,-265.7,2.64,0.11,-0.11,4207.93,,,2243.0,,,FALSE POSITIVE
5.8267724,3.09e-05,-3.09e-05,4.615,0.267509,-0.267509,810.0,45.5073,-45.5073,6305.0,140.1,-140.1,1.62,0.08,-0.08,744.793,,,1455.0,,,CONFIRMED
8.503614,1.67e-05,-1.67e-05,10.2441,0.560612,-0.560612,1590.0,119.976,-119.976,6255.0,144.3,-144.3,2.31,0.09,-0.09,33.4398,,,669.0,,,FALSE POSITIVE
1.07242,0.00013,-0.00013,22.0397,0.897804,-0.897804,632.189,0.737297,-0.737297,5001.6,55.5,-55.5,7.97,0.18,-0.18,1909.78,,,1841.0,,,FALSE POSITIVE
3.4926045,2.3e-06,-2.3e-06,15.6608,0.708583,-0.708583,7071.0,52.7447,-52.7447,6558.7,16.9,-16.9,1.8,0.08,-0.08,1793.79,,,1813.0,,,CANDIDATE
1094.062167,4.25e-05,-4.25e-05,4.39378,0.295008,-0.295008,2352.0,94.0283,-94.0283,5359.0,146.0,-146.0,0.85,0.05,-0.05,17.1449,,,566.0,,,CANDIDATE
7.7966237,0.001995,-0.001995,18.0417,1.14848,-1.14848,2000.0,181.669,-181.669,9434.0,319.5,-319.5,3.78,0.16,-0.16,200.285,,,1048.0,,,CANDIDATE
2.6452121,0.0001519,-0.0001519,12.7803657,0.7554901,-0.7554901,10456.8418233,201.85162,-201.85162,5596.0,181.613,-181.613,1.2406,0.0658794,-0.0658794,970.5163576,,,1423.5425881,,,CONFIRMED
2.2538642,0.0006143,-0.0006143,2.1962137,7.073425,-7.073425,383.7274369,80.98557,-80.98557,5957.0,126.826,-126.826,1.10261,0.0514573,-0.0514573,1142.2633882,,,1482.7274023,,,CANDIDATE
7.4826325,0.0010631,-0.0010631,11.8138164,0.8113201,-0.8113201,2569.9421713,76.44105,-76.44105,6128.0,126.382,-126.382,2.2911999,0.109892,-0.109892,1070.588751,,,1458.8996447,,,CANDIDATE
3.413702,0.0004531,-0.0004531,12.9118144,0.6255599,-0.6255599,15800.4739836,622.77765,-622.77765,5845.0,122.0,-122.0,1.01592,,,530.104856,,,1223.7992852,,,CANDIDATE
2.0814345,2.48e-05,-2.48e-05,14.7083576,1.0595632,-1.0595632,16749.4607119,842.9118,-842.9118,5583.0,123.0,-123.0,0.9697,,,808.6671936,,,1360.0729581,,,CANDIDATE
5.4928246,0.0018001,-0.0018001,5.5323212,2.237088,-2.237088,1006.1582134,79.978386,-79.978386,6235.0,204.173,-204.173,1.70647,0.0758291,-0.0758291,936.5163332,,,1410.9076511,,,CANDIDATE
10.8614911,0.0012754,-0.0012754,9.5731365,2.0672128,-2.0672128,11069.1320347,156.98859,-156.98859,5663.55,98.6637,-98.6637,0.895095,0.192698,-0.192698,79.7577939,,,762.1896249,,,CONFIRMED
3.3840629,3e-06,-3e-06,16.52,,,6449.0,280.888,-280.888,8265.0,,,2.12,,,1009.39,,,,,,CANDIDATE
5.4823596,0.0004409,-0.0004409,15.2816665,0.815868,-0.815868,6502.5514222,142.48314,-142.48314,6243.0,136.557,-136.557,1.85996,0.0888442,-0.0888442,1118.657778,,,1475.0069316,,,CANDIDATE
3.9200919,0.0005415,-0.0005415,22.5941886,0.6540062,-0.6540062,22430.0040626,807.65204,-807.65204,6574.32,207.97,-207.97,1.47238,,,1241.1751658,,,1513.8331768,,,CANDIDATE
4.01357,0.0005642,-0.0005642,14.9544789,0.9052464,-0.9052464,8561.4394866,218.68805,-218.68805,5679.0,165.385,-165.385,1.53012,0.0837362,-0.0837362,886.2336482,,,1391.5756101,,,CONFIRMED
7.4903271,0.0026372,-0.0026372,2.5277726,0.7809674,-0.7809674,225.5988767,20.958628,-20.958628,6111.67,119.142,-119.142,1.61211,0.0704171,-0.0704171,526.6956422,,,1221.8268955,,,CONFIRMED
12.5759948,0.0067453,-0.0067453,2.7981797,0.9795008,-0.9795008,284.6855263,24.776178,-24.776178,6111.67,119.142,-119.142,1.61211,0.0704171,-0.0704171,263.9394474,,,1028.0064164,,,CONFIRMED
0.8497194,3.06e-05,-3.06e-05,19.5460599,0.5049034,-0.5049034,69488.1410322,2043.3234,-2043.3234,3493.0,122.0,-122.0,0.679269,,,337.1057655,,,1092.8518572,,,CANDIDATE
3.1420495,0.0008244,-0.0008244,12.6079161,0.9255885,-0.9255885,18253.753966,1269.9469,-1269.9469,4996.0,122.0,-122.0,0.877202,,,275.6027117,,,1039.1796205,,,CANDIDATE
10.327438,0.0020152,-0.0020152,8.6575486,1.112431,-1.112431,1239.1563644,76.39336,-76.39336,6402.35,140.99,-140.99,2.4084699,0.260206,-0.260206,856.7350684,,,1379.8484358,,,CANDIDATE
2.3673691,4.8e-06,-4.8e-06,3.89751,1.43136,-1.43136,592.0,1782.35,-1782.35,4403.0,127.8,-127.8,0.71,0.06,-0.06,1161.29,,,1626.0,,,CANDIDATE
6.3667329,3.4e-05,-3.4e-05,2.19947,0.187971,-0.187971,778.0,62.9237,-62.9237,5413.7,119.9,-119.9,0.85,0.05,-0.05,118.939,,,920.0,,,CANDIDATE
2.0034063,2.1e-06,-2.1e-06,30.4003,5.37651,-5.37651,3372.0,5061.67,-5061.67,6514.0,298.8,-298.8,2.27,0.1,-0.1,15162.9,,,3091.0,,,FALSE POSITIVE
3.3906311,2.59e-05,-2.59e-05,8.3102,0.720709,-0.720709,720.0,57.8619,-57.8619,7373.8,129.5,-129.5,3.54,0.21,-0.21,1156.25,,,1624.0,,,CANDIDATE
8.1309123,0.0001656,-0.0001656,1.51687,0.1201,-0.1201,313.0,24.0272,-24.0272,5639.0,122.5,-122.5,0.97,0.05,-0.05,144.968,,,966.0,,,CANDIDATE
8.2125318,3.14e-05,-3.14e-05,2.68623,0.15854,-0.15854,898.0,41.9321,-41.9321,5936.0,130.2,-130.2,1.0,0.05,-0.05,135.613,,,950.0,,,CANDIDATE
2.1142179,1.14e-05,-1.14e-05,17.3594,,,949.0,91.8468,-91.8468,10207.0,131.0,-131.0,5.54,,,4869.36,,,2327.0,,,CANDIDATE
15.3058859,0.0001475,-0.0001475,13.4962,1.15815,-1.15815,6498.0,231.311,-231.311,6803.6,108.5,-108.5,1.75,0.14,-0.14,70.5288,,,807.0,,,CANDIDATE
8.2065998,0.0002007,-0.0002007,4.6173,2.06349,-2.06349,417.0,825.21,-825.21,6061.0,136.5,-136.5,1.38,0.07,-0.07,3451.52,,,2135.0,,,CANDIDATE
1.8330979,1.67e-05,-1.67e-05,1.87367,0.150026,-0.150026,168.0,14.1042,-14.1042,6335.0,135.8,-135.8,1.65,0.07,-0.07,2928.12,,,2049.0,,,CANDIDATE
87.2129046,0.0008871,-0.0008871,2.89746,0.196923,-0.196923,659.0,46.5457,-46.5457,6236.0,128.5,-128.5,1.22,0.06,-0.06,1.3372,,,299.0,,,CANDIDATE
10.66839,5.83e-05,-5.83e-05,2.81276,0.185554,-0.185554,460.0,36.0412,-36.0412,6718.0,134.2,-134.2,1.37,0.06,-0.06,96.346,,,872.0,,,CANDIDATE
2.1456324,0.0003025,-0.0003025,11.0288578,2.7573917,-2.7573917,1438.6746953,102.17381,-102.17381,9389.0,182.7,-182.7,2.80165,0.117136,-0.117136,28811.4006979,,,3322.8508101,,,FALSE POSITIVE
9.5128916,0.0001418,-0.0001418,2.7531721,1.2908589,-1.2908589,1191.6067436,108.14194,-108.14194,4998.0,122.98,-122.98,0.767312,0.047598,-0.047598,48.3015382,,,672.3725733,,,CANDIDATE
5.3664457,0.0009254,-0.0009254,10.9418064,0.9228135,-0.9228135,8748.7436413,570.23175,-570.23175,5358.0,122.502,-122.502,1.07573,0.0589924,-0.0589924,248.9480604,,,1013.0874521,,,CANDIDATE
3.691559,8.15e-05,-8.15e-05,14.7244708,0.7215341,-0.7215341,16316.0231993,108.979195,-108.979195,5720.0,128.638,-128.638,1.0878299,0.0528995,-0.0528995,512.0234924,,,1213.2274319,,,CONFIRMED
3.2687063,5.44e-05,-5.44e-05,15.0466879,1.1478163,-1.1478163,9692.5415934,892.93536,-892.93536,6007.22,147.004,-147.004,1.40537,,,1155.6463869,,,1487.0514371,,,CONFIRMED
12.1324506,6.21e-05,-6.21e-05,1.5690907,0.3979218,-0.3979218,171.2764262,26.402155,-26.402155,5865.0,135.026,-135.026,1.0159301,0.0521859,-0.0521859,98.4603771,,,803.406097,,,CANDIDATE
832.9236254,0.0024343,-0.0024343,1.7373781,0.8440581,-0.8440581,594.2376069,72.55295,-72.55295,4193.0,122.053,-122.053,0.725064,0.0660904,-0.0660904,0.4058463,,,203.5682958,,,CANDIDATE
720.5742399,0.0040406,-0.0040406,5.3917254,0.638477,-0.638477,1456.9031847,127.61762,-127.61762,6665.4,142.8,-142.8,1.37318,0.0683869,-0.0683869,1.0721258,,,259.5261864,,,CANDIDATE
2.2111104,1.16e-05,-1.16e-05,2.9944585,1.1183779,-1.1183779,1956.0116833,200.30565,-200.30565,3761.0,157.0,-157.0,0.656735,0.019274,-0.019274,95.0381191,,,796.3320731,,,CANDIDATE
9.6703611,6.27e-05,-6.27e-05,2.23934,0.204056,-0.204056,684.0,78.8268,-78.8268,5212.0,123.889,-123.889,0.86,0.05,-0.05,35.0646,,,677.0,,,CANDIDATE
25.0882806,0.0003733,-0.0003733,3.89809,1.52931,-1.52931,705.0,1307.19,-1307.19,5212.0,123.889,-123.889,0.86,0.05,-0.05,135.17,,,949.0,,,CANDIDATE
104.2892798,0.0008161,-0.0008161,7.5126605,0.3818485,-0.3818485,2021.5793679,84.81264,-84.81264,6501.0,127.695,-127.695,1.43159,0.0610779,-0.0610779,14.4080456,,,496.9023128,,,CANDIDATE
8.0555716,0.0001088,-0.0001088,3.3778836,1.1123123,-1.1123123,913.8621738,78.39647,-78.39647,5680.0,127.769,-127.769,1.06221,0.0538694,-0.0538694,168.8120184,,,919.3282171,,,CANDIDATE
7.8864218,0.000244,-0.000244,12.4048291,3.1102912,-3.1102912,6241.5672443,916.1197,-916.1197,5597.0,123.0,-123.0,1.56051,,,358.1159257,,,1109.4957891,,,CONFIRMED
3.5941651,1.59e-05,-1.59e-05,1.31196,0.102132,-0.102132,100.0,8.67065,-8.67065,5694.0,187.0,-187.0,1.39,0.07,-0.07,200.507,,,1048.0,,,CANDIDATE
4.3724063,4.69e-05,-4.69e-05,10.7278887,29.522633,-29.522633,1642.1950326,281.2538,-281.2538,8096.0,140.794,-140.794,1.67777,0.0627135,-0.0627135,2515.0175544,,,1806.1549461,,,FALSE POSITIVE
1.3888584,1.38e-05,-1.38e-05,0.9650619,1.7210847,-1.7210847,1372.5136834,241.27072,-241.27072,3300.0,157.0,-157.0,0.256456,0.0076563,-0.0076563,31.5257386,,,604.3465776,,,CONFIRMED
9.2866733,0.0001811,-0.0001811,2.6996251,0.5689298,-0.5689298,713.8494352,90.801575,-90.801575,5511.0,101.51,-101.51,0.911823,0.0407035,-0.0407035,93.8814469,,,793.897973,,,CONFIRMED
3.2135636,4.19e-05,-4.19e-05,4.1549554,1.930678,-1.930678,654.7322821,59.74978,-59.74978,5772.0,103.434,-103.434,1.59521,0.068191,-0.068191,1364.5815362,,,1550.1353571,,,CONFIRMED
4.7080353,8.13e-05,-8.13e-05,11.5403605,2.0736494,-2.0736494,9658.6603561,1091.1713,-1091.1713,5490.0,123.0,-123.0,1.14715,,,363.7711103,,,1113.8502354,,,CONFIRMED
5.1855507,4.95e-05,-4.95e-05,2.4406793,1.1122566,-1.1122566,1496.7919264,169.81859,-169.81859,3921.0,157.0,-157.0,0.603804,0.0178073,-0.0178073,31.8495386,,,605.8924433,,,CANDIDATE
1.2710408,1.2e-06,-1.2e-06,7.85938,1.75259,-1.75259,1115.0,994.3,-994.3,6004.0,134.6,-134.6,1.5,0.07,-0.07,5327.83,,,2380.0,,,CANDIDATE
3.0519843,2.51e-05,-2.51e-05,12.1856,3.97345,-3.97345,892.0,1454.15,-1454.15,6251.1,109.3,-109.3,2.33,0.12,-0.12,10790.5,,,2839.0,,,FALSE POSITIVE
2.1613171,6.1e-06,-6.1e-06,1.86733,0.155413,-0.155413,529.0,55.6469,-55.6469,5260.0,122.8,-122.8,0.8,0.04,-0.04,329.608,,,1187.0,,,CANDIDATE
1.3154261,5.1e-06,-5.1e-06,2.42354,0.179737,-0.179737,285.0,31.2532,-31.2532,6613.8,98.6,-98.6,1.42,0.05,-0.05,11290.9,,,2871.0,,,FALSE POSITIVE
1.1256838,1.3e-06,-1.3e-06,10.2362,,,3620.0,128.243,-128.243,7433.0,,,1.85,,,5124.79,,,,,,CANDIDATE
2.7297541,4.5e-06,-4.5e-06,2.11652,0.129637,-0.129637,362.0,24.8193,-24.8193,5599.3,117.1,-117.1,1.08,0.05,-0.05,200.856,,,1048.0,,,CANDIDATE
5.2887576,2.19e-05,-2.19e-05,1.80945,0.151919,-0.151919,598.0,33.98,-33.98,4610.0,125.5,-125.5,0.75,0.06,-0.06,63.339,,,785.0,,,CANDIDATE
3.6649528,9.2e-06,-9.2e-06,16.4945,5.27668,-5.27668,3865.0,5495.85,-5495.85,7889.0,115.2,-115.2,1.61,0.05,-0.05,13611.8,,,3009.0,,,FALSE POSITIVE
1.2280156,0.0002322,-0.0002322,3.2034237,4.1161757,-4.1161757,1316.7462021,157.85074,-157.85074,5223.0,129.1,-129.1,0.852493,0.0493819,-0.0493819,1038.6284238,,,1447.8874391,,,CANDIDATE
1.3328252,1.38e-05,-1.38e-05,15.3206915,0.889881,-0.889881,19240.1766706,75.81457,-75.81457,5595.4,127.6,-127.6,1.0670201,0.0618166,-0.0618166,1924.8044588,,,1689.3374258,,,CONFIRMED
5.3708293,2.98e-05,-2.98e-05,12.0561316,0.2743037,-0.2743037,14601.0562246,232.6233,-232.6233,5878.0,122.0,-122.0,0.986176,,,277.4411832,,,1040.908324,,,CANDIDATE
3.2422424,0.0002888,-0.0002888,13.8082328,0.751578,-0.751578,10616.2597804,592.9052,-592.9052,7069.0,137.874,-137.874,1.30309,0.0526231,-0.0526231,1534.9908103,,,1596.416451,,,CANDIDATE
6.4095555,0.0011079,-0.0011079,17.4517774,1.0898303,-1.0898303,2845.1432466,94.59097,-94.59097,6316.0,130.7,-130.7,3.18048,0.172462,-0.172462,2737.1453387,,,1844.7784392,,,CANDIDATE
3.1122458,2.89e-05,-2.89e-05,14.4173412,0.5620428,-0.5620428,14146.4724409,79.59705,-79.59705,6176.8,259.0,-259.0,1.1207401,0.0434623,-0.0434623,1249.9698719,,,1516.5077563,,,CANDIDATE
3.7899018,0.0004235,-0.0004235,23.926255,1.1051998,-1.1051998,7609.2687873,209.83008,-209.83008,7810.0,277.1,-277.1,2.64206,0.105076,-0.105076,12025.9181554,,,2670.8488477,,,CANDIDATE
3.8783341,0.0014781,-0.0014781,12.5321785,0.9986287,-0.9986287,7843.4867323,572.4046,-572.4046,5748.0,122.0,-122.0,1.34253,,,739.7659967,,,1330.1277094,,,CANDIDATE
8.5386633,3.03e-05,-3.03e-05,4.04578,0.30596,-0.30596,1730.0,119.713,-119.713,5416.1,162.8,-162.8,0.95,0.06,-0.06,63.3913,,,786.0,,,CANDIDATE
5.6952223,0.0005344,-0.0005344,3.92346,0.46155,-0.46155,1470.0,276.305,-276.305,5416.1,162.8,-162.8,0.95,0.06,-0.06,39.9451,,,700.0,,,CANDIDATE
3.1471655,1.14e-05,-1.14e-05,5.30134,1.75312,-1.75312,1440.0,2430.03,-2430.03,4869.0,119.8,-119.8,0.79,0.05,-0.05,3942.66,,,2207.0,,,CANDIDATE
1.2541235,1.7e-06,-1.7e-06,8.66923,0.339334,-0.339334,23010.0,11.4553,-11.4553,3642.0,157.0,-157.0,0.54,0.02,-0.02,78.6048,,,829.0,,,CANDIDATE
1.8859353,0.0003069,-0.0003069,7.26339,0.490599,-0.490599,2197.0,151.1,-151.1,6556.9,141.4,-141.4,1.57,0.08,-0.08,721.952,,,1444.0,,,CANDIDATE
4.9218915,3.07e-05,-3.07e-05,20.0897,1.22377,-1.22377,6245.0,225.897,-225.897,6178.0,124.9,-124.9,2.7,0.15,-0.15,1810.88,,,1817.0,,,CANDIDATE
8.9539287,0.0005615,-0.0005615,8.74683,0.718179,-0.718179,5133.0,547.349,-547.349,5943.0,116.2,-116.2,1.17,0.07,-0.07,79.5224,,,831.0,,,CANDIDATE
3.5529033,6.5e-06,-6.5e-06,17.9469,,,17309.0,978.514,-978.514,6389.0,122.0,-122.0,1.41,,,236.183,,,1092.0,,,CANDIDATE
9.866312,0.0021019,-0.0021019,11.5656,0.632838,-0.632838,5737.0,203.097,-203.097,6209.0,127.5,-127.5,1.64,0.08,-0.08,283.77,,,1143.0,,,CANDIDATE
4.6474314,2.89e-05,-2.89e-05,16.1625,0.945167,-0.945167,2652.0,81.5303,-81.5303,6455.0,133.0,-133.0,3.44,0.19,-0.19,3924.24,,,2204.0,,,CANDIDATE
4.2070367,1.55e-05,-1.55e-05,16.5857,,,13290.0,713.856,-713.856,6437.0,122.0,-122.0,1.59,,,498.042,,,1316.0,,,CANDIDATE
0.9136081,1.1e-06,-1.1e-06,5.5813,0.306716,-0.306716,1368.0,86.0333,-86.0333,7126.0,139.0,-139.0,1.5,0.06,-0.06,5597.87,,,2409.0,,,CANDIDATE
2.1350899,7.46e-05,-7.46e-05,12.6797,0.884817,-0.884817,22574.0,393.711,-393.711,4894.0,132.3,-132.3,0.8,0.06,-0.06,280.388,,,1140.0,,,CANDIDATE
4.2916798,6.1e-06,-6.1e-06,13.1247,0.639161,-0.639161,9377.0,262.192,-262.192,6725.0,465.9,-465.9,1.37,0.06,-0.06,675.152,,,1420.0,,,CANDIDATE
4.6107024,8.1e-06,-8.1e-06,15.7213,0.794791,-0.794791,5689.0,95.4523,-95.4523,6391.0,126.5,-126.5,2.18,0.11,-0.11,1656.67,,,1777.0,,,CANDIDATE
4.0833335,0.000649,-0.000649,19.554,,,15664.0,454.84,-454.84,6298.6,25.2,-25.2,1.58,,,1082.21,,,1597.0,,,CANDIDATE
2.8474853,1.9e-06,-1.9e-06,12.7345,0.775303,-0.775303,22441.0,637.096,-637.096,5149.0,125.9,-125.9,0.84,0.05,-0.05,260.51,,,1119.0,,,CANDIDATE
2.3107907,0.0001295,-0.0001295,12.0547,0.830345,-0.830345,18595.0,538.675,-538.675,4767.0,129.3,-129.3,0.86,0.06,-0.06,213.379,,,1064.0,,,CANDIDATE
7.1603723,0.0009977,-0.0009977,14.5353,0.816014,-0.816014,9174.0,286.1,-286.1,5767.0,128.3,-128.3,1.54,0.08,-0.08,304.256,,,1163.0,,,CANDIDATE
6.9191027,5e-05,-5e-05,11.0925,,,4926.0,281.197,-281.197,5922.0,122.0,-122.0,1.72,,,448.269,,,1281.0,,,CANDIDATE
4.5016419,0.0015591,-0.0015591,10.3672,1.26211,-1.26211,2992.0,490.994,-490.994,5713.2,152.0,-152.0,1.89,0.13,-0.13,237.971,,,1094.0,,,CANDIDATE
5.0310168,8.1e-06,-8.1e-06,17.1637,,,18296.0,499.404,-499.404,5656.1,33.1,-33.1,1.32,,,262.966,,,1121.0,,,CANDIDATE
0.7784962,7e-07,-7e-07,9.22083,,,1670.0,0.852676,-0.852676,4949.2,37.7,-37.7,2.19,,,529.373,,,1336.0,,,CANDIDATE
2.3927114,0.0001274,-0.0001274,14.5439,0.746836,-0.746836,13405.0,305.316,-305.316,5967.0,129.9,-129.9,1.17,0.06,-0.06,553.561,,,1351.0,,,CONFIRMED
2.5530138,6.7e-06,-6.7e-06,13.9066,0.838146,-0.838146,6564.0,264.861,-264.861,6286.0,314.8,-314.8,1.81,0.1,-0.1,1540.79,,,1745.0,,,CANDIDATE
18.8155978,0.0001712,-0.0001712,14.443,,,18261.0,1336.5,-1336.5,5641.0,122.0,-122.0,1.14,,,35.8015,,,681.0,,,CANDIDATE
3.6534344,0.0002853,-0.0002853,20.7632,0.959386,-0.959386,24705.0,578.839,-578.839,6364.0,132.4,-132.4,1.32,0.06,-0.06,869.445,,,1512.0,,,FALSE POSITIVE
4.679209,0.0014687,-0.0014687,14.7013,0.949894,-0.949894,9667.0,578.408,-578.408,6600.0,132.9,-132.9,1.67,0.08,-0.08,1141.48,,,1619.0,,,CANDIDATE
3.1106751,0.0002699,-0.0002699,13.4185,0.806434,-0.806434,10899.0,371.651,-371.651,5660.5,141.7,-141.7,1.22,0.07,-0.07,891.85,,,1522.0,,,CANDIDATE
3.9779111,0.0004509,-0.0004509,12.2764,0.728868,-0.728868,19441.0,905.546,-905.546,5494.0,175.3,-175.3,0.89,0.05,-0.05,116.092,,,914.0,,,CANDIDATE
0.520403,9e-07,-9e-07,21.8226,0.694402,-0.694402,143020.0,909.418,-909.418,3112.0,157.0,-157.0,0.4,0.01,-0.01,155.949,,,984.0,,,CANDIDATE
9.7824078,5.55e-05,-5.55e-05,5.19023,0.348375,-0.348375,3218.0,210.554,-210.554,5749.0,167.9,-167.9,0.98,0.05,-0.05,124.326,,,930.0,,,CANDIDATE
10.3299557,0.0001189,-0.0001189,16.2977,,,7172.0,784.449,-784.449,6486.0,122.0,-122.0,1.97,,,170.744,,,1007.0,,,CANDIDATE
0.88501,0.00021,-0.00021,6.77007,0.340373,-0.340373,820.279,1.76139,-1.76139,5362.0,52.1,-52.1,2.15,0.04,-0.04,2010.85,,,1865.0,,,FALSE POSITIVE
3.4742682,0.0008561,-0.0008561,12.8496,,,9883.0,604.412,-604.412,6121.0,66.9,-66.9,1.34,,,517.706,,,1328.0,,,CANDIDATE
2.6607389,0.0002093,-0.0002093,16.2086,1.0011,-1.0011,16613.0,724.263,-724.263,6090.2,129.0,-129.0,1.27,0.07,-0.07,315.217,,,1173.0,,,CANDIDATE
4.9564809,2.13e-05,-2.13e-05,10.077,,,8884.0,1059.84,-1059.84,5511.0,122.0,-122.0,0.96,,,71.7847,,,810.0,,,CANDIDATE
4.0938735,0.0007306,-0.0007306,20.6029,1.25299,-1.25299,16964.0,447.773,-447.773,5489.0,131.1,-131.1,1.55,0.09,-0.09,695.416,,,1430.0,,,FALSE POSITIVE
6.3765906,5.97e-05,-5.97e-05,10.9141,,,4465.0,304.839,-304.839,5433.0,122.0,-122.0,1.8,,,436.742,,,1273.0,,,CANDIDATE
3.9921399,0.0025507,-0.0025507,11.9626,,,9866.0,640.193,-640.193,5885.0,122.0,-122.0,1.38,,,547.02,,,1347.0,,,CANDIDATE
4.5803096,3.89e-05,-3.89e-05,14.6817,,,6130.0,412.92,-412.92,5770.0,122.0,-122.0,2.1,,,937.58,,,1541.0,,,CANDIDATE
8.3753156,0.0011839,-0.0011839,11.1765,1.35114,-1.35114,3994.0,721.147,-721.147,6134.6,142.5,-142.5,1.76,0.1,-0.1,251.431,,,1109.0,,,CANDIDATE
13.3562254,0.0002341,-0.0002341,8.52588,0.465464,-0.465464,5815.0,231.137,-231.137,6122.0,133.7,-133.7,1.27,0.06,-0.06,277.264,,,1136.0,,,CANDIDATE
4.6616079,5.5e-06,-5.5e-06,19.1536,0.670447,-0.670447,11972.0,138.298,-138.298,7437.0,135.9,-135.9,1.7,0.06,-0.06,1329.63,,,1682.0,,,CONFIRMED
1.3094686,0.0001183,-0.0001183,13.7943,4.12586,-4.12586,18418.0,21405.6,-21405.6,3818.0,157.0,-157.0,0.66,0.02,-0.02,215.564,,,1067.0,,,CANDIDATE
1.4354814,7.7e-06,-7.7e-06,7.06395,0.519924,-0.519924,698.0,82.5476,-82.5476,6008.0,289.0,-289.0,2.27,0.12,-0.12,2365.6,,,1942.0,,,CANDIDATE
4.2005957,2.37e-05,-2.37e-05,11.3204,0.688064,-0.688064,4448.0,304.66,-304.66,7803.0,139.6,-139.6,1.67,0.08,-0.08,1013.24,,,1571.0,,,FALSE POSITIVE
3.6720231,0.0003722,-0.0003722,14.495,0.745415,-0.745415,15619.0,386.495,-386.495,6158.0,124.1,-124.1,1.23,0.06,-0.06,595.319,,,1376.0,,,CANDIDATE
2.301919,0.0001226,-0.0001226,12.3642,0.941118,-0.941118,22440.0,599.025,-599.025,4654.0,127.6,-127.6,0.79,0.06,-0.06,129.797,,,940.0,,,CANDIDATE
1.6029811,1.8e-06,-1.8e-06,11.6345,0.894377,-0.894377,5502.0,586.88,-586.88,6049.0,122.7,-122.7,1.52,0.07,-0.07,591.525,,,1373.0,,,CANDIDATE
0.4916402,2.28e-05,-2.28e-05,11.7778,2.07623,-2.07623,29113.0,18433.1,-18433.1,3522.0,157.0,-157.0,0.46,0.02,-0.02,109.834,,,901.0,,,FALSE POSITIVE
3.0444485,0.0006138,-0.0006138,9.04276,0.948583,-0.948583,30036.0,6214.23,-6214.23,3413.0,157.0,-157.0,0.47,0.02,-0.02,7.01479,,,453.0,,,CANDIDATE
4.1846077,0.001118,-0.001118,11.2001,,,10662.0,958.592,-958.592,5714.9,29.2,-29.2,1.12,,,143.488,,,964.0,,,CANDIDATE
40.7401072,8.28e-05,-8.28e-05,14.5988,1.95974,-1.95974,21776.0,5456.0,-5456.0,5081.0,143.4,-143.4,0.88,0.05,-0.05,3.77501,,,388.0,,,CANDIDATE
5.7415661,3.09e-05,-3.09e-05,11.2346,1.01105,-1.01105,5879.0,788.668,-788.668,6051.0,140.4,-140.4,1.42,0.07,-0.07,64.1962,,,788.0,,,CANDIDATE
1.8478843,1.8e-06,-1.8e-06,18.4423,0.888822,-0.888822,11766.0,207.105,-207.105,7218.8,142.4,-142.4,1.65,0.08,-0.08,3803.45,,,2187.0,,,CANDIDATE
9.9754699,4.46e-05,-4.46e-05,15.8848,0.927515,-0.927515,26035.0,804.886,-804.886,5472.0,120.9,-120.9,1.0,0.06,-0.06,60.6571,,,777.0,,,CANDIDATE
3.6948038,0.000309,-0.000309,10.2565,0.890221,-0.890221,17237.0,889.84,-889.84,4376.0,120.3,-120.3,0.75,0.06,-0.06,22.9867,,,610.0,,,CANDIDATE
4.3172876,0.000885,-0.000885,9.68709,0.501559,-0.501559,23720.0,1622.42,-1622.42,3744.0,157.0,-157.0,0.63,0.02,-0.02,29.3516,,,648.0,,,CANDIDATE
1.8021196,3.1e-06,-3.1e-06,13.3235,0.744553,-0.744553,15426.0,713.419,-713.419,6012.0,178.6,-178.6,1.1,0.05,-0.05,1374.91,,,1696.0,,,CANDIDATE
6.7080688,4.4e-05,-4.4e-05,10.6429,0.644412,-0.644412,4622.0,213.458,-213.458,6174.0,157.5,-157.5,1.79,0.09,-0.09,498.329,,,1316.0,,,CANDIDATE
5.0809743,0.0004718,-0.0004718,14.7894,0.970386,-0.970386,5709.0,370.717,-370.717,6071.2,120.0,-120.0,1.97,0.1,-0.1,884.118,,,1519.0,,,CANDIDATE
17.9661374,7.98e-05,-7.98e-05,11.3217,0.662392,-0.662392,3183.0,176.662,-176.662,6891.0,138.9,-138.9,2.2,0.09,-0.09,90.3305,,,858.0,,,CANDIDATE
2.709631,0.0002372,-0.0002372,14.9972,0.920548,-0.920548,10819.0,229.638,-229.638,5838.0,130.4,-130.4,1.47,0.09,-0.09,1041.16,,,1582.0,,,CONFIRMED
3.7473877,0.0007698,-0.0007698,12.686,0.713274,-0.713274,3898.0,143.044,-143.044,5876.0,128.4,-128.4,2.18,0.11,-0.11,1322.91,,,1680.0,,,CANDIDATE
6.1429164,6.72e-05,-6.72e-05,7.50153,,,3871.0,220.245,-220.245,6291.9,20.2,-20.2,1.38,,,592.787,,,1374.0,,,FALSE POSITIVE
3.8753785,2.31e-05,-2.31e-05,18.0963,,,4016.0,220.598,-220.598,4637.0,122.0,-122.0,2.98,,,380.113,,,1230.0,,,CANDIDATE
3.5257269,3.16e-05,-3.16e-05,7.44411,,,4435.0,396.392,-396.392,5638.1,141.5,-141.5,1.23,,,819.047,,,1490.0,,,CANDIDATE
4.1877227,0.0002476,-0.0002476,13.6598,0.830361,-0.830361,16840.0,605.536,-605.536,5543.0,127.7,-127.7,1.05,0.06,-0.06,118.196,,,918.0,,,CANDIDATE
9.6422713,0.0007968,-0.0007968,12.931,,,28921.0,1266.79,-1266.79,4799.0,122.0,-122.0,0.75,,,27.248,,,636.0,,,CANDIDATE
3.89989,8.7e-06,-8.7e-06,14.6814,0.826029,-0.826029,10637.0,547.572,-547.572,6076.0,134.0,-134.0,1.41,0.07,-0.07,211.573,,,1062.0,,,CANDIDATE
5.8878118,9.8e-06,-9.8e-06,12.1166,0.694133,-0.694133,9767.0,675.744,-675.744,5925.0,129.8,-129.8,1.08,0.05,-0.05,77.0112,,,825.0,,,CANDIDATE
19.2445211,0.0001141,-0.0001141,20.2585,,,17453.0,13568.5,-13568.5,6203.0,122.0,-122.0,1.25,,,173.181,,,1010.0,,,CANDIDATE
7.7614672,1e-05,-1e-05,7.85756,0.371844,-0.371844,3110.0,64.3952,-64.3952,6515.0,134.8,-134.8,1.43,0.07,-0.07,405.393,,,1250.0,,,CANDIDATE
2.7432173,0.0001782,-0.0001782,20.2394,,,25316.0,624.736,-624.736,6087.0,123.0,-123.0,1.27,,,682.635,,,1424.0,,,CANDIDATE
2.7649802,0.0006825,-0.0006825,10.4307,0.747897,-0.747897,3575.0,356.104,-356.104,7776.0,122.7,-122.7,1.78,0.06,-0.06,1119.71,,,1611.0,,,FALSE POSITIVE
4.7783263,0.0028033,-0.0028033,13.2499,1.82631,-1.82631,5107.0,906.78,-906.78,5622.0,127.8,-127.8,2.0,0.12,-0.12,1511.43,,,1737.0,,,CANDIDATE
8.7311119,5.02e-05,-5.02e-05,11.1752,0.693972,-0.693972,4827.0,294.306,-294.306,6047.0,162.1,-162.1,1.69,0.08,-0.08,235.614,,,1091.0,,,CANDIDATE
3.6153701,0.0001742,-0.0001742,13.6892,0.81267,-0.81267,14305.0,476.574,-476.574,5516.0,129.2,-129.2,1.13,0.06,-0.06,350.5,,,1205.0,,,CANDIDATE
6.3720834,3.02e-05,-3.02e-05,12.1724,1.12746,-1.12746,5659.0,874.164,-874.164,6390.0,141.0,-141.0,1.5,0.07,-0.07,58.7935,,,771.0,,,CANDIDATE
1.4252334,2.8e-06,-2.8e-06,10.7664,0.657638,-0.657638,6901.0,362.714,-362.714,6033.0,167.1,-167.1,1.35,0.07,-0.07,1265.88,,,1661.0,,,FALSE POSITIVE
5.5133822,4.42e-05,-4.42e-05,12.462,,,7833.0,656.224,-656.224,5785.0,122.0,-122.0,1.46,,,363.901,,,1216.0,,,CANDIDATE
4.7061119,2.33e-05,-2.33e-05,4.75935,0.341463,-0.341463,2559.0,186.876,-186.876,5660.0,229.6,-229.6,1.0,0.05,-0.05,331.92,,,1189.0,,,CANDIDATE
5.5867425,1.28e-05,-1.28e-05,13.0389,,,15688.0,811.85,-811.85,5444.0,122.0,-122.0,1.02,,,103.299,,,888.0,,,CANDIDATE
3.5595352,1.2e-05,-1.2e-05,5.24582,0.401915,-0.401915,3006.0,298.53,-298.53,5669.0,129.5,-129.5,0.94,0.05,-0.05,60.7503,,,777.0,,,CANDIDATE
3.7752321,6.9e-06,-6.9e-06,10.759,0.586036,-0.586036,7352.0,279.297,-279.297,5585.0,127.8,-127.8,1.22,0.06,-0.06,96.9264,,,874.0,,,CANDIDATE
3.563037,9.4e-06,-9.4e-06,7.13684,1.78858,-1.78858,4185.0,2816.54,-2816.54,4490.0,114.1,-114.1,0.85,0.06,-0.06,190.511,,,1035.0,,,CANDIDATE
2.8953095,9.6e-06,-9.6e-06,12.6737,0.663935,-0.663935,5366.0,193.736,-193.736,6526.0,125.8,-125.8,1.98,0.09,-0.09,2522.62,,,1974.0,,,CANDIDATE
8.6738593,0.000922,-0.000922,12.6434,0.993653,-0.993653,5327.0,538.693,-538.693,6446.0,131.6,-131.6,1.72,0.09,-0.09,108.749,,,899.0,,,CANDIDATE
3.1989808,6.9e-06,-6.9e-06,7.20813,0.777434,-0.777434,1860.0,358.481,-358.481,6442.9,103.8,-103.8,1.54,0.06,-0.06,133.516,,,947.0,,,CANDIDATE
3.6119975,2.05e-05,-2.05e-05,10.1678,,,11983.0,622.439,-622.439,5979.0,122.0,-122.0,1.03,,,1057.47,,,1588.0,,,CANDIDATE
3.7294859,8.8e-06,-8.8e-06,9.77695,0.50829,-0.50829,7112.0,239.285,-239.285,5719.9,104.1,-104.1,1.24,0.06,-0.06,553.409,,,1351.0,,,CANDIDATE
3.6166109,0.0005113,-0.0005113,14.0162,1.0805,-1.0805,7012.0,244.158,-244.158,8143.0,127.5,-127.5,1.85,0.13,-0.13,1746.66,,,1801.0,,,CANDIDATE
3.8311803,2.81e-05,-2.81e-05,5.75003,2.36448,-2.36448,1170.0,2742.32,-2742.32,5366.0,119.8,-119.8,0.9,0.05,-0.05,1067.42,,,1592.0,,,CANDIDATE
5.0988038,4.4e-06,-4.4e-06,3.0503381,0.7816048,-0.7816048,2925.8222433,132.99059,-132.99059,3633.0,70.0,-70.0,0.547453,0.0165014,-0.0165014,19.827421,,,538.1908458,,,CONFIRMED
3.1923193,4.7e-06,-4.7e-06,13.949,0.871677,-0.871677,5162.0,257.255,-257.255,6003.0,128.8,-128.8,1.83,0.1,-0.1,206.861,,,1056.0,,,CANDIDATE
2.8979408,7.5e-06,-7.5e-06,12.4152,,,4503.0,179.085,-179.085,7767.0,,,1.97,,,2931.18,,,,,,CANDIDATE
25.1745344,0.0041613,-0.0041613,6.78671,0.443967,-0.443967,2786.0,116.549,-116.549,5776.9,138.2,-138.2,1.41,0.08,-0.08,30.5175,,,654.0,,,CANDIDATE
4.0673088,1.01e-05,-1.01e-05,13.1156,0.660684,-0.660684,10855.0,395.171,-395.171,6333.0,130.6,-130.6,1.24,0.06,-0.06,417.756,,,1259.0,,,CANDIDATE
3.9089363,1.63e-05,-1.63e-05,15.0353,,,7390.0,287.324,-287.324,5800.0,122.0,-122.0,1.87,,,1032.67,,,1579.0,,,CANDIDATE
13.1471808,9.5e-05,-9.5e-05,9.63171,0.611298,-0.611298,7691.0,422.926,-422.926,5670.0,127.8,-127.8,1.18,0.06,-0.06,79.8277,,,832.0,,,CANDIDATE
9.7712443,0.0004497,-0.0004497,15.2558,0.916465,-0.916465,34227.0,1190.53,-1190.53,5294.0,121.5,-121.5,0.79,0.04,-0.04,104.782,,,891.0,,,FALSE POSITIVE
5.2266285,1.4e-05,-1.4e-05,15.6275,0.8214,-0.8214,6662.0,200.527,-200.527,6205.0,173.2,-173.2,2.0,0.1,-0.1,1046.27,,,1584.0,,,CANDIDATE
10.3473602,5.63e-05,-5.63e-05,10.117,0.706022,-0.706022,7695.0,643.43,-643.43,5672.0,124.0,-124.0,1.14,0.06,-0.06,38.6952,,,694.0,,,CANDIDATE
3.6444426,2.07e-05,-2.07e-05,19.0899,,,6276.0,6225.79,-6225.79,5407.0,122.0,-122.0,1.88,,,1872.26,,,1832.0,,,CANDIDATE
2.3921761,1.57e-05,-1.57e-05,12.2947,0.795747,-0.795747,8040.0,385.907,-385.907,5817.0,128.6,-128.6,1.63,0.08,-0.08,1055.22,,,1587.0,,,CANDIDATE
7.0346299,2.84e-05,-2.84e-05,17.638,1.08551,-1.08551,3746.0,377.046,-377.046,8294.0,165.7,-165.7,2.44,0.11,-0.11,533.148,,,1338.0,,,CANDIDATE
2.0323202,4e-06,-4e-06,15.3325,,,8896.0,324.446,-324.446,8011.0,122.0,-122.0,1.68,,,5028.16,,,2345.0,,,CANDIDATE
29.5406035,5.29e-05,-5.29e-05,10.9471,0.556929,-0.556929,13065.0,397.042,-397.042,6315.0,240.6,-240.6,0.94,0.04,-0.04,12.4858,,,523.0,,,CANDIDATE
3.0365848,1.54e-05,-1.54e-05,17.0668,,,8184.0,360.341,-360.341,5928.0,122.0,-122.0,2.06,,,850.609,,,1504.0,,,CANDIDATE
5.1570194,0.0002571,-0.0002571,12.0548,0.902532,-0.902532,16586.0,321.236,-321.236,4476.1,112.6,-112.6,0.89,0.07,-0.07,50.6137,,,743.0,,,CANDIDATE
2.4784193,1.01e-05,-1.01e-05,12.5391,,,3910.0,514.179,-514.179,6115.0,123.0,-123.0,1.69,,,493.403,,,1313.0,,,CANDIDATE
6.4025295,1.4e-06,-1.4e-06,9.3002413,0.3856935,-0.3856935,3814.9508945,20.11759,-20.11759,7056.0,206.0,-206.0,1.4072,0.0580025,-0.0580025,623.0276834,,,1274.2263616,,,CONFIRMED
19.6518502,0.0027925,-0.0027925,8.79457,0.679741,-0.679741,3125.0,322.754,-322.754,6359.0,159.0,-159.0,1.56,0.07,-0.07,27.0742,,,635.0,,,CANDIDATE
9.8326403,0.000115,-0.000115,6.80252,0.500916,-0.500916,2767.0,216.514,-216.514,5966.4,107.1,-107.1,1.41,0.07,-0.07,229.607,,,1084.0,,,CANDIDATE
9.4321076,0.0022332,-0.0022332,11.0911,0.655459,-0.655459,7052.0,302.433,-302.433,6704.0,131.6,-131.6,1.43,0.07,-0.07,223.365,,,1077.0,,,CANDIDATE
3.8553342,0.0006445,-0.0006445,4.94518,0.273157,-0.273157,6624.0,524.395,-524.395,3909.0,157.0,-157.0,0.6,0.02,-0.02,41.8646,,,708.0,,,CONFIRMED
1.5554236,2.1e-06,-2.1e-06,13.1166,,,18149.0,644.252,-644.252,5318.0,122.0,-122.0,1.01,,,711.089,,,1438.0,,,CANDIDATE
8.555965,2.89e-05,-2.89e-05,5.09342,0.256758,-0.256758,12373.0,879.777,-879.777,3376.0,157.0,-157.0,0.44,0.01,-0.01,4.00885,,,394.0,,,CANDIDATE
3.8857292,3.53e-05,-3.53e-05,13.8034,,,6215.0,528.824,-528.824,6084.0,122.0,-122.0,1.79,,,248.774,,,1106.0,,,CANDIDATE
3.0922512,0.0004608,-0.0004608,15.731,3.03241,-3.03241,44139.0,17012.4,-17012.4,3661.0,157.0,-157.0,0.68,0.02,-0.02,64.8463,,,790.0,,,CANDIDATE
3.3338016,3.4e-06,-3.4e-06,15.1293,0.620812,-0.620812,5100.0,97.3139,-97.3139,7894.0,130.3,-130.3,2.17,0.09,-0.09,2284.74,,,1926.0,,,CANDIDATE
4.6071277,1.15e-05,-1.15e-05,10.6145,0.76421,-0.76421,17579.0,858.528,-858.528,4928.0,125.0,-125.0,0.82,0.05,-0.05,87.2497,,,851.0,,,CANDIDATE
7.574675,4.4e-06,-4.4e-06,13.4069567,0.6467533,-0.6467533,6208.0649305,75.560074,-75.560074,6422.0,197.0,-197.0,1.4885499,0.0707236,-0.0707236,516.8517446,,,1216.0774804,,,FALSE POSITIVE
4.3518774,1.34e-05,-1.34e-05,12.0164,0.619462,-0.619462,6682.0,258.491,-258.491,6496.3,103.2,-103.2,1.61,0.07,-0.07,673.068,,,1419.0,,,CANDIDATE
24.8366994,0.0001507,-0.0001507,8.57154,0.557894,-0.557894,10898.0,525.09,-525.09,6334.0,395.9,-395.9,0.89,0.05,-0.05,40.0666,,,700.0,,,CANDIDATE
9.8538051,2.55e-05,-2.55e-05,13.3007,,,14768.0,562.478,-562.478,5634.0,122.0,-122.0,1.11,,,102.929,,,887.0,,,CANDIDATE
3.7069545,5.7e-06,-5.7e-06,12.7103,0.61051,-0.61051,7766.0,187.597,-187.597,6643.0,270.3,-270.3,1.49,0.07,-0.07,517.456,,,1328.0,,,CANDIDATE
6.6283182,7.94e-05,-7.94e-05,9.65916,0.654109,-0.654109,5378.0,343.766,-343.766,5528.0,123.6,-123.6,1.35,0.07,-0.07,273.774,,,1133.0,,,CANDIDATE
4.1533998,3.67e-05,-3.67e-05,15.5058,,,6043.0,344.177,-344.177,6866.0,122.0,-122.0,2.11,,,1266.49,,,1661.0,,,CANDIDATE
5.7419523,7e-05,-7e-05,9.81505,,,7850.0,776.98,-776.98,5396.0,122.0,-122.0,1.26,,,82.5797,,,839.0,,,CANDIDATE
6.0749198,2.28e-05,-2.28e-05,10.0564,0.624961,-0.624961,6328.0,276.459,-276.459,5643.0,155.0,-155.0,1.43,0.07,-0.07,146.106,,,968.0,,,CANDIDATE
2.7443216,1.7e-06,-1.7e-06,20.1852,0.687018,-0.687018,10071.0,116.18,-116.18,8730.0,152.7,-152.7,1.97,0.07,-0.07,5405.6,,,2388.0,,,CONFIRMED
1.1797412,2.7e-06,-2.7e-06,11.867,0.779673,-0.779673,7122.0,204.837,-204.837,6393.0,128.7,-128.7,1.55,0.1,-0.1,8997.74,,,2713.0,,,CANDIDATE
3.7812464,1.65e-05,-1.65e-05,4.97462,0.374151,-0.374151,2521.0,194.762,-194.762,5209.0,131.2,-131.2,0.99,0.06,-0.06,167.006,,,1001.0,,,CANDIDATE
5.6020298,7.8e-06,-7.8e-06,11.3612,0.748923,-0.748923,6146.0,305.737,-305.737,5750.6,142.0,-142.0,1.44,0.08,-0.08,89.7874,,,857.0,,,FALSE POSITIVE
3.5653226,1.45e-05,-1.45e-05,2.88847,0.206164,-0.206164,902.0,72.1835,-72.1835,5715.0,155.2,-155.2,1.0,0.05,-0.05,185.407,,,1028.0,,,CANDIDATE
3.2149937,1.04e-05,-1.04e-05,0.9044272,1.3004019,-1.3004019,1438.82974,201.83324,-201.83324,3106.0,157.0,-157.0,0.236457,0.0070855,-0.0070855,7.3383538,,,419.7777463,,,CANDIDATE
6.7786403,0.0001229,-0.0001229,13.8147158,14.720568,-14.720568,1146.3653641,130.88066,-130.88066,7665.0,187.3,-187.3,2.5943999,0.0780352,-0.0780352,2865.1981035,,,1865.9861388,,,CANDIDATE
24.091624,0.0001294,-0.0001294,2.87574,0.17697,-0.17697,521.0,27.5021,-27.5021,6675.0,232.8,-232.8,1.49,0.06,-0.06,72.6894,,,810.0,,,CANDIDATE
3.8528933,0.0002387,-0.0002387,18.8912058,20.935768,-20.935768,8132.2415444,455.88983,-455.88983,6306.0,131.46,-131.46,1.35595,0.0603015,-0.0603015,974.4816829,,,1424.9944393,,,CANDIDATE
1092.002299,0.0025959,-0.0025959,3.1384101,0.3855328,-0.3855328,1689.5997267,55.50942,-55.50942,4813.0,125.942,-125.942,0.751037,0.0528769,-0.0528769,0.0742263,,,133.1248776,,,CANDIDATE
15.5739143,0.0020792,-0.0020792,2.5864246,0.335438,-0.335438,779.9193691,102.56169,-102.56169,4813.0,125.942,-125.942,0.751037,0.0528769,-0.0528769,21.461443,,,548.952136,,,CANDIDATE
4.786958,5.6e-06,-5.6e-06,18.0112,0.675597,-0.675597,8390.0,92.2995,-92.2995,7668.6,138.4,-138.4,1.91,0.07,-0.07,2320.18,,,1933.0,,,CONFIRMED
1076.6094165,0.0104024,-0.0104024,2.7512261,3.0867565,-3.0867565,626.6130191,70.424644,-70.424644,5848.0,171.157,-171.157,1.08752,0.0516935,-0.0516935,0.2824759,,,185.93669,,,CANDIDATE
12.7614706,4.96e-05,-4.96e-05,0.9705763,3.7154806,-3.7154806,1215.2495801,249.84457,-249.84457,3376.0,157.0,-157.0,0.269427,0.0080644,-0.0080644,1.9017251,,,299.5067987,,,CONFIRMED
2.1077445,0.0002807,-0.0002807,12.0414,0.553647,-0.553647,33127.0,1899.46,-1899.46,3954.0,157.0,-157.0,0.65,0.02,-0.02,95.8765,,,871.0,,,CANDIDATE
9.2347348,1.88e-05,-1.88e-05,1.3883495,3.459586,-3.459586,354.6074958,60.150555,-60.150555,4902.0,123.673,-123.673,0.744485,0.049206,-0.049206,112.6755159,,,830.9542977,,,CANDIDATE
1.5361137,1.16e-05,-1.16e-05,2.4339573,0.483019,-0.483019,543.7767369,75.07352,-75.07352,5317.0,127.663,-127.663,0.885814,0.0503593,-0.0503593,876.5741465,,,1387.7681435,,,CANDIDATE
0.2381823,7.6e-06,-7.6e-06,0.9617386,0.2893542,-0.2893542,493.9763957,49.063408,-49.063408,3423.0,157.0,-157.0,0.369077,0.0109958,-0.0109958,588.9943508,,,1256.4567156,,,CONFIRMED
7.9945503,0.0004736,-0.0004736,3.4801634,0.3017667,-0.3017667,484.9830269,50.211216,-50.211216,6088.0,247.1,-247.1,1.30233,0.0594472,-0.0594472,311.9071042,,,1071.8303891,,,CANDIDATE
6.5452014,3.13e-05,-3.13e-05,2.5553163,1.6534029,-1.6534029,356.0286213,34.834267,-34.834267,6353.0,131.855,-131.855,1.31864,0.0586433,-0.0586433,462.9139946,,,1183.0274647,,,CANDIDATE
0.5570869,2.53e-05,-2.53e-05,1.2151478,2.6829014,-2.6829014,995.2172114,233.50243,-233.50243,3392.0,157.0,-157.0,0.380156,0.0112742,-0.0112742,189.5973427,,,946.4067108,,,CANDIDATE
3.2376482,1.19e-05,-1.19e-05,5.6488,0.300198,-0.300198,698.0,46.0186,-46.0186,10023.0,209.2,-209.2,2.19,0.07,-0.07,2947.16,,,2052.0,,,CANDIDATE
4.4010465,1.4e-06,-1.4e-06,19.7441,0.66082,-0.66082,6903.0,41.169,-41.169,8489.0,178.9,-178.9,2.32,0.08,-0.08,3731.9,,,2177.0,,,CONFIRMED
2.3898191,4.02e-05,-4.02e-05,2.32849,0.135741,-0.135741,210.0,11.5371,-11.5371,7707.0,128.6,-128.6,1.96,0.06,-0.06,3762.79,,,2181.0,,,CANDIDATE
5.4920894,7.2e-06,-7.2e-06,8.83359,0.453196,-0.453196,3962.0,106.841,-106.841,6090.0,130.5,-130.5,1.53,0.07,-0.07,265.101,,,1124.0,,,CANDIDATE
1.4945947,3.89e-05,-3.89e-05,2.79068,0.177373,-0.177373,280.0,23.1364,-23.1364,9532.0,190.2,-190.2,1.75,0.06,-0.06,21608.7,,,3377.0,,,CANDIDATE
3.0178746,2.65e-05,-2.65e-05,0.930891,0.0813588,-0.0813588,193.0,17.2557,-17.2557,4717.0,108.2,-108.2,0.71,0.04,-0.04,303.499,,,1162.0,,,CANDIDATE
5.6928845,5.16e-05,-5.16e-05,3.80626,0.309485,-0.309485,291.0,27.4864,-27.4864,6610.0,125.5,-125.5,2.47,0.1,-0.1,908.509,,,1529.0,,,CANDIDATE
5.7935723,2.92e-05,-2.92e-05,1.50725,0.0937343,-0.0937343,133.0,9.41035,-9.41035,6387.1,114.4,-114.4,1.37,0.06,-0.06,444.131,,,1278.0,,,CANDIDATE
4.1793325,4.5e-05,-4.5e-05,1.20236,0.0978685,-0.0978685,102.0,8.99019,-8.99019,6387.1,114.4,-114.4,1.37,0.06,-0.06,697.716,,,1431.0,,,CANDIDATE
2.7895524,1.47e-05,-1.47e-05,0.986147,0.114162,-0.114162,262.0,27.8612,-27.8612,5039.0,132.8,-132.8,0.74,0.05,-0.05,376.853,,,1227.0,,,CANDIDATE
733.9910938,5.63e-05,-5.63e-05,4.8141,0.277572,-0.277572,1675.0,54.2619,-54.2619,5699.6,132.8,-132.8,1.27,0.07,-0.07,31.6587,,,660.0,,,CANDIDATE
2.8959153,0.0003354,-0.0003354,13.8781874,1.0172917,-1.0172917,7042.9351957,493.89343,-493.89343,6249.0,125.481,-125.481,1.4101501,0.0718794,-0.0718794,1511.7126877,,,1590.3293135,,,CANDIDATE
4.3744614,0.0006375,-0.0006375,6.4637765,0.6338399,-0.6338399,3270.9828556,162.74796,-162.74796,5677.0,129.358,-129.358,1.11563,0.058093,-0.058093,419.4378829,,,1154.2148636,,,CONFIRMED
1.13889,6e-05,-6e-05,22.4869,1.44558,-1.44558,5368.19,0.902334,-0.902334,7852.8,250.7,-250.7,2.79,0.18,-0.18,16504.7,,,3157.0,,,FALSE POSITIVE
4.2275389,0.0002851,-0.0002851,14.8654685,0.8874732,-0.8874732,8677.549547,245.45366,-245.45366,6001.0,127.916,-127.916,1.56496,0.0755527,-0.0755527,1012.7402087,,,1438.7795714,,,CANDIDATE
3.052057,0.0009409,-0.0009409,13.6453428,1.2313935,-1.2313935,9403.0926011,727.53284,-727.53284,5726.0,122.0,-122.0,1.38708,,,1077.3440583,,,1461.1955966,,,CONFIRMED
1.1109316,8.23e-05,-8.23e-05,12.8052345,0.7632362,-0.7632362,2227.4346262,148.3604,-148.3604,6498.6,126.5,-126.5,2.3323801,0.104789,-0.104789,17056.8166564,,,2914.7025766,,,CANDIDATE
6.2462252,0.0004217,-0.0004217,13.4614756,0.654205,-0.654205,13270.5292659,210.02043,-210.02043,6132.0,127.507,-127.507,1.1417201,0.0533769,-0.0533769,339.10135,,,1094.4656337,,,CONFIRMED
6.2031608,0.0004513,-0.0004513,1.0214599,0.5741247,-0.5741247,210.8404349,18.687212,-18.687212,4633.87,143.288,-143.288,0.630715,0.0536482,-0.0536482,45.9626286,,,664.0808611,,,CONFIRMED
4.466068,0.0003148,-0.0003148,0.9794583,0.412455,-0.412455,210.7032691,15.302507,-15.302507,4633.87,143.288,-143.288,0.630715,0.0536482,-0.0536482,71.2287197,,,740.9408412,,,CONFIRMED
7.8708661,0.0007653,-0.0007653,1.0314874,0.4241981,-0.4241981,190.7947353,20.730343,-20.730343,4633.87,143.288,-143.288,0.630715,0.0536482,-0.0536482,33.4599699,,,613.4104018,,,CANDIDATE
3.3733921,6.47e-05,-6.47e-05,14.5810502,0.7638092,-0.7638092,16371.2496269,194.57823,-194.57823,5704.0,131.889,-131.889,1.09866,0.0559673,-0.0559673,582.4015776,,,1252.9258952,,,CANDIDATE
7.5337657,0.0021649,-0.0021649,10.611119,0.7725753,-0.7725753,4697.1753086,225.92403,-225.92403,5869.0,123.928,-123.928,1.52905,0.0744673,-0.0744673,422.1623374,,,1156.0846131,,,CONFIRMED
5.1681189,3.04e-05,-3.04e-05,13.3663,0.923549,-0.923549,1759.0,123.327,-123.327,8254.0,144.8,-144.8,3.44,0.17,-0.17,1947.87,,,1850.0,,,FALSE POSITIVE
3.4076,0.00014,-0.00014,12.1343,0.579782,-0.579782,7500.0,0.244342,-0.244342,6174.0,156.8,-156.8,1.38,0.07,-0.07,1052.9,,,1586.0,,,CONFIRMED
15.9865412,2.27e-05,-2.27e-05,7.52088,1.16426,-1.16426,1451.0,845.804,-845.804,6429.0,135.2,-135.2,1.28,0.06,-0.06,55.7095,,,761.0,,,FALSE POSITIVE
1.0542548,2.9e-06,-2.9e-06,2.77385,1.19872,-1.19872,423.0,703.147,-703.147,4160.1,120.7,-120.7,0.87,0.08,-0.08,4181.02,,,2240.0,,,CANDIDATE
12.4751631,6.58e-05,-6.58e-05,1.56473,0.108079,-0.108079,236.0,17.64,-17.64,6055.0,130.9,-130.9,1.09,0.05,-0.05,172.89,,,1010.0,,,CANDIDATE
51.6708185,0.00029,-0.00029,12.8776,0.665902,-0.665902,4697.0,259.577,-259.577,7115.0,136.6,-136.6,1.91,0.07,-0.07,7.89484,,,466.0,,,CANDIDATE
3.4475935,1.33e-05,-1.33e-05,0.830466,0.0538853,-0.0538853,320.0,29.9826,-29.9826,3548.0,157.0,-157.0,0.47,0.01,-0.01,31.3617,,,659.0,,,CANDIDATE
6.8581311,1.27e-05,-1.27e-05,10.9703,0.516681,-0.516681,2790.0,61.1482,-61.1482,6605.0,135.1,-135.1,2.12,0.1,-0.1,753.001,,,1459.0,,,CANDIDATE
5.6289226,0.0001592,-0.0001592,8.93102,0.646382,-0.646382,1850.0,100.291,-100.291,6683.0,144.5,-144.5,2.72,0.12,-0.12,4560.18,,,2289.0,,,FALSE POSITIVE
1.640758,5.8e-06,-5.8e-06,8.61251,0.642563,-0.642563,2129.0,305.93,-305.93,6262.0,122.2,-122.2,1.52,0.07,-0.07,747.202,,,1456.0,,,CANDIDATE
18.0370154,0.0031282,-0.0031282,7.85944,0.556722,-0.556722,8355.0,615.486,-615.486,5400.0,150.3,-150.3,0.85,0.05,-0.05,9.70594,,,491.0,,,CANDIDATE
3.7077543,7.9e-06,-7.9e-06,11.5364,,,9913.0,577.443,-577.443,5620.2,171.2,-171.2,1.04,,,317.476,,,1175.0,,,CANDIDATE
8.7179665,1.23e-05,-1.23e-05,12.3121,0.469985,-0.469985,2420.0,0.0662036,-0.0662036,9165.0,230.7,-230.7,2.38,0.09,-0.09,2341.09,,,1937.0,,,CONFIRMED
17.6037996,0.0001319,-0.0001319,2.74615,0.216225,-0.216225,882.0,77.2827,-77.2827,5265.0,134.1,-134.1,0.96,0.05,-0.05,23.7402,,,614.0,,,CANDIDATE
5.2556421,3.94e-05,-3.94e-05,15.1084,,,4390.0,275.607,-275.607,5061.0,122.0,-122.0,2.26,,,191.054,,,1035.0,,,CANDIDATE
0.8236066,3e-06,-3e-06,5.5335,0.477795,-0.477795,1090.0,87.9272,-87.9272,6202.0,190.1,-190.1,1.69,0.12,-0.12,4901.54,,,2331.0,,,CANDIDATE
13.3673993,0.0001442,-0.0001442,9.61997,,,10278.0,593.005,-593.005,4831.0,122.0,-122.0,0.93,,,25.0292,,,623.0,,,CANDIDATE
9.288704,1.84e-05,-1.84e-05,9.62284,0.708379,-0.708379,14044.0,630.252,-630.252,4753.0,137.7,-137.7,0.75,0.05,-0.05,34.2291,,,673.0,,,CANDIDATE
1106.220834,1e-06,-1e-06,14.786,0.714469,-0.714469,6252.0,149.571,-149.571,6199.0,209.9,-209.9,1.67,0.08,-0.08,0.0333828,,,119.0,,,CANDIDATE
4.2234273,0.0011686,-0.0011686,14.4033,0.823551,-0.823551,7945.0,349.143,-349.143,6696.0,218.3,-218.3,1.88,0.08,-0.08,1446.04,,,1717.0,,,CANDIDATE
4.2771464,1.3e-05,-1.3e-05,13.316,0.709008,-0.709008,6104.0,217.009,-217.009,6707.0,149.3,-149.3,1.91,0.09,-0.09,1149.87,,,1622.0,,,CANDIDATE
2.8577028,1.82e-05,-1.82e-05,7.78724,0.648829,-0.648829,2695.0,319.542,-319.542,6240.0,159.7,-159.7,1.45,0.07,-0.07,771.67,,,1468.0,,,FALSE POSITIVE
4.7089027,5.4e-06,-5.4e-06,6.86414,0.938079,-0.938079,2426.0,888.038,-888.038,4351.7,143.8,-143.8,0.85,0.09,-0.09,18.4286,,,577.0,,,CANDIDATE
2.8976822,5.5e-06,-5.5e-06,20.1303,,,7602.0,492.774,-492.774,7006.0,129.0,-129.0,2.03,,,731.624,,,1448.0,,,CANDIDATE
7.1436336,3.79e-05,-3.79e-05,11.4874,0.805369,-0.805369,5205.0,199.738,-199.738,6604.0,125.8,-125.8,1.92,0.12,-0.12,837.098,,,1498.0,,,CANDIDATE
2.8465714,3.9e-06,-3.9e-06,12.8225,,,16671.0,1836.85,-1836.85,4802.0,122.0,-122.0,0.83,,,100.235,,,881.0,,,CANDIDATE
9.4852479,2.07e-05,-2.07e-05,12.3024,0.468122,-0.468122,32417.0,1509.31,-1509.31,3848.0,157.0,-157.0,0.63,0.02,-0.02,9.45481,,,488.0,,,CANDIDATE
3.645356,1.6e-05,-1.6e-05,12.1687,0.792442,-0.792442,4942.0,246.039,-246.039,5421.0,122.5,-122.5,1.7,0.1,-0.1,1002.22,,,1567.0,,,CANDIDATE
6.6245939,3.83e-05,-3.83e-05,8.74267,0.588676,-0.588676,3526.0,356.754,-356.754,5874.0,129.7,-129.7,1.29,0.06,-0.06,142.438,,,962.0,,,CANDIDATE
3.662222,1.26e-05,-1.26e-05,13.3765,0.823117,-0.823117,4017.0,199.904,-199.904,5826.0,135.7,-135.7,2.08,0.11,-0.11,1055.67,,,1588.0,,,CANDIDATE
2.4589458,0.000452,-0.000452,12.6341,0.784622,-0.784622,31394.0,3578.62,-3578.62,3810.0,157.0,-157.0,0.62,0.02,-0.02,46.8448,,,728.0,,,CANDIDATE
1.7555108,2.1e-06,-2.1e-06,10.7893,,,13415.0,835.877,-835.877,4249.0,122.0,-122.0,0.78,,,117.332,,,916.0,,,CANDIDATE
28.8005547,0.0002269,-0.0002269,12.6164,0.893386,-0.893386,7292.0,626.346,-626.346,6051.0,248.9,-248.9,1.44,0.07,-0.07,17.1246,,,566.0,,,CANDIDATE
2.5950747,0.0002046,-0.0002046,5.9382555,6.0433493,-6.0433493,665.2502774,45.128178,-45.128178,6852.0,125.0,-125.0,2.24201,0.0953369,-0.0953369,5582.8100399,,,2204.616037,,,FALSE POSITIVE
3.3528597,1.5e-05,-1.5e-05,3.27543,0.352053,-0.352053,1762.0,150.346,-150.346,3896.8,105.0,-105.0,0.71,0.07,-0.07,81.3622,,,836.0,,,CANDIDATE
6.2808216,2.23e-05,-2.23e-05,10.0476,0.654676,-0.654676,7787.0,462.431,-462.431,5602.0,227.7,-227.7,1.15,0.06,-0.06,186.513,,,1029.0,,,CANDIDATE
16.8498547,5.93e-05,-5.93e-05,15.5178,1.45951,-1.45951,3933.0,243.611,-243.611,7823.0,862.0,-862.0,2.14,0.19,-0.19,128.166,,,937.0,,,CANDIDATE
4.9570983,6.18e-05,-6.18e-05,15.9349,,,4860.0,346.803,-346.803,8120.6,35.0,-35.0,2.62,,,5671.62,,,2417.0,,,CANDIDATE
3.1777383,8.5e-06,-8.5e-06,19.2706,,,8754.0,301.873,-301.873,7233.0,122.0,-122.0,2.06,,,2620.94,,,1993.0,,,CANDIDATE
4.4532909,1.57e-05,-1.57e-05,13.8211,0.821823,-0.821823,2866.0,78.4864,-78.4864,5613.0,138.9,-138.9,2.97,0.16,-0.16,1510.03,,,1736.0,,,CANDIDATE
3.0057526,6.8e-06,-6.8e-06,17.9698,0.797688,-0.797688,12169.0,428.028,-428.028,7581.0,165.8,-165.8,1.74,0.06,-0.06,2928.62,,,2049.0,,,CANDIDATE
4.244335,0.0010835,-0.0010835,7.13409,0.404307,-0.404307,18385.0,1648.17,-1648.17,3518.0,157.0,-157.0,0.5,0.01,-0.01,19.463,,,585.0,,,CANDIDATE
5.8310296,3.09e-05,-3.09e-05,7.23053,1.13833,-1.13833,2116.0,1427.2,-1427.2,5617.5,105.8,-105.8,0.95,0.04,-0.04,10.4888,,,501.0,,,CANDIDATE
3.2964006,4.6e-06,-4.6e-06,16.9987,0.921171,-0.921171,5999.0,169.039,-169.039,5883.0,239.7,-239.7,2.09,0.11,-0.11,1080.06,,,1597.0,,,CANDIDATE
1.5521101,7e-07,-7e-07,208.489,,,5430.0,249.733,-249.733,4997.1,86.0,-86.0,12.23,,,5297.55,,,2376.0,,,FALSE POSITIVE
3.6360128,7.7e-06,-7.7e-06,18.9197,,,14704.0,377.38,-377.38,6358.0,122.0,-122.0,1.49,,,1204.47,,,1641.0,,,CANDIDATE
2.9086778,7.3e-06,-7.3e-06,12.2888,,,10323.0,524.662,-524.662,5401.0,122.0,-122.0,1.18,,,536.747,,,1340.0,,,CANDIDATE
4.2807899,2.14e-05,-2.14e-05,11.9706,0.672931,-0.672931,5943.0,277.134,-277.134,6274.0,155.6,-155.6,1.65,0.08,-0.08,865.407,,,1511.0,,,CANDIDATE
4.071096,9.5e-06,-9.5e-06,13.9361,0.802509,-0.802509,5872.0,294.713,-294.713,6008.0,127.8,-127.8,1.68,0.09,-0.09,456.955,,,1288.0,,,CANDIDATE
0.2792211,2e-07,-2e-07,1.05678,0.0691901,-0.0691901,779.0,122.4,-122.4,3358.0,157.0,-157.0,0.3,0.01,-0.01,284.211,,,1143.0,,,CONFIRMED
3.7307609,0.0006146,-0.0006146,6.78569,,,12648.0,1220.17,-1220.17,5273.1,42.7,-42.7,0.52,,,87.4596,,,851.0,,,CANDIDATE
2.3556749,3.1e-06,-3.1e-06,16.7502,1.1086,-1.1086,9377.0,115.363,-115.363,6708.0,132.4,-132.4,1.75,0.12,-0.12,2508.24,,,1971.0,,,CANDIDATE
10.4612769,2.69e-05,-2.69e-05,9.72119,0.584389,-0.584389,9238.0,552.831,-552.831,5208.2,104.9,-104.9,0.88,0.05,-0.05,43.6657,,,716.0,,,CANDIDATE
16.672227,0.0035659,-0.0035659,11.748,0.678956,-0.678956,3851.0,306.82,-306.82,7025.0,121.0,-121.0,1.68,0.07,-0.07,43.5589,,,715.0,,,CANDIDATE
15.2334037,5.67e-05,-5.67e-05,13.7686,1.09333,-1.09333,3624.0,672.313,-672.313,5675.0,161.2,-161.2,1.48,0.09,-0.09,12.2874,,,521.0,,,CANDIDATE
4.503645,0.000869,-0.000869,11.197034,1.881909,-1.881909,12525.725237,1114.7897,-1114.7897,3267.0,,,1.0,,,35.7949977,,,623.8430401,,,FALSE POSITIVE
6.8498533,0.0007501,-0.0007501,10.4676,0.473346,-0.473346,33133.0,2677.71,-2677.71,3522.0,157.0,-157.0,0.48,0.01,-0.01,3.94674,,,392.0,,,CANDIDATE
5.4454541,2.93e-05,-2.93e-05,7.92255,,,5731.0,424.934,-424.934,5684.0,122.0,-122.0,1.05,,,289.299,,,1148.0,,,CANDIDATE
1.6630135,5.9e-06,-5.9e-06,16.7474,,,5964.0,382.677,-382.677,6690.3,38.1,-38.1,2.04,,,4598.31,,,2294.0,,,CANDIDATE
2.7205913,1.61e-05,-1.61e-05,3.02214,0.2248,-0.2248,905.0,94.8895,-94.8895,5784.6,102.9,-102.9,0.96,0.04,-0.04,668.663,,,1416.0,,,CANDIDATE
3.8363055,1.37e-05,-1.37e-05,18.8534,1.34255,-1.34255,3861.0,262.094,-262.094,5982.0,127.9,-127.9,2.6,0.17,-0.17,9673.97,,,2762.0,,,CANDIDATE
4.7924038,3.24e-05,-3.24e-05,11.263,0.684066,-0.684066,2562.0,106.542,-106.542,6176.0,292.2,-292.2,2.75,0.13,-0.13,1688.16,,,1785.0,,,CANDIDATE
39.810528,0.000317,-0.000317,12.8908,0.959968,-0.959968,3102.0,313.38,-313.38,8796.0,170.3,-170.3,2.34,0.09,-0.09,43.1032,,,713.0,,,CANDIDATE
6.8793455,2.1e-05,-2.1e-05,9.84834,1.41307,-1.41307,16480.0,4778.58,-4778.58,3993.0,157.0,-157.0,0.69,0.02,-0.02,7.99212,,,468.0,,,CANDIDATE
2.5938771,1.75e-05,-1.75e-05,4.93408,0.376687,-0.376687,974.0,97.6977,-97.6977,6110.0,224.9,-224.9,1.55,0.08,-0.08,1208.93,,,1642.0,,,CANDIDATE
8.2686298,2.4e-05,-2.4e-05,15.9425,0.850466,-0.850466,3650.0,147.708,-147.708,6275.0,257.4,-257.4,2.38,0.12,-0.12,359.275,,,1212.0,,,CANDIDATE
2.7182588,3.6e-06,-3.6e-06,20.77,,,12333.0,754.271,-754.271,6433.0,122.0,-122.0,1.59,,,402.801,,,1248.0,,,CANDIDATE
9.3568116,6.4e-06,-6.4e-06,13.6687,0.757348,-0.757348,28673.0,2195.44,-2195.44,5866.0,128.2,-128.2,0.61,0.03,-0.03,8.92217,,,481.0,,,CANDIDATE
14.5877856,4.9e-05,-4.9e-05,10.1617,0.651811,-0.651811,3374.0,280.119,-280.119,6544.0,212.1,-212.1,1.66,0.08,-0.08,82.7417,,,840.0,,,FALSE POSITIVE
3.5297965,8.1e-06,-8.1e-06,15.5125,,,11120.0,464.356,-464.356,5846.0,122.0,-122.0,1.48,,,625.677,,,1393.0,,,CANDIDATE
6.2378654,2.67e-05,-2.67e-05,4.55893,0.313457,-0.313457,1802.0,143.934,-143.934,5301.0,168.9,-168.9,0.99,0.05,-0.05,149.586,,,974.0,,,CANDIDATE
6.3111727,2.23e-05,-2.23e-05,14.8439,,,14495.0,972.113,-972.113,5531.0,122.0,-122.0,1.14,,,130.71,,,941.0,,,CANDIDATE
3.9332583,0.0004889,-0.0004889,14.1242,0.672923,-0.672923,5042.0,166.898,-166.898,6699.9,113.2,-113.2,1.89,0.08,-0.08,1666.08,,,1779.0,,,CANDIDATE
3.6894234,1.28e-05,-1.28e-05,16.5011,,,5484.0,797.162,-797.162,5776.0,122.0,-122.0,1.63,,,246.061,,,1103.0,,,CANDIDATE
2.7934699,1.32e-05,-1.32e-05,5.70537,0.403159,-0.403159,2479.0,175.04,-175.04,5635.0,186.0,-186.0,1.21,0.06,-0.06,746.786,,,1456.0,,,CANDIDATE
2.4766677,8.4e-06,-8.4e-06,11.4749,,,9727.0,729.829,-729.829,6197.6,178.0,-178.0,1.14,,,1029.38,,,1578.0,,,CANDIDATE
6.7510278,2.83e-05,-2.83e-05,13.8093,,,6350.0,352.082,-352.082,5024.0,122.0,-122.0,1.67,,,149.336,,,973.0,,,CANDIDATE
2.5048108,7.3e-06,-7.3e-06,12.5335,0.976046,-0.976046,6195.0,274.144,-274.144,6080.0,120.7,-120.7,1.62,0.12,-0.12,1701.78,,,1789.0,,,CANDIDATE
18.7541398,7.64e-05,-7.64e-05,11.641,1.06023,-1.06023,6338.0,470.617,-470.617,6681.2,104.7,-104.7,1.37,0.11,-0.11,59.4985,,,773.0,,,CANDIDATE
1.0617107,1.9e-06,-1.9e-06,5.85456,0.446364,-0.446364,2369.0,270.348,-270.348,5589.0,150.0,-150.0,1.06,0.06,-0.06,916.847,,,1533.0,,,FALSE POSITIVE
3.7799201,2.1e-06,-2.1e-06,16.2502,1.75456,-1.75456,16559.0,256.066,-256.066,6121.6,97.0,-97.0,1.14,0.12,-0.12,674.743,,,1419.0,,,CANDIDATE
5.1941869,2.4e-05,-2.4e-05,10.8037,,,5955.0,1120.21,-1120.21,6085.6,129.7,-129.7,1.08,,,85.2496,,,846.0,,,CANDIDATE
5.3802465,2.8e-05,-2.8e-05,13.5242,0.973538,-0.973538,3829.0,317.943,-317.943,6476.4,150.6,-150.6,1.98,0.12,-0.12,538.751,,,1342.0,,,CANDIDATE
2.4398136,1.18e-05,-1.18e-05,11.128,,,4363.0,277.599,-277.599,8184.6,121.0,-121.0,1.67,,,7439.71,,,2587.0,,,CANDIDATE
0.417921,7.9e-05,-7.9e-05,5.657227,1.322447,-1.322447,41644.893112,3604.8499,-3604.8499,3278.0,100.0,-100.0,0.275,0.06,-0.06,159.3798634,,,906.2084598,,,FALSE POSITIVE
1.9765848,2.4e-06,-2.4e-06,8.95604,0.487971,-0.487971,3430.0,275.355,-275.355,6799.0,227.7,-227.7,1.25,0.05,-0.05,674.183,,,1419.0,,,CANDIDATE
5.9419732,0.0014453,-0.0014453,12.3895,,,21804.0,1341.34,-1341.34,5206.0,122.0,-122.0,0.81,,,67.643,,,798.0,,,CANDIDATE
6.0602101,3.17e-05,-3.17e-05,11.0384,,,8917.0,638.056,-638.056,6252.0,122.0,-122.0,1.22,,,252.333,,,1110.0,,,CANDIDATE
6.583694,1.39e-05,-1.39e-05,19.1169,1.12787,-1.12787,4902.0,177.607,-177.607,6600.9,105.2,-105.2,2.45,0.14,-0.14,611.047,,,1385.0,,,CANDIDATE
25.8866192,6.6e-05,-6.6e-05,11.2641,,,13915.0,1272.18,-1272.18,5326.0,122.0,-122.0,0.8,,,14.5766,,,544.0,,,CANDIDATE
3.0496565,1.58e-05,-1.58e-05,13.7764,,,6761.0,578.963,-578.963,5568.0,122.0,-122.0,1.5,,,817.877,,,1489.0,,,CANDIDATE
2.1653281,0.000786,-0.000786,7.31275,0.428015,-0.428015,18747.0,1521.81,-1521.81,3510.0,157.0,-157.0,0.54,0.02,-0.02,146.971,,,970.0,,,CANDIDATE
1.6197991,1e-06,-1e-06,11.4253,0.367142,-0.367142,31095.0,756.875,-756.875,3192.0,157.0,-157.0,0.31,0.01,-0.01,31.7825,,,661.0,,,FALSE POSITIVE
13.2329062,0.0001712,-0.0001712,7.5049,1.62974,-1.62974,3001.0,161.615,-161.615,6461.3,121.6,-121.6,1.67,0.35,-0.35,295.457,,,1155.0,,,CANDIDATE
2.9124991,3.4e-06,-3.4e-06,16.4233,0.790085,-0.790085,7343.0,143.937,-143.937,6051.0,164.5,-164.5,1.89,0.09,-0.09,1711.93,,,1792.0,,,CANDIDATE
1.8597817,1.5e-06,-1.5e-06,13.3278,0.730392,-0.730392,5579.0,333.085,-333.085,5751.0,234.2,-234.2,1.35,0.07,-0.07,260.966,,,1119.0,,,CANDIDATE
6.5587386,5.92e-05,-5.92e-05,2.56709,0.252437,-0.252437,1396.0,117.992,-117.992,4337.0,122.0,-122.0,0.66,0.06,-0.06,30.3163,,,653.0,,,CANDIDATE
4.9613647,1.64e-05,-1.64e-05,14.2376,0.738403,-0.738403,6047.0,268.385,-268.385,6592.0,135.7,-135.7,1.72,0.08,-0.08,916.634,,,1532.0,,,CANDIDATE
4.5944948,5.5e-06,-5.5e-06,14.2928,0.748715,-0.748715,10846.0,339.501,-339.501,5890.0,178.7,-178.7,1.3,0.06,-0.06,424.183,,,1264.0,,,CANDIDATE
3.0679061,6.8e-06,-6.8e-06,15.0074,,,7144.0,319.771,-319.771,6632.0,122.0,-122.0,1.7,,,921.092,,,1534.0,,,CANDIDATE
4.7185893,2.84e-05,-2.84e-05,12.5103,0.758018,-0.758018,3868.0,211.113,-211.113,6039.7,106.3,-106.3,2.06,0.1,-0.1,1274.32,,,1664.0,,,CANDIDATE
1.6513066,4e-06,-4e-06,9.54979,0.916504,-0.916504,1751.0,484.739,-484.739,5887.6,129.7,-129.7,1.47,0.1,-0.1,231.366,,,1086.0,,,FALSE POSITIVE
12.9589981,5.19e-05,-5.19e-05,11.9733,,,16753.0,866.395,-866.395,5925.0,122.0,-122.0,0.94,,,60.044,,,775.0,,,CANDIDATE
1.5057127,0.0001029,-0.0001029,12.1483,3.73349,-3.73349,5373.0,17506.3,-17506.3,4335.0,148.2,-148.2,0.64,0.05,-0.05,9.00759,,,482.0,,,CANDIDATE
5.1404883,1.48e-05,-1.48e-05,5.66149,0.406857,-0.406857,2896.0,227.765,-227.765,5155.0,139.6,-139.6,0.93,0.06,-0.06,76.7777,,,824.0,,,CANDIDATE
8.9270275,2.53e-05,-2.53e-05,4.54883,0.340382,-0.340382,2360.0,249.344,-249.344,5492.0,135.8,-135.8,0.85,0.05,-0.05,56.8769,,,765.0,,,CANDIDATE
35.3712924,0.0002101,-0.0002101,13.0539,0.925591,-0.925591,4376.0,806.027,-806.027,6702.0,109.0,-109.0,1.32,0.07,-0.07,3.89814,,,391.0,,,CANDIDATE
1.7904917,0.0001515,-0.0001515,11.4109,0.480695,-0.480695,47315.0,3022.18,-3022.18,3425.0,157.0,-157.0,0.46,0.01,-0.01,31.6712,,,660.0,,,CONFIRMED
2.4810218,0.0007191,-0.0007191,8.87122,0.629245,-0.629245,24673.0,2343.92,-2343.92,3691.0,157.0,-157.0,0.6,0.02,-0.02,43.5124,,,715.0,,,CANDIDATE
2.8895991,6.2e-06,-6.2e-06,18.732,,,13586.0,552.937,-552.937,6451.9,136.8,-136.8,1.51,,,1619.54,,,1767.0,,,CANDIDATE
6.2663565,2.52e-05,-2.52e-05,12.2751,,,5720.0,946.841,-946.841,6316.0,122.0,-122.0,1.22,,,52.4199,,,749.0,,,CANDIDATE
1.1669652,1.6e-06,-1.6e-06,12.7459,1.07917,-1.07917,28171.0,9222.91,-9222.91,3452.0,157.0,-157.0,0.48,0.02,-0.02,21.7929,,,601.0,,,CANDIDATE
1.3940614,0.0002032,-0.0002032,20.0134,,,9143.0,23313.0,-23313.0,5402.0,122.0,-122.0,0.98,,,591.468,,,1373.0,,,CANDIDATE
15.8034785,7.75e-05,-7.75e-05,14.6849,0.978169,-0.978169,7000.0,772.538,-772.538,6039.2,114.5,-114.5,1.49,0.07,-0.07,12.8934,,,527.0,,,CANDIDATE
2.819817,0.001165,-0.001165,22.75573,21.919445,-21.919445,183631.033642,13579.864,-13579.864,3601.0,119.0,-119.0,0.441,0.086,-0.086,31.848458,,,605.8873038,,,FALSE POSITIVE
5.2434358,1.22e-05,-1.22e-05,15.7628,,,8157.0,668.41,-668.41,6174.0,122.0,-122.0,1.37,,,164.202,,,997.0,,,CANDIDATE
5.01345,2.64e-05,-2.64e-05,9.1986,0.592295,-0.592295,7627.0,323.581,-323.581,5505.9,117.1,-117.1,1.07,0.06,-0.06,278.509,,,1138.0,,,CANDIDATE
6.9603975,2.65e-05,-2.65e-05,11.906,0.78331,-0.78331,6218.0,547.133,-547.133,5837.0,127.8,-127.8,1.36,0.07,-0.07,302.518,,,1161.0,,,CANDIDATE
9.5315703,0.0001152,-0.0001152,2.62547,0.23911,-0.23911,1095.0,126.524,-126.524,5022.0,125.4,-125.4,0.77,0.05,-0.05,39.0679,,,696.0,,,CANDIDATE
13.026976,3.33e-05,-3.33e-05,16.5308,1.26172,-1.26172,10320.0,454.705,-454.705,5817.2,185.7,-185.7,1.46,0.11,-0.11,110.559,,,903.0,,,CANDIDATE
2.8140328,1.64e-05,-1.64e-05,12.904,0.904141,-0.904141,5247.0,233.153,-233.153,7487.8,138.5,-138.5,2.22,0.12,-0.12,5118.7,,,2356.0,,,CANDIDATE
8.2100724,3.6e-05,-3.6e-05,15.5396,4.21304,-4.21304,4190.0,368.267,-368.267,6427.0,128.0,-128.0,1.96,0.1,-0.1,105.793,,,893.0,,,FALSE POSITIVE
1.6707289,1.3e-06,-1.3e-06,17.2506,,,2758.0,17020.7,-17020.7,5041.0,122.0,-122.0,0.93,,,289.366,,,1149.0,,,CANDIDATE
3.0043128,2.7e-06,-2.7e-06,12.1874,1.36016,-1.36016,6000.0,1800.08,-1800.08,6405.0,122.9,-122.9,1.17,0.06,-0.06,61.8402,,,781.0,,,FALSE POSITIVE
12.6427441,0.0002642,-0.0002642,10.8159,,,7747.0,271.258,-271.258,5605.0,122.0,-122.0,1.76,,,269.47,,,1128.0,,,CANDIDATE
5.0037758,3e-06,-3e-06,19.7788,0.93671,-0.93671,7390.0,1.36807,-1.36807,6442.0,136.5,-136.5,2.09,0.09,-0.09,1150.12,,,1622.0,,,CONFIRMED
5.0358501,3.01e-05,-3.01e-05,15.0966,1.21984,-1.21984,3956.0,220.938,-220.938,7455.0,128.1,-128.1,2.57,0.18,-0.18,3403.81,,,2127.0,,,CANDIDATE
3.4053234,4.6e-06,-4.6e-06,12.264,1.83472,-1.83472,4804.0,2018.45,-2018.45,6111.0,131.3,-131.3,1.32,0.07,-0.07,696.43,,,1431.0,,,CANDIDATE
742.682809,1.1e-06,-1.1e-06,9.50064,0.495088,-0.495088,11798.0,174.701,-174.701,5931.0,149.7,-149.7,0.98,0.05,-0.05,0.0343651,,,119.0,,,CANDIDATE
3.7442969,5e-06,-5e-06,8.95062,0.604043,-0.604043,6943.0,501.242,-501.242,5114.0,127.4,-127.4,0.92,0.05,-0.05,58.7809,,,771.0,,,CANDIDATE
6.7392054,8.7e-06,-8.7e-06,8.73795,1.00512,-1.00512,5180.0,1735.18,-1735.18,4557.0,128.1,-128.1,0.77,0.06,-0.06,4.48575,,,405.0,,,CANDIDATE
2.2314165,1.2e-06,-1.2e-06,11.7385,,,17612.0,884.87,-884.87,4956.1,242.6,-242.6,0.75,,,106.977,,,895.0,,,CANDIDATE
8.9913818,3.19e-05,-3.19e-05,10.912,0.644327,-0.644327,3320.0,125.75,-125.75,5863.0,131.9,-131.9,1.88,0.1,-0.1,467.293,,,1295.0,,,CANDIDATE
8.0924283,0.0030755,-0.0030755,11.0971,0.67287,-0.67287,21701.0,2222.61,-2222.61,3821.0,157.0,-157.0,0.69,0.02,-0.02,8.0575,,,469.0,,,CANDIDATE
1.5304279,1e-06,-1e-06,19.1928,0.925587,-0.925587,9499.0,224.995,-224.995,6476.0,135.9,-135.9,1.72,0.08,-0.08,4037.72,,,2220.0,,,CANDIDATE
5.1491091,1.34e-05,-1.34e-05,12.8079,0.772268,-0.772268,8719.0,383.331,-383.331,6648.0,131.8,-131.8,1.46,0.08,-0.08,1104.38,,,1606.0,,,CANDIDATE
8.2165446,8.1e-05,-8.1e-05,7.33005,,,5304.0,420.868,-420.868,6114.0,122.0,-122.0,1.09,,,172.843,,,1010.0,,,CANDIDATE
3.9802888,1.08e-05,-1.08e-05,11.6985,,,4073.0,512.256,-512.256,5991.0,122.0,-122.0,1.52,,,106.678,,,895.0,,,CANDIDATE
10.8310228,2.26e-05,-2.26e-05,11.3849,0.750872,-0.750872,7728.0,949.98,-949.98,5524.8,113.5,-113.5,0.98,0.05,-0.05,12.0417,,,518.0,,,CANDIDATE
17.7607727,7.68e-05,-7.68e-05,4.52589,0.317312,-0.317312,1391.0,83.6599,-83.6599,6180.8,151.5,-151.5,1.31,0.07,-0.07,71.0596,,,808.0,,,CANDIDATE
20.8380576,0.0001144,-0.0001144,10.4977,,,10875.0,834.163,-834.163,6165.0,122.0,-122.0,1.03,,,37.6029,,,689.0,,,CANDIDATE
3.3458255,6e-06,-6e-06,14.8231,0.775876,-0.775876,6065.0,144.217,-144.217,6089.0,121.8,-121.8,1.75,0.09,-0.09,1120.52,,,1611.0,,,CANDIDATE
4.6478092,6.5e-06,-6.5e-06,11.76,0.668465,-0.668465,9297.0,285.112,-285.112,5510.0,131.4,-131.4,1.19,0.06,-0.06,312.405,,,1171.0,,,CANDIDATE
4.160454,0.0010498,-0.0010498,10.705,0.648843,-0.648843,10349.0,506.864,-506.864,5963.0,124.3,-124.3,1.16,0.06,-0.06,315.01,,,1173.0,,,CANDIDATE
2.2786049,3e-06,-3e-06,12.6809,1.43308,-1.43308,1050.0,21.0795,-21.0795,8550.0,199.1,-199.1,2.63,0.11,-0.11,10942.1,,,2849.0,,,CANDIDATE
6.9615164,1.88e-05,-1.88e-05,10.6573,0.682895,-0.682895,6492.0,368.575,-368.575,5994.0,127.4,-127.4,1.37,0.07,-0.07,106.619,,,895.0,,,CANDIDATE
3.750778,8e-06,-8e-06,17.4249,,,13942.0,588.042,-588.042,6751.0,122.0,-122.0,1.54,,,903.749,,,1527.0,,,CANDIDATE
3.7521603,1.35e-05,-1.35e-05,9.01204,0.617586,-0.617586,5473.0,440.223,-440.223,5917.0,135.3,-135.3,1.19,0.06,-0.06,262.822,,,1121.0,,,CANDIDATE
1.364829,3e-06,-3e-06,15.8394,,,4664.0,582.553,-582.553,6392.0,122.0,-122.0,1.85,,,957.887,,,1549.0,,,CANDIDATE
2.0396825,1.12e-05,-1.12e-05,7.50494,,,4429.0,354.253,-354.253,6559.0,122.0,-122.0,1.22,,,2000.39,,,1863.0,,,CANDIDATE
12.1422411,4.03e-05,-4.03e-05,11.7961,0.671513,-0.671513,4584.0,199.004,-199.004,6716.0,127.8,-127.8,1.83,0.09,-0.09,110.449,,,903.0,,,CANDIDATE
3.8801586,1.39e-05,-1.39e-05,12.7189,,,8142.0,478.217,-478.217,6371.0,122.0,-122.0,1.43,,,983.22,,,1560.0,,,CANDIDATE
18.372561,0.0001171,-0.0001171,8.40725,0.533254,-0.533254,4311.0,203.934,-203.934,5822.0,127.9,-127.9,1.53,0.07,-0.07,56.6794,,,764.0,,,CANDIDATE
1.6763835,1.1e-06,-1.1e-06,17.7371,,,13272.0,611.599,-611.599,6087.0,122.0,-122.0,1.52,,,760.788,,,1463.0,,,CANDIDATE
2.4257176,1.95e-05,-1.95e-05,8.37058,0.686068,-0.686068,1855.0,192.031,-192.031,6658.0,177.4,-177.4,1.85,0.11,-0.11,1677.9,,,1783.0,,,CANDIDATE
9.653456,0.002539,-0.002539,7.281973,1.406418,-1.406418,43088.5649,4189.9946,-4189.9946,3359.0,69.0,-69.0,0.315,0.055,-0.055,3.1265702,,,339.1460758,,,FALSE POSITIVE
3.6024986,0.0014455,-0.0014455,9.87637,0.681676,-0.681676,20792.0,2226.82,-2226.82,3967.0,157.0,-157.0,0.67,0.02,-0.02,47.7872,,,732.0,,,CANDIDATE
3.5423487,1.29e-05,-1.29e-05,8.42588,,,3496.0,648.167,-648.167,6195.0,122.0,-122.0,1.15,,,151.261,,,977.0,,,CANDIDATE
3.356169,4.9e-06,-4.9e-06,11.0376,0.632138,-0.632138,7442.0,585.516,-585.516,5941.0,126.1,-126.1,1.08,0.05,-0.05,144.158,,,965.0,,,CANDIDATE
9.6355,0.0001,-0.0001,9.70279,0.74944,-0.74944,4365.0,115.553,-115.553,5589.0,123.2,-123.2,1.68,0.12,-0.12,0.0147618,,,97.0,,,CANDIDATE
2.7775786,4e-06,-4e-06,4.50048,0.182481,-0.182481,4270.0,215.255,-215.255,3982.0,157.0,-157.0,0.66,0.02,-0.02,79.8073,,,832.0,,,CANDIDATE
6.1161423,1.57e-05,-1.57e-05,6.70408,0.491749,-0.491749,3588.0,230.147,-230.147,5858.0,136.6,-136.6,1.31,0.07,-0.07,53.9292,,,754.0,,,CANDIDATE
6.1879019,9.8e-06,-9.8e-06,12.4998,0.604861,-0.604861,9168.0,493.26,-493.26,5925.5,97.8,-97.8,1.17,0.05,-0.05,118.339,,,918.0,,,CANDIDATE
8.31001,1.69e-05,-1.69e-05,18.2639,0.934931,-0.934931,5667.0,112.769,-112.769,6649.0,146.4,-146.4,2.48,0.12,-0.12,1097.56,,,1603.0,,,CANDIDATE
16.1268294,6.85e-05,-6.85e-05,2.9287,0.270499,-0.270499,974.0,141.635,-141.635,4833.0,130.7,-130.7,0.77,0.05,-0.05,7.15343,,,455.0,,,CANDIDATE
1.9271328,0.0002099,-0.0002099,2.3659,0.51685,-0.51685,585.8978628,34.789112,-34.789112,5952.0,664.1,-664.1,1.25,0.27,-0.27,1087.6116431,,,1464.6646895,,,FALSE POSITIVE
3.8190051,5.3e-06,-5.3e-06,10.8225,0.800499,-0.800499,1907.0,417.334,-417.334,6379.0,124.5,-124.5,1.61,0.08,-0.08,193.673,,,1039.0,,,CANDIDATE
4.5579065,3.8e-06,-3.8e-06,11.1283,0.736828,-0.736828,15309.0,525.778,-525.778,4977.0,124.4,-124.4,0.81,0.05,-0.05,116.63,,,915.0,,,CANDIDATE
2.8279716,1.1e-06,-1.1e-06,18.5153,0.711756,-0.711756,14846.0,233.874,-233.874,6707.0,105.0,-105.0,1.48,0.06,-0.06,1118.3,,,1611.0,,,CONFIRMED
9.9872075,3.91e-05,-3.91e-05,10.2877,0.624316,-0.624316,2884.0,228.418,-228.418,6453.0,143.9,-143.9,1.75,0.08,-0.08,105.868,,,893.0,,,CANDIDATE
12.2925281,6.04e-05,-6.04e-05,14.0235,,,10299.0,504.489,-504.489,6019.0,122.0,-122.0,1.49,,,160.207,,,991.0,,,CANDIDATE
26.3926606,7.58e-05,-7.58e-05,8.33825,0.536195,-0.536195,3447.0,456.699,-456.699,5543.0,128.8,-128.8,0.99,0.05,-0.05,2.97563,,,365.0,,,CANDIDATE
4.2240015,0.0008234,-0.0008234,11.5236,0.618649,-0.618649,35494.0,2744.54,-2744.54,3724.0,157.0,-157.0,0.59,0.02,-0.02,15.196,,,550.0,,,CANDIDATE
0.6646521,6e-07,-6e-07,9.44803,,,7197.0,476.733,-476.733,6256.0,122.0,-122.0,0.97,,,3611.53,,,2159.0,,,FALSE POSITIVE
14.8442674,9.4e-05,-9.4e-05,7.05099,0.457246,-0.457246,7245.0,371.079,-371.079,5920.0,140.2,-140.2,0.96,0.05,-0.05,28.1152,,,641.0,,,CANDIDATE
2.4404127,0.000413,-0.000413,12.1385,0.763227,-0.763227,67496.0,6230.21,-6230.21,3356.0,157.0,-157.0,0.45,0.02,-0.02,19.4163,,,584.0,,,CANDIDATE
1.8361503,5.3e-06,-5.3e-06,22.5152,4.24251,-4.24251,2470.0,238.715,-238.715,5710.5,216.5,-216.5,2.43,0.11,-0.11,33906.8,,,3780.0,,,FALSE POSITIVE
3.6092665,6.9e-06,-6.9e-06,6.6756,0.497087,-0.497087,6975.0,344.927,-344.927,4823.0,123.3,-123.3,0.79,0.05,-0.05,153.851,,,981.0,,,CANDIDATE
5.495078,5.8e-05,-5.8e-05,10.0782,,,5504.0,616.071,-616.071,6852.0,122.0,-122.0,1.5,,,469.613,,,1296.0,,,CANDIDATE
5.2477739,1.73e-05,-1.73e-05,8.53362,0.546246,-0.546246,6694.0,375.129,-375.129,5647.0,128.9,-128.9,1.1,0.06,-0.06,239.402,,,1095.0,,,CANDIDATE
6.8688474,4.68e-05,-4.68e-05,12.8155,,,4404.0,322.885,-322.885,6621.0,122.0,-122.0,1.98,,,854.65,,,1506.0,,,CANDIDATE
22.5012924,0.0001456,-0.0001456,5.01721,0.344562,-0.344562,3758.0,225.863,-225.863,5443.0,121.8,-121.8,0.9,0.05,-0.05,22.423,,,606.0,,,CANDIDATE
10.9835772,6.2e-05,-6.2e-05,3.69154,0.30283,-0.30283,2290.0,175.031,-175.031,5443.0,121.8,-121.8,0.9,0.05,-0.05,63.5296,,,786.0,,,CANDIDATE
0.8970559,3.1e-06,-3.1e-06,15.8462774,7.714551,-7.714551,2702.7874118,64.76678,-64.76678,5811.0,32.9,-32.9,1.84758,0.0888945,-0.0888945,11175.4143383,,,2622.3198236,,,CANDIDATE
41.4186335,0.0001542,-0.0001542,10.7342874,0.6135443,-0.6135443,5598.932235,122.04424,-122.04424,6080.7,139.3,-139.3,1.4143,0.0738995,-0.0738995,1.8987535,,,299.3897282,,,CANDIDATE
9.7831931,3.4e-05,-3.4e-05,2.5360369,3.5766933,-3.5766933,141.843959,14.746471,-14.746471,6200.93,105.169,-105.169,2.0913501,0.081407,-0.081407,643.0959721,,,1284.3656943,,,CANDIDATE
5.1494363,2.19e-05,-2.19e-05,2.76723,0.168907,-0.168907,737.0,38.1501,-38.1501,5588.0,94.7,-94.7,1.13,0.05,-0.05,478.295,,,1302.0,,,CANDIDATE
13.7252522,0.0021087,-0.0021087,20.3352568,14.115476,-14.115476,4945.7679342,207.26817,-207.26817,6104.0,126.8,-126.8,1.86397,0.0808844,-0.0808844,312.4460654,,,1072.2931079,,,FALSE POSITIVE
4.4044418,1.79e-05,-1.79e-05,4.13545,0.293244,-0.293244,1649.0,132.456,-132.456,5754.0,98.9,-98.9,1.04,0.05,-0.05,302.886,,,1162.0,,,CANDIDATE
3.8720204,6.2e-06,-6.2e-06,14.8477,0.8948,-0.8948,7202.0,216.79,-216.79,6976.0,194.4,-194.4,1.83,0.1,-0.1,1287.54,,,1668.0,,,CANDIDATE
9.8738839,0.0033383,-0.0033383,10.7705056,0.7230523,-0.7230523,4750.3264569,175.98784,-175.98784,6543.5,103.3,-103.3,1.5187401,0.0907085,-0.0907085,191.8809402,,,949.2436684,,,CANDIDATE
9.6742544,4.92e-05,-4.92e-05,11.7179,0.716075,-0.716075,2923.0,116.528,-116.528,6803.0,133.8,-133.8,2.66,0.13,-0.13,753.131,,,1459.0,,,CANDIDATE
0.6593681,1.8e-06,-1.8e-06,13.8937,2.41119,-2.41119,20252.0,17829.5,-17829.5,3421.0,157.0,-157.0,0.55,0.02,-0.02,41.406,,,706.0,,,CANDIDATE
1.4571902,2.3e-06,-2.3e-06,8.18389,,,6297.0,1275.61,-1275.61,5712.0,122.0,-122.0,0.82,,,112.285,,,906.0,,,CANDIDATE
11.9964056,7.2e-05,-7.2e-05,10.8162,0.701474,-0.701474,4821.0,261.012,-261.012,6311.0,127.7,-127.7,1.64,0.09,-0.09,203.513,,,1052.0,,,CANDIDATE
12.1228168,0.0001993,-0.0001993,10.5524,0.596611,-0.596611,6029.0,324.765,-324.765,6799.0,136.4,-136.4,1.45,0.06,-0.06,202.591,,,1051.0,,,CANDIDATE
24.7104662,0.0001089,-0.0001089,6.84115,0.394095,-0.394095,3534.0,187.127,-187.127,5876.0,124.0,-124.0,1.18,0.06,-0.06,38.4335,,,693.0,,,CANDIDATE
4.90765,0.00501,-0.00501,13.2707,,,810.0,1.91617,-1.91617,4900.0,122.0,-122.0,5.01,,,260.337,,,1119.0,,,CANDIDATE
13.7333847,8.73e-05,-8.73e-05,9.42304,0.708267,-0.708267,4741.0,441.898,-441.898,6415.0,128.2,-128.2,1.4,0.06,-0.06,17.2584,,,567.0,,,CANDIDATE
3.0758364,1.56e-05,-1.56e-05,5.09878,,,2346.0,184.143,-184.143,5745.0,122.0,-122.0,1.15,,,558.588,,,1354.0,,,CANDIDATE
2.6808268,1.49e-05,-1.49e-05,14.3489,,,6451.0,396.359,-396.359,7349.0,122.0,-122.0,2.0,,,6752.98,,,2525.0,,,CANDIDATE
1.0992893,1.9e-06,-1.9e-06,7.47037,,,6570.0,613.19,-613.19,5636.0,122.0,-122.0,0.87,,,719.668,,,1442.0,,,CANDIDATE
26.5988575,0.0001351,-0.0001351,15.707,0.929203,-0.929203,8222.0,581.662,-581.662,6685.0,134.4,-134.4,1.62,0.07,-0.07,237.562,,,1093.0,,,CANDIDATE
8.1168658,2.6e-05,-2.6e-05,10.8668,0.649529,-0.649529,7595.0,326.528,-326.528,6381.0,132.0,-132.0,1.33,0.07,-0.07,473.148,,,1299.0,,,CANDIDATE
3.6860654,8.6e-06,-8.6e-06,12.7501,0.729778,-0.729778,6642.0,244.441,-244.441,6206.0,125.7,-125.7,1.76,0.09,-0.09,902.856,,,1527.0,,,CANDIDATE
1462.2115148,1e-06,-1e-06,4.5351,0.139016,-0.139016,34206.0,343.552,-343.552,3275.0,157.0,-157.0,0.23,0.01,-0.01,0.0003419,,,37.0,,,CANDIDATE
2.9193825,2.1e-06,-2.1e-06,12.0124,0.632978,-0.632978,11876.0,518.477,-518.477,6037.0,129.4,-129.4,1.06,0.05,-0.05,213.872,,,1065.0,,,CANDIDATE
2.97638,0.00175,-0.00175,11.0372,1.52854,-1.52854,795.842,3.34883,-3.34883,6492.5,372.3,-372.3,3.56,0.44,-0.44,2695.88,,,2007.0,,,FALSE POSITIVE
750.2395535,1e-06,-1e-06,9.68778,0.417459,-0.417459,6713.0,174.371,-174.371,7459.0,134.6,-134.6,1.43,0.05,-0.05,0.0560777,,,135.0,,,CANDIDATE
6.2796518,2.26e-05,-2.26e-05,6.38573,0.497153,-0.497153,4992.0,409.751,-409.751,5159.0,125.2,-125.2,0.9,0.05,-0.05,71.742,,,810.0,,,CANDIDATE
1483.5175058,1.1e-06,-1.1e-06,17.4711,,,11723.0,213.163,-213.163,5782.0,122.0,-122.0,1.58,,,0.020302,,,105.0,,,CANDIDATE
5.2076995,8.2e-06,-8.2e-06,6.02778,0.58522,-0.58522,4315.0,738.002,-738.002,4961.0,124.4,-124.4,0.78,0.05,-0.05,17.5447,,,570.0,,,CANDIDATE
18.2457829,0.0001212,-0.0001212,3.87217,0.291601,-0.291601,3157.0,160.593,-160.593,5057.0,132.6,-132.6,0.78,0.05,-0.05,18.6783,,,579.0,,,CANDIDATE
17.0180939,5.26e-05,-5.26e-05,14.5502,,,13730.0,568.629,-568.629,5782.0,122.0,-122.0,1.26,,,49.0598,,,737.0,,,CANDIDATE
10.6332248,8.6e-06,-8.6e-06,15.9854,1.13442,-1.13442,36558.0,1269.1,-1269.1,4678.0,117.5,-117.5,0.81,0.06,-0.06,26.5909,,,632.0,,,FALSE POSITIVE
14.13519,5.93e-05,-5.93e-05,9.82212,0.872831,-0.872831,3863.0,514.667,-514.667,6466.0,124.9,-124.9,1.54,0.07,-0.07,65.1514,,,791.0,,,CANDIDATE
8.0850515,5.44e-05,-5.44e-05,3.89202,0.293038,-0.293038,1521.0,129.719,-129.719,5560.0,131.7,-131.7,1.02,0.05,-0.05,92.8495,,,864.0,,,CANDIDATE
2.917882,1.08e-05,-1.08e-05,3.08813,0.29172,-0.29172,1937.0,223.15,-223.15,4593.4,112.4,-112.4,0.67,0.05,-0.05,81.6812,,,837.0,,,CANDIDATE
0.9370901,2e-06,-2e-06,9.49947,0.571323,-0.571323,1560.0,1.84868,-1.84868,6779.0,147.4,-147.4,2.43,0.11,-0.11,3103.07,,,2079.0,,,CANDIDATE
7.842208,3.71e-05,-3.71e-05,12.3266,,,7095.0,459.6,-459.6,6428.0,122.0,-122.0,1.53,,,527.439,,,1335.0,,,CANDIDATE
7.5520411,4.62e-05,-4.62e-05,8.43121,0.568397,-0.568397,3881.0,203.389,-203.389,5936.0,125.1,-125.1,1.58,0.08,-0.08,306.311,,,1165.0,,,CANDIDATE
731.8319734,8e-07,-8e-07,12.4424,0.397706,-0.397706,46413.0,396.831,-396.831,3556.0,157.0,-157.0,0.54,0.02,-0.02,0.0015866,,,55.0,,,CANDIDATE
3.7781679,1.6e-05,-1.6e-05,11.6911,0.710894,-0.710894,5635.0,266.603,-266.603,6118.0,134.1,-134.1,1.77,0.09,-0.09,1317.34,,,1678.0,,,CANDIDATE
2.1439841,5.1e-06,-5.1e-06,16.8452,,,13382.0,841.6,-841.6,6788.0,122.0,-122.0,1.44,,,968.251,,,1554.0,,,CANDIDATE
22.5095172,9.67e-05,-9.67e-05,12.0156,,,26199.0,1084.52,-1084.52,4952.0,122.0,-122.0,0.84,,,14.3836,,,542.0,,,CANDIDATE
9.0441543,3.95e-05,-3.95e-05,10.2153,0.673387,-0.673387,25006.0,3129.93,-3129.93,3642.0,157.0,-157.0,0.57,0.02,-0.02,1.72908,,,319.0,,,CANDIDATE
4.4156851,9.5e-06,-9.5e-06,7.75741,2.13739,-2.13739,3166.0,2227.35,-2227.35,5599.0,129.2,-129.2,1.1,0.06,-0.06,143.363,,,964.0,,,CANDIDATE
4.4581792,2.5e-05,-2.5e-05,9.08219,0.580344,-0.580344,5095.0,286.041,-286.041,5973.0,131.1,-131.1,1.43,0.07,-0.07,599.933,,,1378.0,,,CANDIDATE
5.0711656,2.64e-05,-2.64e-05,15.3998,0.799926,-0.799926,5325.0,202.874,-202.874,7304.0,142.9,-142.9,2.43,0.1,-0.1,2760.2,,,2019.0,,,CANDIDATE
3.9535041,1.4e-05,-1.4e-05,13.6119,0.8431,-0.8431,6493.0,279.466,-279.466,6166.0,130.2,-130.2,1.98,0.1,-0.1,835.02,,,1497.0,,,CANDIDATE
6.8328077,1.74e-05,-1.74e-05,9.18199,,,4454.0,132.388,-132.388,5657.0,122.0,-122.0,1.45,,,410.019,,,1253.0,,,CANDIDATE
15.8951857,0.0002036,-0.0002036,11.9336,0.724781,-0.724781,40821.0,3774.98,-3774.98,3792.0,157.0,-157.0,0.57,0.02,-0.02,6.40691,,,443.0,,,CANDIDATE
13.0795854,4.75e-05,-4.75e-05,9.66071,,,12002.0,529.45,-529.45,5555.0,122.0,-122.0,0.92,,,83.886,,,843.0,,,CANDIDATE
5.267165,1.96e-05,-1.96e-05,6.02919,0.512482,-0.512482,5142.0,517.93,-517.93,4930.0,126.8,-126.8,0.8,0.05,-0.05,48.3829,,,734.0,,,CANDIDATE
18.9926881,7e-07,-7e-07,10.231,0.309282,-0.309282,223710.0,1028.65,-1028.65,3003.0,157.0,-157.0,0.21,0.01,-0.01,0.172006,,,179.0,,,CONFIRMED
5.6022404,1e-05,-1e-05,16.2862,0.851652,-0.851652,4365.0,111.973,-111.973,6237.0,130.0,-130.0,2.49,0.12,-0.12,1136.7,,,1617.0,,,CANDIDATE
37.98781,0.0002483,-0.0002483,10.1109,0.626495,-0.626495,7798.0,382.554,-382.554,5983.0,134.4,-134.4,1.29,0.06,-0.06,10.8495,,,505.0,,,CANDIDATE
21.5962209,9.13e-05,-9.13e-05,9.42089,0.568296,-0.568296,9216.0,471.384,-471.384,6012.0,129.9,-129.9,1.09,0.05,-0.05,37.4782,,,689.0,,,CANDIDATE
2.5011016,1.21e-05,-1.21e-05,15.7428,,,4644.0,425.909,-425.909,6421.0,122.0,-122.0,2.25,,,368.009,,,1220.0,,,CANDIDATE
2.4214702,5.5e-06,-5.5e-06,9.94252,0.451893,-0.451893,20899.0,1263.57,-1263.57,3642.0,157.0,-157.0,0.64,0.02,-0.02,33.5202,,,670.0,,,CANDIDATE
4.0236761,6.7e-06,-6.7e-06,16.953,0.68278,-0.68278,6216.0,139.375,-139.375,9833.0,293.9,-293.9,2.14,0.08,-0.08,9268.26,,,2733.0,,,CANDIDATE
3.8149372,1.77e-05,-1.77e-05,13.2182,,,6444.0,310.428,-310.428,5709.0,122.0,-122.0,1.89,,,963.383,,,1552.0,,,CANDIDATE
18.8392786,0.0002219,-0.0002219,10.5098,,,6440.0,703.222,-703.222,5972.0,122.0,-122.0,1.42,,,46.6035,,,727.0,,,CANDIDATE
2.6185048,4.8e-06,-4.8e-06,6.08823,0.454911,-0.454911,3523.0,338.291,-338.291,6478.0,135.0,-135.0,1.04,0.05,-0.05,235.909,,,1091.0,,,CANDIDATE
2.1978944,6.2e-06,-6.2e-06,15.7016,,,3203.0,276.96,-276.96,5147.0,122.0,-122.0,2.61,,,292.313,,,1151.0,,,CANDIDATE
10.397262,3.06e-05,-3.06e-05,13.8002,,,3143.0,89.375,-89.375,4953.5,75.8,-75.8,2.47,,,371.029,,,1222.0,,,CANDIDATE
3.9846589,6.2e-06,-6.2e-06,2.12827,0.10949,-0.10949,445.0,22.3254,-22.3254,5903.0,,,1.03,0.04,-0.04,647.901,,,1405.0,,,CONFIRMED
7.6016156,3.73e-05,-3.73e-05,19.3547,1.91447,-1.91447,2969.0,355.005,-355.005,5200.0,190.2,-190.2,3.38,0.25,-0.25,44.5994,,,719.0,,,CANDIDATE
3.581253,5.9e-06,-5.9e-06,12.2522,0.489378,-0.489378,41493.0,1793.79,-1793.79,3873.0,157.0,-157.0,0.58,0.02,-0.02,31.7588,,,661.0,,,CANDIDATE
4.7383479,1.82e-05,-1.82e-05,4.7507,1.55542,-1.55542,1843.0,1530.0,-1530.0,5109.0,130.1,-130.1,0.89,0.05,-0.05,453.403,,,1285.0,,,CANDIDATE
7.809463,6.5e-06,-6.5e-06,14.0451,0.661369,-0.661369,11239.0,135.969,-135.969,5816.0,65.7,-65.7,1.33,0.06,-0.06,214.334,,,1065.0,,,CANDIDATE
0.8515408,5e-07,-5e-07,16.072,0.914562,-0.914562,51018.0,6902.48,-6902.48,3254.0,157.0,-157.0,0.54,0.02,-0.02,37.4851,,,689.0,,,CANDIDATE
731.3548427,9e-07,-9e-07,15.334,,,19143.0,194.132,-194.132,5794.0,122.0,-122.0,1.12,,,0.0186537,,,102.0,,,CANDIDATE
14.7478214,6.57e-05,-6.57e-05,7.68311,0.649392,-0.649392,6095.0,671.389,-671.389,5167.0,122.3,-122.3,0.96,0.05,-0.05,16.3125,,,559.0,,,CANDIDATE
5.389491,2.07e-05,-2.07e-05,14.3807,0.720163,-0.720163,49190.0,3026.39,-3026.39,3493.0,157.0,-157.0,0.67,0.02,-0.02,10.8749,,,505.0,,,CANDIDATE
1484.1934287,1.1e-06,-1.1e-06,8.94439,,,13469.0,210.262,-210.262,5602.0,122.0,-122.0,0.8,,,0.002443,,,61.0,,,CANDIDATE
7.4476397,3.83e-05,-3.83e-05,2.1911,0.224523,-0.224523,1021.0,99.9684,-99.9684,4526.0,121.1,-121.1,0.73,0.06,-0.06,32.4591,,,664.0,,,CANDIDATE
0.68831,4e-05,-4e-05,21.715,5.31915,-5.31915,3983.64,236.038,-236.038,6054.0,193.0,-193.0,3.13,0.09,-0.09,21261.5,,,3364.0,,,FALSE POSITIVE
5.332805,2.84e-05,-2.84e-05,2.92256,0.347358,-0.347358,1795.0,217.842,-217.842,4189.0,123.7,-123.7,0.7,0.06,-0.06,56.7571,,,764.0,,,CANDIDATE
4.416076,2.54e-05,-2.54e-05,16.839,,,7620.0,352.415,-352.415,5186.0,122.0,-122.0,2.32,,,537.53,,,1341.0,,,CANDIDATE
5.4736892,4.8e-06,-4.8e-06,18.8155,1.03592,-1.03592,14590.0,504.026,-504.026,6229.4,130.4,-130.4,1.5,0.08,-0.08,217.531,,,1069.0,,,CANDIDATE
2.8656356,1.08e-05,-1.08e-05,11.1837,,,5530.0,267.874,-267.874,8849.0,123.0,-123.0,1.56,,,6267.38,,,2478.0,,,CANDIDATE
20.8359197,0.0001229,-0.0001229,7.56184,0.538369,-0.538369,2451.0,183.05,-183.05,6838.0,135.4,-135.4,1.71,0.07,-0.07,40.967,,,704.0,,,CANDIDATE
4.2380294,3.94e-05,-3.94e-05,6.48085,,,4699.0,379.192,-379.192,6030.0,122.0,-122.0,0.99,,,695.384,,,1430.0,,,CANDIDATE
3.6477926,2.82e-05,-2.82e-05,3.9626,0.324388,-0.324388,1747.0,161.13,-161.13,5005.4,140.4,-140.4,0.98,0.05,-0.05,252.255,,,1110.0,,,CANDIDATE
5.7180689,2.47e-05,-2.47e-05,9.5585,0.579763,-0.579763,2864.0,148.975,-148.975,6219.0,130.3,-130.3,1.83,0.09,-0.09,860.489,,,1508.0,,,CANDIDATE
2.3645949,9e-06,-9e-06,14.3865,,,5263.0,494.494,-494.494,7743.0,122.0,-122.0,2.02,,,3031.27,,,2067.0,,,CANDIDATE
1.5275639,3.1e-06,-3.1e-06,2.6103318,0.1346004,-0.1346004,2892.4227936,122.99816,-122.99816,3433.0,86.0,-86.0,0.427953,0.0127854,-0.0127854,59.3669472,,,707.9554489,,,CONFIRMED
4.5127799,1.89e-05,-1.89e-05,10.6956,,,7453.0,531.268,-531.268,5643.0,122.0,-122.0,1.25,,,316.305,,,1174.0,,,CANDIDATE
5.8991458,0.0001306,-0.0001306,1.10037,0.100661,-0.100661,275.0,23.8932,-23.8932,5419.4,138.3,-138.3,0.76,0.05,-0.05,449.719,,,1282.0,,,CANDIDATE
2.4018591,3.16e-05,-3.16e-05,10.1612,3.45898,-3.45898,655.0,1659.19,-1659.19,6071.0,128.5,-128.5,1.86,0.09,-0.09,25813.2,,,3531.0,,,FALSE POSITIVE
15.5523703,0.000124,-0.000124,3.54892,0.899163,-0.899163,723.0,371.763,-371.763,5759.0,128.6,-128.6,1.18,0.06,-0.06,861.828,,,1509.0,,,CANDIDATE
3.6249482,8.6e-06,-8.6e-06,5.1321,0.279664,-0.279664,748.0,42.0998,-42.0998,4935.7,100.9,-100.9,1.94,0.08,-0.08,332.475,,,1189.0,,,CANDIDATE
5.6177467,3.55e-05,-3.55e-05,5.60938,0.452494,-0.452494,670.0,57.1926,-57.1926,6315.0,124.3,-124.3,2.48,0.11,-0.11,233.759,,,1089.0,,,CANDIDATE
3.3779614,0.0004781,-0.0004781,14.3326751,0.9640704,-0.9640704,7198.7471125,248.2248,-248.2248,6113.0,133.074,-133.074,1.6616499,0.0947234,-0.0947234,1619.4059744,,,1617.9261106,,,CONFIRMED
1.4328255,0.0003463,-0.0003463,18.2238418,2.0446618,-2.0446618,51089.4348604,4659.986,-4659.986,4588.0,124.0,-124.0,0.817544,,,528.4147032,,,1222.8226457,,,CONFIRMED
8.5473,0.00029,-0.00029,10.3970349,1.5380366,-1.5380366,2857.1912379,257.7042,-257.7042,6619.0,130.1,-130.1,1.89911,0.0898845,-0.0898845,742.9187125,,,1331.5426262,,,CANDIDATE
6.1079575,5.13e-05,-5.13e-05,19.1369245,1.0049143,-1.0049143,14668.3220679,174.14355,-174.14355,5681.0,128.22,-128.22,1.56062,0.0801985,-0.0801985,527.4088544,,,1222.2403125,,,CANDIDATE
0.7888389,3e-07,-3e-07,16.4131054,0.778972,-0.778972,22614.8958863,93.17087,-93.17087,5568.0,,,1.0280499,0.0486734,-0.0486734,3170.9888441,,,1913.8964113,,,CONFIRMED
6.9153868,7.1e-06,-7.1e-06,15.9616,0.578038,-0.578038,5765.0,78.4733,-78.4733,6649.3,89.6,-89.6,2.05,0.07,-0.07,2475.48,,,1965.0,,,CANDIDATE
6.9593972,0.0003679,-0.0003679,9.3800527,0.5455733,-0.5455733,4826.8656037,252.26306,-252.26306,5854.0,,,1.33729,0.0659899,-0.0659899,341.0877558,,,1096.0649295,,,CONFIRMED
3.2706204,2.78e-05,-2.78e-05,13.5836554,0.7918215,-0.7918215,7558.7070106,152.95926,-152.95926,5933.0,45.2,-45.2,1.53146,0.0829172,-0.0829172,1366.8847119,,,1550.7890331,,,CANDIDATE
3.6342494,4.8e-05,-4.8e-05,4.36152,0.350518,-0.350518,380.0,37.6916,-37.6916,5829.0,135.9,-135.9,2.31,0.11,-0.11,973.329,,,1556.0,,,CANDIDATE
2.6141047,1.28e-05,-1.28e-05,3.60255,0.28185,-0.28185,695.0,58.1651,-58.1651,5650.0,132.2,-132.2,1.46,0.08,-0.08,787.265,,,1475.0,,,CANDIDATE
10.1298877,0.0001195,-0.0001195,3.76774,0.307819,-0.307819,634.0,44.8632,-44.8632,6802.0,135.6,-135.6,1.9,0.08,-0.08,371.461,,,1223.0,,,CANDIDATE
12.9623248,9.76e-05,-9.76e-05,5.94559,0.362215,-0.362215,2427.0,117.709,-117.709,5996.0,126.5,-126.5,1.39,0.07,-0.07,69.6232,,,804.0,,,CANDIDATE
12.5383316,0.0001016,-0.0001016,3.44886,0.25235,-0.25235,846.0,73.7726,-73.7726,6018.0,128.8,-128.8,1.23,0.06,-0.06,60.8025,,,777.0,,,CANDIDATE
9.5327064,4.52e-05,-4.52e-05,2.39108,0.238346,-0.238346,1177.0,111.444,-111.444,4504.0,124.6,-124.6,0.72,0.06,-0.06,22.3356,,,605.0,,,CANDIDATE
733.3796728,0.000132,-0.000132,6.17234,0.394604,-0.394604,2996.0,169.988,-169.988,5878.0,134.0,-134.0,1.22,0.06,-0.06,25.9335,,,628.0,,,CANDIDATE
0.8134733,3e-07,-3e-07,13.1118363,1.2943878,-1.2943878,25866.83474,86.57887,-86.57887,4400.0,,,0.757649,0.0747613,-0.0747613,680.8952697,,,1302.836235,,,CONFIRMED
3.1739329,7.7e-06,-7.7e-06,15.5264,,,1590.0,126.754,-126.754,4999.0,122.0,-122.0,3.95,,,68.2123,,,800.0,,,CANDIDATE
4.0947485,0.0005437,-0.0005437,17.3607607,1.0582447,-1.0582447,5981.4894009,187.53929,-187.53929,5983.0,67.1,-67.1,2.1987801,0.115779,-0.115779,2355.1265087,,,1776.737668,,,CANDIDATE
2.4053036,0.0001059,-0.0001059,19.9376761,1.1568129,-1.1568129,11063.0791519,162.92564,-162.92564,5476.0,133.643,-133.643,1.84636,0.103915,-0.103915,2283.8953939,,,1763.1481335,,,CANDIDATE
3.9854465,0.0001164,-0.0001164,16.4220671,0.7646022,-0.7646022,8800.6144816,56.21139,-56.21139,5904.0,128.9,-128.9,1.71105,0.0789799,-0.0789799,1257.4270919,,,1518.7645545,,,CANDIDATE
0.8778729,5.63e-05,-5.63e-05,6.173706,1.4169456,-1.4169456,1704.0444879,117.49211,-117.49211,6210.0,129.78,-129.78,1.46319,0.081691,-0.081691,7881.8722822,,,2403.1290748,,,CANDIDATE
7.5837846,0.0012448,-0.0012448,10.7098887,1.9151498,-1.9151498,3059.0689425,305.93555,-305.93555,6457.0,130.9,-130.9,1.89487,0.177528,-0.177528,817.5602045,,,1363.7968578,,,CANDIDATE
4.9486116,0.000596,-0.000596,10.6945832,9.698448,-9.698448,6987.092161,749.0587,-749.0587,5524.0,133.48,-133.48,0.912363,0.0493869,-0.0493869,219.1762514,,,981.3368862,,,CANDIDATE
17.4368079,0.001604,-0.001604,18.6840757,0.8924608,-0.8924608,15418.7232538,313.3618,-313.3618,6332.0,131.986,-131.986,1.47515,0.0660302,-0.0660302,155.7889305,,,901.0603895,,,CANDIDATE
5.9337178,8e-07,-8e-07,19.9345,0.645731,-0.645731,36149.0,681.855,-681.855,3322.0,157.0,-157.0,0.53,0.02,-0.02,3.66917,,,385.0,,,CANDIDATE
4.5696698,5.9e-06,-5.9e-06,13.0582928,0.6644163,-0.6644163,9861.079392,169.49892,-169.49892,6122.0,188.0,-188.0,1.28306,0.0608568,-0.0608568,616.12218,,,1270.6807784,,,CONFIRMED
10.9799801,4.24e-05,-4.24e-05,8.3173,0.537523,-0.537523,4626.0,259.193,-259.193,5754.2,110.4,-110.4,1.34,0.07,-0.07,72.3255,,,812.0,,,CANDIDATE
11.5379235,5.95e-05,-5.95e-05,3.827,0.255598,-0.255598,1405.0,106.878,-106.878,5835.0,132.7,-132.7,1.01,0.05,-0.05,90.3933,,,859.0,,,CANDIDATE
3.6462287,2.39e-05,-2.39e-05,14.2198,,,6153.0,382.797,-382.797,5707.0,122.0,-122.0,1.84,,,721.653,,,1443.0,,,CANDIDATE
8.1618477,3.81e-05,-3.81e-05,11.849,0.901241,-0.901241,4647.0,566.67,-566.67,7238.0,137.6,-137.6,1.59,0.07,-0.07,150.654,,,976.0,,,CANDIDATE
13.0953097,5.99e-05,-5.99e-05,8.3339,0.622804,-0.622804,3028.0,283.386,-283.386,6103.0,127.1,-127.1,1.54,0.07,-0.07,21.487,,,599.0,,,CANDIDATE
3.3047459,2.99e-05,-2.99e-05,4.70927,0.41593,-0.41593,1724.0,164.278,-164.278,6636.0,127.1,-127.1,1.3,0.06,-0.06,1949.35,,,1851.0,,,CANDIDATE
19.3111424,0.0001107,-0.0001107,9.91342,,,18500.0,658.202,-658.202,5850.0,125.0,-125.0,0.92,,,30.3232,,,653.0,,,CANDIDATE
729.9391752,2.83e-05,-2.83e-05,15.2287,5.88719,-5.88719,10806.0,24688.5,-24688.5,5136.9,124.5,-124.5,0.77,0.05,-0.05,7.21802,,,456.0,,,CANDIDATE
2.7543175,9.9e-06,-9.9e-06,2.11364,0.160383,-0.160383,1368.0,175.862,-175.862,3573.0,157.0,-157.0,0.54,0.02,-0.02,36.9545,,,686.0,,,CANDIDATE
3.4732477,1.52e-05,-1.52e-05,13.0505,,,6428.0,462.2,-462.2,7081.0,122.0,-122.0,1.63,,,935.315,,,1540.0,,,CANDIDATE
4.7192734,7.3e-06,-7.3e-06,7.15211,0.49726,-0.49726,1557.0,158.44,-158.44,6521.0,199.0,-199.0,1.6,0.08,-0.08,156.343,,,985.0,,,FALSE POSITIVE
10.9600975,9.33e-05,-9.33e-05,9.91407,0.680447,-0.680447,4111.0,137.195,-137.195,5586.7,126.1,-126.1,2.04,0.12,-0.12,215.895,,,1067.0,,,CANDIDATE
4.9156665,1.74e-05,-1.74e-05,5.59825,0.368736,-0.368736,2218.0,153.596,-153.596,5656.0,131.5,-131.5,1.2,0.06,-0.06,197.609,,,1044.0,,,CANDIDATE
19.6500878,9.26e-05,-9.26e-05,14.4539,1.29539,-1.29539,2605.0,201.269,-201.269,8968.0,166.7,-166.7,2.85,0.22,-0.22,64.2887,,,788.0,,,CANDIDATE
7.447404,1.34e-05,-1.34e-05,13.1669,0.647229,-0.647229,6142.0,369.246,-369.246,7936.0,141.0,-141.0,1.7,0.05,-0.05,106.276,,,894.0,,,CANDIDATE
3.6850751,1.49e-05,-1.49e-05,10.2036,0.75825,-0.75825,4456.0,401.943,-401.943,5860.0,126.4,-126.4,1.57,0.07,-0.07,214.472,,,1066.0,,,CANDIDATE
13.4364908,9.87e-05,-9.87e-05,9.8672,2.22858,-2.22858,4735.0,2061.81,-2061.81,6229.0,136.6,-136.6,1.31,0.06,-0.06,690.534,,,1428.0,,,FALSE POSITIVE
5.0953453,1.65e-05,-1.65e-05,12.0431,0.640826,-0.640826,5956.0,101.729,-101.729,6269.0,127.8,-127.8,2.34,0.11,-0.11,1011.51,,,1571.0,,,CANDIDATE
17.0116833,4.03e-05,-4.03e-05,8.55494,0.561998,-0.561998,9188.0,615.199,-615.199,5668.0,131.0,-131.0,0.91,0.05,-0.05,23.9943,,,616.0,,,CANDIDATE
1.7988855,0.0004522,-0.0004522,13.2509,0.955721,-0.955721,38230.0,4786.8,-4786.8,3458.0,157.0,-157.0,0.62,0.02,-0.02,48.1876,,,734.0,,,CANDIDATE
3.0589547,9.6e-06,-9.6e-06,17.6594,,,12864.0,375.138,-375.138,6821.0,122.0,-122.0,1.78,,,1967.9,,,1855.0,,,CANDIDATE
4.7192771,5.9e-06,-5.9e-06,9.68968,1.93768,-1.93768,2856.0,1489.33,-1489.33,5990.0,192.0,-192.0,1.42,0.07,-0.07,515.984,,,1327.0,,,CANDIDATE
7.0911739,5.93e-05,-5.93e-05,14.5208,,,8187.0,5808.9,-5808.9,5924.0,122.0,-122.0,1.37,,,1526.19,,,1741.0,,,CANDIDATE
5.7881587,6.08e-05,-6.08e-05,11.6578,,,1372.0,90.7118,-90.7118,5668.0,122.0,-122.0,3.74,,,1170.98,,,1629.0,,,CANDIDATE
9.5098954,2.7e-05,-2.7e-05,16.5009,7.67349,-7.67349,6596.0,15964.7,-15964.7,5478.0,130.8,-130.8,1.14,0.06,-0.06,50.8044,,,743.0,,,CANDIDATE
8.4325164,3.07e-05,-3.07e-05,9.45527,0.771581,-0.771581,8796.0,924.171,-924.171,5300.0,123.2,-123.2,0.98,0.05,-0.05,26.3135,,,630.0,,,CANDIDATE
2.67581,0.0005692,-0.0005692,15.7041,1.05111,-1.05111,9116.0,540.214,-540.214,6171.0,131.7,-131.7,1.66,0.09,-0.09,709.373,,,1437.0,,,CANDIDATE
7.5138657,3.88e-05,-3.88e-05,3.23033,0.260366,-0.260366,1104.0,123.894,-123.894,5139.0,123.1,-123.1,0.89,0.05,-0.05,42.4479,,,711.0,,,CANDIDATE
26.1622122,4.08e-05,-4.08e-05,10.1227,0.54761,-0.54761,6329.0,320.503,-320.503,6139.0,138.3,-138.3,1.14,0.05,-0.05,44.9857,,,721.0,,,CANDIDATE
0.9097915,1.6e-06,-1.6e-06,6.92737,0.443924,-0.443924,3698.0,283.038,-283.038,5822.0,131.1,-131.1,1.09,0.05,-0.05,1085.74,,,1599.0,,,CANDIDATE
10.8089555,4.16e-05,-4.16e-05,11.7906,0.769173,-0.769173,6392.0,451.093,-451.093,6876.0,133.9,-133.9,1.49,0.07,-0.07,95.8499,,,871.0,,,CANDIDATE
2.2059167,0.0002083,-0.0002083,1.0369208,0.3106976,-0.3106976,2594.7383621,264.6818,-264.6818,3087.0,64.0,-64.0,0.202097,0.0060383,-0.0060383,9.6425737,,,449.4361398,,,CANDIDATE
9.2897006,6.2e-06,-6.2e-06,11.4812614,0.5259388,-0.5259388,6241.2619064,60.82712,-60.82712,6055.0,,,1.41549,0.0622965,-0.0622965,327.8306693,,,1085.2558727,,,CONFIRMED
3.8030207,1.48e-05,-1.48e-05,4.18884,0.304298,-0.304298,2103.0,102.839,-102.839,5035.0,128.1,-128.1,1.01,0.06,-0.06,221.979,,,1075.0,,,CANDIDATE
32.5444769,5.27e-05,-5.27e-05,11.9952,0.573561,-0.573561,101822.0,5388.26,-5388.26,3230.0,157.0,-157.0,0.38,0.01,-0.01,0.130568,,,167.0,,,CANDIDATE
1.5840089,5.9e-06,-5.9e-06,5.90757,0.560367,-0.560367,1137.0,143.497,-143.497,5188.0,130.3,-130.3,1.72,0.1,-0.1,296.761,,,1156.0,,,CANDIDATE
5.015806,5.12e-05,-5.12e-05,14.6529,0.989942,-0.989942,4470.0,293.465,-293.465,7155.0,131.3,-131.3,2.37,0.12,-0.12,2429.4,,,1955.0,,,CANDIDATE
3.917482,9.2e-06,-9.2e-06,13.4773,1.02796,-1.02796,8397.0,355.39,-355.39,6466.0,121.3,-121.3,1.54,0.11,-0.11,511.088,,,1324.0,,,CANDIDATE
12.2981251,8.86e-05,-8.86e-05,9.70951,,,14968.0,1571.56,-1571.56,5614.0,136.0,-136.0,0.87,,,95.5652,,,871.0,,,CANDIDATE
2.5354002,5.8e-06,-5.8e-06,15.299,,,11001.0,2314.59,-2314.59,5526.0,123.0,-123.0,1.34,,,529.415,,,1336.0,,,CANDIDATE
11.1860909,4.82e-05,-4.82e-05,10.3662,0.544562,-0.544562,4416.0,169.213,-169.213,6520.0,130.0,-130.0,1.69,0.08,-0.08,353.841,,,1208.0,,,CANDIDATE
7.3144752,7.6e-06,-7.6e-06,13.336,0.911105,-0.911105,19146.0,974.887,-974.887,5137.0,129.4,-129.4,0.99,0.06,-0.06,17.6496,,,571.0,,,CANDIDATE
12.9414603,6.84e-05,-6.84e-05,10.6791,,,13164.0,841.322,-841.322,5832.0,122.0,-122.0,1.01,,,58.6863,,,771.0,,,CANDIDATE
4.0860495,2.2e-06,-2.2e-06,13.0323437,0.6635232,-0.6635232,7083.7091188,64.40354,-64.40354,6580.0,,,1.47741,0.0742387,-0.0742387,1434.7738788,,,1569.6962289,,,CONFIRMED
3.1651539,4e-06,-4e-06,14.2867,0.65901,-0.65901,8746.0,132.122,-132.122,6396.0,128.4,-128.4,1.57,0.07,-0.07,1222.01,,,1647.0,,,CANDIDATE
6.5568726,1.15e-05,-1.15e-05,12.6672,0.648967,-0.648967,8511.0,251.448,-251.448,6139.0,133.7,-133.7,1.36,0.07,-0.07,160.545,,,991.0,,,CANDIDATE
2.3207203,1.1e-06,-1.1e-06,14.0426,1.20505,-1.20505,12787.0,302.909,-302.909,4390.0,125.2,-125.2,1.2,0.1,-0.1,135.481,,,950.0,,,CANDIDATE
2.5001306,7.2e-06,-7.2e-06,17.7461,,,16650.0,1633.56,-1633.56,6158.0,122.0,-122.0,1.42,,,570.926,,,1361.0,,,CANDIDATE
25.0709977,2.63e-05,-2.63e-05,11.9941,1.18521,-1.18521,12286.0,2311.3,-2311.3,5624.0,127.6,-127.6,0.94,0.05,-0.05,13.367,,,532.0,,,CANDIDATE
3.5911377,5.5e-06,-5.5e-06,11.6235,0.64675,-0.64675,13850.0,638.063,-638.063,6094.0,128.5,-128.5,0.99,0.05,-0.05,184.928,,,1027.0,,,CANDIDATE
1.1235117,2.1e-06,-2.1e-06,12.5587,1.49714,-1.49714,48991.0,2636.39,-2636.39,3505.0,157.0,-157.0,0.58,0.07,-0.07,66.6916,,,796.0,,,CANDIDATE
4.315664,2.49e-05,-2.49e-05,8.30372,0.472239,-0.472239,3530.0,161.944,-161.944,6707.0,132.8,-132.8,1.56,0.07,-0.07,2834.56,,,2032.0,,,CANDIDATE
35.7890963,0.0011875,-0.0011875,9.2051754,0.8036091,-0.8036091,2255.7900517,121.01435,-121.01435,6218.9,128.9,-128.9,1.90288,0.0925125,-0.0925125,95.0227177,,,796.2998086,,,CANDIDATE
1.6930171,1.5e-06,-1.5e-06,16.2172,0.80647,-0.80647,10940.0,184.229,-184.229,6010.0,130.7,-130.7,1.64,0.08,-0.08,2086.88,,,1882.0,,,CANDIDATE
1.0014437,1.7e-06,-1.7e-06,4.71785,1.44458,-1.44458,416.0,795.546,-795.546,6380.0,80.0,-80.0,1.18,0.05,-0.05,28733.4,,,3627.0,,,FALSE POSITIVE
3.8647617,2.93e-05,-2.93e-05,13.7097,,,7591.0,525.895,-525.895,6119.0,122.0,-122.0,1.83,,,1263.12,,,1660.0,,,CANDIDATE
4.2807848,1.54e-05,-1.54e-05,2.8386,0.268882,-0.268882,2031.0,133.989,-133.989,4354.0,120.6,-120.6,0.69,0.06,-0.06,60.9199,,,778.0,,,CANDIDATE
37.8575614,0.000178,-0.000178,7.35774,,,5180.0,164.986,-164.986,5980.0,122.0,-122.0,1.17,,,32.4592,,,664.0,,,CANDIDATE
3.1791661,0.0008788,-0.0008788,12.9563,,,16245.0,1034.87,-1034.87,6452.0,122.0,-122.0,1.16,,,1190.1,,,1636.0,,,CANDIDATE
10.3031578,4.1e-05,-4.1e-05,11.0446,0.638045,-0.638045,3072.0,163.299,-163.299,6387.0,136.6,-136.6,2.01,0.1,-0.1,132.955,,,946.0,,,CANDIDATE
5.4863844,2.15e-05,-2.15e-05,14.247,0.746823,-0.746823,8862.0,329.092,-329.092,6498.0,129.0,-129.0,1.61,0.07,-0.07,719.754,,,1442.0,,,CANDIDATE
1.2864856,9.83e-05,-9.83e-05,14.0003,0.616245,-0.616245,104433.0,5061.15,-5061.15,3172.0,157.0,-157.0,0.45,0.01,-0.01,46.706,,,728.0,,,CANDIDATE
4.8934688,2.93e-05,-2.93e-05,15.84,1.09561,-1.09561,9659.0,902.698,-902.698,6332.0,128.2,-128.2,1.56,0.07,-0.07,975.759,,,1557.0,,,CANDIDATE
18.184189,3.78e-05,-3.78e-05,9.90639,0.625776,-0.625776,9343.0,344.459,-344.459,5265.0,125.7,-125.7,1.09,0.06,-0.06,20.0861,,,589.0,,,CONFIRMED
4.3664669,0.0014001,-0.0014001,9.52505,0.730028,-0.730028,26747.0,2379.54,-2379.54,3598.0,157.0,-157.0,0.59,0.03,-0.03,20.3906,,,592.0,,,CANDIDATE
2.5989031,6.4e-06,-6.4e-06,2.4312854,0.4014483,-0.4014483,1953.2615465,132.80658,-132.80658,3719.0,64.0,-64.0,0.512361,0.0152398,-0.0152398,48.4615319,,,672.9286739,,,CONFIRMED
4.6955986,1.22e-05,-1.22e-05,2.6626375,0.1998548,-0.1998548,1969.101717,161.41327,-161.41327,3719.0,64.0,-64.0,0.512361,0.0152398,-0.0152398,22.0222982,,,552.5039779,,,CONFIRMED
7.1024749,3.26e-05,-3.26e-05,1.9895244,0.5570875,-0.5570875,1317.715762,145.70102,-145.70102,3719.0,64.0,-64.0,0.512361,0.0152398,-0.0152398,12.6834573,,,481.3147406,,,CONFIRMED
7.7103227,4.18e-05,-4.18e-05,8.52513,,,6083.0,332.127,-332.127,6617.0,122.0,-122.0,1.2,,,410.215,,,1253.0,,,CANDIDATE
3.4714821,1.04e-05,-1.04e-05,13.2477,0.70564,-0.70564,9502.0,421.215,-421.215,6604.0,132.1,-132.1,1.41,0.06,-0.06,1049.57,,,1585.0,,,CANDIDATE
5.8778295,4.8e-05,-4.8e-05,11.2784,0.856679,-0.856679,1326.0,106.319,-106.319,5965.0,126.7,-126.7,3.34,0.17,-0.17,316.166,,,1174.0,,,CANDIDATE
6.5479496,2.48e-05,-2.48e-05,2.28629,0.163219,-0.163219,988.0,60.2363,-60.2363,4853.5,111.6,-111.6,0.73,0.04,-0.04,98.978,,,878.0,,,CANDIDATE
23.136755,0.0001229,-0.0001229,9.05398,0.432459,-0.432459,2514.0,111.521,-111.521,7723.0,141.6,-141.6,2.04,0.07,-0.07,245.088,,,1102.0,,,CANDIDATE
8.6243051,4.58e-05,-4.58e-05,16.2074,3.36431,-3.36431,9216.0,4118.18,-4118.18,7944.0,149.5,-149.5,1.47,0.06,-0.06,3083.68,,,2076.0,,,CANDIDATE
3.5171227,1.04e-05,-1.04e-05,14.6605,1.07144,-1.07144,4327.0,311.241,-311.241,6386.0,128.1,-128.1,2.16,0.13,-0.13,541.267,,,1343.0,,,CANDIDATE
4.140097,3.5e-06,-3.5e-06,16.9028,,,40878.0,762.533,-762.533,5359.0,125.0,-125.0,0.82,,,206.767,,,1056.0,,,CANDIDATE
8.0136668,2.48e-05,-2.48e-05,11.825,0.647509,-0.647509,7657.0,286.406,-286.406,5831.0,127.1,-127.1,1.4,0.07,-0.07,191.471,,,1036.0,,,CANDIDATE
4.7359232,0.0002966,-0.0002966,13.5752589,0.2115415,-0.2115415,2338.8745559,28.736029,-28.736029,5370.0,,,2.7871499,,,468.2559879,,,1186.425806,,,CONFIRMED
16.9356875,6.07e-05,-6.07e-05,3.59731,0.345185,-0.345185,2618.0,283.445,-283.445,4758.0,121.4,-121.4,0.71,0.05,-0.05,26.8131,,,633.0,,,CANDIDATE
1.9647786,0.0003361,-0.0003361,15.9566,0.934747,-0.934747,60692.0,4986.43,-4986.43,3314.0,157.0,-157.0,0.64,0.02,-0.02,39.1755,,,696.0,,,CANDIDATE
3.3421583,9.6e-06,-9.6e-06,16.3017,,,14573.0,793.71,-793.71,6022.0,122.0,-122.0,1.46,,,132.245,,,944.0,,,CANDIDATE
4.8332515,2.44e-05,-2.44e-05,14.6312,0.830921,-0.830921,5964.0,259.119,-259.119,6431.0,123.7,-123.7,2.11,0.1,-0.1,907.188,,,1528.0,,,CANDIDATE
42.7305626,0.0001799,-0.0001799,4.03815,0.279526,-0.279526,2711.0,153.955,-153.955,5247.0,128.6,-128.6,0.83,0.05,-0.05,10.2931,,,499.0,,,CANDIDATE
17.7505864,0.0002228,-0.0002228,4.72963,0.23059,-0.23059,1395.0,49.1893,-49.1893,6967.0,137.4,-137.4,1.38,0.06,-0.06,165.508,,,999.0,,,CANDIDATE
3.9963956,1.22e-05,-1.22e-05,3.52475,0.224801,-0.224801,635.0,37.2613,-37.2613,5684.0,122.6,-122.6,1.52,0.07,-0.07,736.757,,,1451.0,,,CANDIDATE
20.86399,0.0052691,-0.0052691,3.8434,0.253154,-0.253154,1040.0,74.2322,-74.2322,6153.0,129.3,-129.3,1.2,0.06,-0.06,75.5957,,,821.0,,,CANDIDATE
5.9867942,3.53e-05,-3.53e-05,10.5818,3.97592,-3.97592,1170.0,3663.68,-3663.68,6336.4,109.9,-109.9,1.37,0.06,-0.06,194.213,,,1040.0,,,CANDIDATE
14.066109,3.4e-06,-3.4e-06,21.5662738,1.115898,-1.115898,16514.0482965,111.70845,-111.70845,6157.0,194.0,-194.0,1.47641,0.0761156,-0.0761156,153.0394528,,,897.0581591,,,FALSE POSITIVE
20.3292125,8.7e-06,-8.7e-06,14.2065,0.593607,-0.593607,10524.0,166.842,-166.842,6500.6,163.2,-163.2,1.37,0.06,-0.06,162.179,,,994.0,,,CANDIDATE
30.5055627,0.0003279,-0.0003279,5.65993,0.375427,-0.375427,1773.0,146.806,-146.806,6500.6,163.2,-163.2,1.37,0.06,-0.06,221.595,,,1074.0,,,CANDIDATE
8.9965133,2.22e-05,-2.22e-05,4.26079,0.214738,-0.214738,988.0,47.2118,-47.2118,6500.6,163.2,-163.2,1.37,0.06,-0.06,160.463,,,991.0,,,CANDIDATE
5.0569708,1.5e-05,-1.5e-05,5.09264,0.286709,-0.286709,795.0,46.8359,-46.8359,5818.9,107.5,-107.5,1.8,0.08,-0.08,376.594,,,1227.0,,,CONFIRMED
3.8388774,2.56e-05,-2.56e-05,1.94873,0.152719,-0.152719,350.0,37.7777,-37.7777,5745.0,124.8,-124.8,1.01,0.05,-0.05,370.484,,,1222.0,,,CANDIDATE
9.5160627,2.66e-05,-2.66e-05,17.807,,,487.0,44.7622,-44.7622,4481.6,49.0,-49.0,8.18,,,23.0984,,,610.0,,,CANDIDATE
6.8672313,3.01e-05,-3.01e-05,2.31017,0.162042,-0.162042,732.0,50.5641,-50.5641,5564.0,130.0,-130.0,0.91,0.05,-0.05,123.542,,,928.0,,,CANDIDATE
12.9587054,8.04e-05,-8.04e-05,2.49711,0.190459,-0.190459,1007.0,69.9874,-69.9874,5564.0,130.0,-130.0,0.91,0.05,-0.05,61.6019,,,780.0,,,CANDIDATE
4.0610981,1.1e-05,-1.1e-05,2.57627,0.157206,-0.157206,558.0,33.4641,-33.4641,6193.0,126.0,-126.0,1.16,0.05,-0.05,306.57,,,1165.0,,,CANDIDATE
5.6494351,0.0001078,-0.0001078,3.74551,0.290013,-0.290013,200.0,17.4892,-17.4892,5764.0,118.0,-118.0,2.95,0.12,-0.12,730.055,,,1448.0,,,CANDIDATE
7.3120981,2.41e-05,-2.41e-05,3.45268,0.640925,-0.640925,1655.0,535.884,-535.884,5159.0,129.9,-129.9,0.8,0.05,-0.05,58.7812,,,771.0,,,CANDIDATE
2.9852193,4.79e-05,-4.79e-05,17.0487122,0.7939886,-0.7939886,12776.05708,98.83282,-98.83282,6116.0,128.268,-128.268,1.48347,0.0674397,-0.0674397,1524.9617185,,,1593.8024312,,,CANDIDATE
10.5789534,0.0002139,-0.0002139,3.0009044,1.8854746,-1.8854746,1530.5878174,135.24345,-135.24345,5164.0,121.718,-121.718,0.765045,0.0448845,-0.0448845,45.8125278,,,663.5380216,,,CANDIDATE
0.2939493,3.9e-06,-3.9e-06,0.9372852,0.4824169,-0.4824169,746.4231884,39.061657,-39.061657,3359.0,157.0,-157.0,0.33188,0.0099053,-0.0099053,363.4366793,,,1113.594144,,,CANDIDATE
735.797917,0.0059146,-0.0059146,2.7674128,1.4511145,-1.4511145,479.47449,39.119133,-39.119133,5972.63,145.705,-145.705,1.24541,0.0684874,-0.0684874,0.6531366,,,229.2824174,,,CANDIDATE
718.652003,0.0115528,-0.0115528,3.447372,0.2571751,-0.2571751,479.4666113,36.37981,-36.37981,6002.0,124.798,-124.798,1.3949,0.0657286,-0.0657286,0.8549995,,,245.2512392,,,CANDIDATE
731.9966539,5.77e-05,-5.77e-05,10.6774533,0.8291878,-0.8291878,16102.9689949,432.6514,-432.6514,4722.0,127.053,-127.053,0.756773,0.0555528,-0.0555528,9.8437073,,,451.7617145,,,CANDIDATE
1.6289322,3.8e-06,-3.8e-06,1.2145664,0.1581887,-0.1581887,2512.1192447,97.33358,-97.33358,3202.0,,,0.226407,0.0069743,-0.0069743,20.9593189,,,545.7126746,,,CONFIRMED
19.7468103,0.0001111,-0.0001111,2.6201221,0.1982762,-0.1982762,276.3656087,26.241314,-26.241314,6439.2,109.086,-109.086,1.4073499,0.0554572,-0.0554572,125.152068,,,853.059369,,,CANDIDATE
22.6957088,7.61e-05,-7.61e-05,2.2731788,0.9361733,-0.9361733,309.0178416,23.955965,-23.955965,5988.0,116.407,-116.407,1.2555,0.0558543,-0.0558543,69.1573302,,,735.4942881,,,CANDIDATE
5.4496736,0.004653,-0.004653,8.32098,3.71894,-3.71894,917.0,2058.33,-2058.33,6760.0,134.7,-134.7,1.57,0.08,-0.08,2.08998,,,334.0,,,CANDIDATE
3.4268387,0.0007639,-0.0007639,2.12571,0.207657,-0.207657,844.0,83.9987,-83.9987,4794.0,126.8,-126.8,0.77,0.06,-0.06,94.0962,,,867.0,,,CANDIDATE
2.3170053,0.0002089,-0.0002089,4.4811227,0.8521317,-0.8521317,1719.0971731,133.29292,-133.29292,5542.0,,,1.0432,,,739.5821823,,,1330.0450754,,,CANDIDATE
4.3816966,0.0014515,-0.0014515,10.8739335,1.0668893,-1.0668893,2801.3182472,254.27385,-254.27385,6875.0,135.357,-135.357,1.99491,0.110874,-0.110874,2221.0308758,,,1750.8881304,,,CANDIDATE
3.7783401,0.0001395,-0.0001395,13.8305377,0.7528685,-0.7528685,24582.4117134,220.33632,-220.33632,5443.0,125.717,-125.717,0.863922,0.0462512,-0.0462512,269.1657299,,,1033.0579657,,,CONFIRMED
4.243624,0.0011236,-0.0011236,5.7584838,0.3222442,-0.3222442,2634.0168857,153.88577,-153.88577,5372.0,,,1.0,,,283.2736399,,,1046.3362951,,,CANDIDATE
3.8568001,0.0005007,-0.0005007,12.9539382,1.4774289,-1.4774289,23589.8587425,1684.1556,-1684.1556,5009.0,122.0,-122.0,0.849464,,,198.7022717,,,957.5698373,,,CANDIDATE
2.7086444,7.7e-05,-7.7e-05,13.966554,0.3519328,-0.3519328,25164.5811952,515.22485,-515.22485,4848.0,122.0,-122.0,0.851167,,,289.816123,,,1052.3262047,,,CANDIDATE
10.7715898,0.0090391,-0.0090391,4.1568836,0.3818526,-0.3818526,947.4340655,100.32729,-100.32729,6055.0,133.355,-133.355,1.1335599,0.0530502,-0.0530502,156.3812767,,,901.9156818,,,CANDIDATE
4.1661265,8.64e-05,-8.64e-05,14.5365629,0.6942914,-0.6942914,15441.3606576,77.218185,-77.218185,5883.0,133.8,-133.8,1.15599,0.0548743,-0.0548743,533.3427629,,,1225.6637768,,,CONFIRMED
3.4414188,0.0003794,-0.0003794,12.4943419,0.8161452,-0.8161452,7380.9342568,265.4622,-265.4622,5965.0,129.887,-129.887,1.43051,0.0689849,-0.0689849,1100.0792751,,,1468.8442425,,,CANDIDATE
4.9594992,0.0003679,-0.0003679,4.6274347,0.9581246,-0.9581246,2778.737264,176.65495,-176.65495,4900.0,123.171,-123.171,0.881258,0.0576381,-0.0576381,143.5315288,,,882.7883176,,,CANDIDATE
4.1287427,0.0004288,-0.0004288,12.0296829,0.8989307,-0.8989307,12670.8512175,479.27368,-479.27368,5377.0,132.736,-132.736,1.06754,0.0600302,-0.0600302,352.7366563,,,1105.3056703,,,CANDIDATE
3.9451359,1.77e-05,-1.77e-05,2.51666,0.161931,-0.161931,841.0,51.9043,-51.9043,5581.9,76.0,-76.0,0.99,0.04,-0.04,286.87,,,1146.0,,,CONFIRMED
761.7092276,0.0124641,-0.0124641,2.5578976,1.0798749,-1.0798749,545.0105734,72.50472,-72.50472,5599.17,101.967,-101.967,1.06775,0.0476885,-0.0476885,0.378931,,,200.1058511,,,CANDIDATE
904.5347981,0.0110199,-0.0110199,2.7306626,0.424075,-0.424075,603.0604952,58.14164,-58.14164,5599.17,101.967,-101.967,1.06775,0.0476885,-0.0476885,0.7593093,,,238.0808322,,,CANDIDATE
2.9932591,0.000284,-0.000284,11.8414052,0.6593136,-0.6593136,3363.9691586,134.62326,-134.62326,6106.0,127.175,-127.175,1.9654,0.0901207,-0.0901207,2649.7622197,,,1829.8752178,,,FALSE POSITIVE
3.9759251,0.0005895,-0.0005895,13.4485221,0.8359397,-0.8359397,31337.4687251,1575.3396,-1575.3396,4693.0,122.0,-122.0,0.769415,,,129.0515238,,,859.627962,,,CANDIDATE
3.6859958,0.0001092,-0.0001092,23.322957,1.1153463,-1.1153463,12982.7214564,98.250656,-98.250656,6731.3,104.611,-104.611,1.99719,0.0947186,-0.0947186,2647.6896261,,,1829.5172894,,,FALSE POSITIVE
5.322002,0.0069556,-0.0069556,3.84201,1.71526,-1.71526,955.0,1895.49,-1895.49,4716.0,125.4,-125.4,0.75,0.05,-0.05,150.91,,,976.0,,,CANDIDATE
0.579398,0.000108,-0.000108,5.759676,9.940321,-9.940321,1324.07712,130.15393,-130.15393,5688.0,188.0,-188.0,0.950534,0.137621,-0.137621,4535.9180848,,,2093.0810718,,,FALSE POSITIVE
15.5177539,0.0003973,-0.0003973,9.4825825,5.5894985,-5.5894985,3717.3165127,303.62772,-303.62772,6314.93,123.047,-123.047,1.49694,0.0735176,-0.0735176,186.3932704,,,942.3827039,,,CANDIDATE
10.018102,0.000222,-0.000222,12.3167818,8.193717,-8.193717,1791.2124346,167.6255,-167.6255,6697.0,750.5,-750.5,2.0266299,0.144699,-0.144699,703.2874741,,,1313.4180191,,,CANDIDATE
2.1874712,2.53e-05,-2.53e-05,3.3333783,5.065144,-5.065144,768.888544,84.39884,-84.39884,4454.0,122.71,-122.71,0.698505,0.0561809,-0.0561809,200.423599,,,959.6369543,,,CANDIDATE
49.6178223,0.0007248,-0.0007248,2.4730956,0.5435398,-0.5435398,88.0818849,10.856347,-10.856347,5494.7,106.726,-106.726,2.46205,0.118015,-0.118015,72.767119,,,744.9095545,,,CANDIDATE
6.8275101,5.3e-05,-5.3e-05,5.0896772,1.4430873,-1.4430873,1559.4770206,312.3269,-312.3269,5780.0,,,1.0,,,201.3753096,,,960.7741393,,,CANDIDATE
8.4457042,1.35e-05,-1.35e-05,21.1100738,1.1485826,-1.1485826,3848.7179165,168.89085,-168.89085,6392.0,197.0,-197.0,2.8927801,0.131065,-0.131065,1720.4138176,,,1642.5854822,,,CANDIDATE
7.5757446,1.56e-05,-1.56e-05,12.6097244,0.6699068,-0.6699068,3661.6696028,225.92989,-225.92989,8044.0,220.0,-220.0,1.89254,0.0668945,-0.0668945,1238.973852,,,1513.1615068,,,CANDIDATE
3.8347282,0.0001004,-0.0001004,5.6648123,0.8537602,-0.8537602,1112.3388758,76.01109,-76.01109,6088.34,121.152,-121.152,1.58202,0.0733417,-0.0733417,1226.7862371,,,1509.4265104,,,CANDIDATE
4.2290856,1.14e-05,-1.14e-05,1.915198,0.1754237,-0.1754237,2605.430842,309.7241,-309.7241,3264.0,157.0,-157.0,0.320782,0.0096852,-0.0096852,8.895495,,,440.4658878,,,CANDIDATE
2.3477336,1.22e-05,-1.22e-05,1.0903541,0.3440043,-0.3440043,182.9434914,22.964375,-22.964375,4799.0,138.811,-138.811,0.678033,0.0523719,-0.0523719,215.4979378,,,977.1934094,,,CANDIDATE
2.067123,1.08e-05,-1.08e-05,1.5139896,1.649357,-1.649357,394.2384169,47.86435,-47.86435,5113.3,93.1,-93.1,0.758633,0.0441809,-0.0441809,381.7544649,,,1127.3682012,,,CANDIDATE
10.3469945,4.87e-05,-4.87e-05,1.0318727,1.1519709,-1.1519709,1601.254739,228.65567,-228.65567,3278.0,157.0,-157.0,0.256167,0.0077044,-0.0077044,2.106641,,,307.2680329,,,FALSE POSITIVE
1.8987896,1.08e-05,-1.08e-05,2.2042465,2.741955,-2.741955,98.2034719,13.722937,-13.722937,6016.28,114.525,-114.525,2.17401,0.0935806,-0.0935806,5729.7476128,,,2218.9811995,,,CANDIDATE
2.1538049,1.14e-05,-1.14e-05,0.8814471,0.9638614,-0.9638614,137.9312313,18.352444,-18.352444,4944.24,103.209,-103.209,0.757603,0.0405226,-0.0405226,331.6009868,,,1088.3628347,,,CANDIDATE
2.8618782,0.0002213,-0.0002213,3.9033641,1.8246257,-1.8246257,2450.9899956,222.75552,-222.75552,4743.0,121.631,-121.631,0.793587,0.0548744,-0.0548744,220.0858555,,,982.3534679,,,CANDIDATE
4.718569,1.56e-05,-1.56e-05,1.0102426,0.5145737,-0.5145737,1734.8673947,259.83228,-259.83228,3190.0,157.0,-157.0,0.226654,0.0068166,-0.0068166,4.6540316,,,374.6080294,,,CANDIDATE
0.4707476,1.26e-05,-1.26e-05,1.852907,0.4036643,-0.4036643,5060.8335277,976.0742,-976.0742,3254.0,157.0,-157.0,0.219973,0.0068233,-0.0068233,105.0615662,,,816.5461157,,,CANDIDATE
2.9532145,0.0001833,-0.0001833,10.2396383,0.5802691,-0.5802691,3110.6890792,120.34025,-120.34025,5483.2,5499.6,-5499.6,1.68056,0.0793718,-0.0793718,1856.624045,,,1674.1745752,,,CANDIDATE
2.1764875,0.0001625,-0.0001625,14.184839,0.9122347,-0.9122347,8114.6829556,223.31345,-223.31345,5646.0,132.236,-132.236,1.56233,0.0886432,-0.0886432,2054.7956073,,,1717.1645208,,,CONFIRMED
3.6335834,1.9e-06,-1.9e-06,5.1614854,0.2219904,-0.2219904,8668.4420489,128.4311,-128.4311,3765.0,65.0,-65.0,0.544068,0.016274,-0.016274,33.4741636,,,613.4754434,,,CONFIRMED
4.1470359,0.0010062,-0.0010062,8.6285404,1.2575701,-1.2575701,12886.987991,874.01807,-874.01807,4247.0,122.0,-122.0,0.775548,,,90.5320647,,,786.7202987,,,CONFIRMED
4.6086414,0.0008055,-0.0008055,17.9837961,0.6833645,-0.6833645,27081.6985753,1321.7114,-1321.7114,5693.0,126.0,-126.0,1.08355,,,373.2657632,,,1121.0482082,,,CANDIDATE
3.9613114,0.0001568,-0.0001568,9.2319785,0.4656645,-0.4656645,15578.1136873,395.1928,-395.1928,5221.0,122.0,-122.0,0.741696,,,164.6967384,,,913.6734375,,,CANDIDATE
3.4852362,0.00017,-0.00017,12.6093335,0.559151,-0.559151,14856.89726,437.0831,-437.0831,5728.0,122.0,-122.0,1.02553,,,494.0825841,,,1202.4572246,,,CANDIDATE
42.8614655,0.0007446,-0.0007446,4.13549,0.296934,-0.296934,908.0,59.6776,-59.6776,5703.4,110.7,-110.7,1.61,0.08,-0.08,24.431,,,619.0,,,CANDIDATE
14.2456603,4.1e-05,-4.1e-05,3.68209,1.04832,-1.04832,1084.0,1077.19,-1077.19,4760.0,126.0,-126.0,0.76,0.05,-0.05,180.487,,,1021.0,,,CONFIRMED
15.3471548,7.87e-05,-7.87e-05,2.53444,0.165205,-0.165205,946.0,53.4291,-53.4291,5791.0,125.8,-125.8,0.92,0.05,-0.05,48.0518,,,733.0,,,CANDIDATE
24.9636551,0.0002325,-0.0002325,4.53167,0.290342,-0.290342,461.0,22.3421,-22.3421,6388.0,134.59,-134.59,2.61,0.12,-0.12,58.006,,,768.0,,,CANDIDATE
7.8374554,4.75e-05,-4.75e-05,2.26966,0.1511,-0.1511,188.0,12.4418,-12.4418,6289.7,108.2,-108.2,1.86,0.08,-0.08,467.43,,,1295.0,,,CANDIDATE
3.8638303,4.56e-05,-4.56e-05,1.80822,0.205362,-0.205362,109.0,16.3434,-16.3434,6289.7,108.2,-108.2,1.86,0.08,-0.08,795.693,,,1479.0,,,CANDIDATE
10.5426254,6.4e-06,-6.4e-06,22.0104106,1.0512202,-1.0512202,16789.8076116,129.46811,-129.46811,6114.0,194.0,-194.0,1.65817,0.0783919,-0.0783919,437.1833461,,,1166.233875,,,FALSE POSITIVE
4.3934744,0.0005958,-0.0005958,10.511208,0.7905655,-0.7905655,11541.7099365,425.83148,-425.83148,5349.0,5599.1,-5599.1,0.977886,0.055402,-0.055402,270.8235342,,,1034.6449679,,,CANDIDATE
1.631858,0.000314,-0.000314,11.400179,0.8355213,-0.8355213,17812.0219789,1240.3127,-1240.3127,4778.0,123.0,-123.0,0.805143,,,489.1342881,,,1199.4351627,,,CANDIDATE
1.3003394,0.0001491,-0.0001491,12.0407,0.524914,-0.524914,38320.0,2233.9,-2233.9,3658.0,157.0,-157.0,0.58,0.02,-0.02,99.5651,,,880.0,,,CANDIDATE
3.2529571,1.78e-05,-1.78e-05,15.5894,1.02278,-1.02278,6055.0,351.813,-351.813,6623.0,134.4,-134.4,2.21,0.11,-0.11,3031.39,,,2067.0,,,CANDIDATE
4.6068687,1.43e-05,-1.43e-05,12.7334,,,15647.0,686.864,-686.864,5917.0,122.0,-122.0,1.08,,,379.623,,,1229.0,,,CANDIDATE
3.3357969,7e-06,-7e-06,11.1895,0.795607,-0.795607,5024.0,453.35,-453.35,6517.0,129.1,-129.1,1.5,0.08,-0.08,304.514,,,1163.0,,,CANDIDATE
2.9879341,0.0007201,-0.0007201,11.6667,,,14088.0,984.535,-984.535,5315.0,122.0,-122.0,0.96,,,346.683,,,1202.0,,,CANDIDATE
2.8475582,5.7e-06,-5.7e-06,16.2689,,,12974.0,1023.76,-1023.76,6372.0,122.0,-122.0,1.36,,,1724.51,,,1795.0,,,CANDIDATE
3.6234424,2.52e-05,-2.52e-05,9.13018,0.712416,-0.712416,3332.0,189.772,-189.772,5815.0,130.7,-130.7,1.95,0.11,-0.11,1323.23,,,1680.0,,,CANDIDATE
4.6588405,5.5e-06,-5.5e-06,10.0709,0.849176,-0.849176,12845.0,1074.33,-1074.33,4768.0,132.2,-132.2,0.83,0.06,-0.06,37.2212,,,688.0,,,CANDIDATE
1.9771658,9e-07,-9e-07,5.2706003,0.1707104,-0.1707104,13877.3059698,134.98889,-134.98889,3467.0,64.0,-64.0,0.421944,0.0125279,-0.0125279,40.7227689,,,644.2865637,,,CONFIRMED
3.3505941,1.5e-05,-1.5e-05,11.4279,,,8973.0,500.264,-500.264,5579.0,122.0,-122.0,1.35,,,723.955,,,1445.0,,,CANDIDATE
5.0061978,2.19e-05,-2.19e-05,12.4847,0.864156,-0.864156,6438.0,585.291,-585.291,6713.0,136.4,-136.4,1.55,0.07,-0.07,1188.71,,,1635.0,,,FALSE POSITIVE
8.1678648,5.81e-05,-5.81e-05,10.7664,,,4097.0,299.001,-299.001,5859.0,122.0,-122.0,1.74,,,297.977,,,1157.0,,,CANDIDATE
5.9097139,1.85e-05,-1.85e-05,18.7334,1.48739,-1.48739,8420.0,237.592,-237.592,6508.0,134.8,-134.8,2.14,0.17,-0.17,1061.42,,,1590.0,,,CANDIDATE
0.8674623,2.1e-06,-2.1e-06,12.8076,,,5547.0,353.707,-353.707,6470.0,122.0,-122.0,1.72,,,3424.09,,,2131.0,,,CANDIDATE
5.2452852,5.3e-05,-5.3e-05,11.9863,0.829681,-0.829681,5568.0,298.724,-298.724,5928.0,128.5,-128.5,1.93,0.1,-0.1,793.304,,,1478.0,,,CANDIDATE
1.20306,1.5e-06,-1.5e-06,12.8325,,,14933.0,1750.95,-1750.95,4204.0,122.0,-122.0,0.97,,,196.591,,,1043.0,,,CANDIDATE
0.7025922,1.2e-06,-1.2e-06,5.49838,0.503029,-0.503029,1740.0,251.434,-251.434,5875.0,130.0,-130.0,1.24,0.06,-0.06,1003.46,,,1567.0,,,CANDIDATE
4.5932835,2.48e-05,-2.48e-05,11.9834,,,7417.0,539.425,-539.425,5988.0,122.0,-122.0,1.41,,,420.855,,,1261.0,,,CANDIDATE
8.6121286,4.62e-05,-4.62e-05,12.0872,0.644374,-0.644374,4777.0,236.478,-236.478,7929.0,140.5,-140.5,1.89,0.08,-0.08,620.245,,,1390.0,,,CANDIDATE
4.1780637,7e-07,-7e-07,14.6952606,0.649172,-0.649172,11478.1087015,41.066257,-41.066257,5620.0,,,1.34736,0.0593367,-0.0593367,703.9710193,,,1313.73704,,,CONFIRMED
2.5950111,2.17e-05,-2.17e-05,10.8614,0.716671,-0.716671,28870.0,2723.4,-2723.4,3875.0,157.0,-157.0,0.64,0.02,-0.02,131.825,,,943.0,,,FALSE POSITIVE
2.9419791,8e-06,-8e-06,15.3905,0.766404,-0.766404,14460.0,534.42,-534.42,7277.0,135.5,-135.5,1.42,0.06,-0.06,2295.26,,,1928.0,,,CANDIDATE
11.3648628,4.96e-05,-4.96e-05,9.30846,0.601793,-0.601793,4113.0,239.597,-239.597,6128.0,126.4,-126.4,1.51,0.08,-0.08,140.925,,,959.0,,,CANDIDATE
1.0169814,1.8e-06,-1.8e-06,12.1981,,,7976.0,388.859,-388.859,5616.0,122.0,-122.0,1.43,,,3568.91,,,2153.0,,,CANDIDATE
1.9943104,1.01e-05,-1.01e-05,17.6537,,,10353.0,865.31,-865.31,7247.0,122.0,-122.0,1.69,,,5032.19,,,2346.0,,,CANDIDATE
5.7585993,1.84e-05,-1.84e-05,11.2259,,,13636.0,689.844,-689.844,5090.0,122.0,-122.0,0.99,,,90.7886,,,859.0,,,CANDIDATE
4.9354155,2.06e-05,-2.06e-05,16.6116,,,12554.0,595.693,-595.693,6500.0,122.0,-122.0,1.63,,,985.669,,,1560.0,,,CANDIDATE
3.5193417,2.65e-05,-2.65e-05,14.4544,,,6522.0,3151.44,-3151.44,5620.0,122.0,-122.0,1.51,,,4716.78,,,2308.0,,,CANDIDATE
12.6136992,6.61e-05,-6.61e-05,2.58082,0.151734,-0.151734,2172.0,180.487,-180.487,3719.0,157.0,-157.0,0.56,0.02,-0.02,6.2521,,,440.0,,,CANDIDATE
1.318678,3.8e-06,-3.8e-06,10.1378,,,11891.0,904.445,-904.445,5764.0,123.0,-123.0,0.99,,,1295.34,,,1671.0,,,CANDIDATE
2.1503007,4.5e-06,-4.5e-06,14.1253056,1.6035311,-1.6035311,9260.8973045,975.6809,-975.6809,5430.0,185.0,-185.0,1.23206,,,1201.7050633,,,1501.6517354,,,CANDIDATE
5.2820398,3.68e-05,-3.68e-05,9.84673,,,12532.0,695.292,-695.292,5415.0,122.0,-122.0,1.05,,,151.287,,,977.0,,,CANDIDATE
4.3430254,3.65e-05,-3.65e-05,13.5998,1.23064,-1.23064,11142.0,1068.47,-1068.47,6594.0,138.7,-138.7,1.47,0.07,-0.07,2176.55,,,1902.0,,,CANDIDATE
5.1778752,3.12e-05,-3.12e-05,11.9282,0.798514,-0.798514,29835.0,3164.12,-3164.12,3599.0,157.0,-157.0,0.66,0.02,-0.02,10.2294,,,498.0,,,CANDIDATE
2.4519381,5.9e-06,-5.9e-06,17.3192,,,11446.0,489.38,-489.38,7085.0,122.0,-122.0,1.67,,,2027.97,,,1869.0,,,CANDIDATE
2.8562935,0.0007996,-0.0007996,18.1559,1.1235,-1.1235,22525.0,1064.27,-1064.27,6383.0,130.5,-130.5,1.32,0.07,-0.07,1721.84,,,1794.0,,,FALSE POSITIVE
2.7967251,7.9e-06,-7.9e-06,19.3726,1.55209,-1.55209,5786.0,373.638,-373.638,7566.0,144.7,-144.7,2.61,0.18,-0.18,724.258,,,1445.0,,,CANDIDATE
2.2104947,5.8e-06,-5.8e-06,13.6352,0.75158,-0.75158,7893.0,217.901,-217.901,5421.0,128.4,-128.4,1.58,0.08,-0.08,944.765,,,1544.0,,,CANDIDATE
2.3519086,2.8e-06,-2.8e-06,18.0511,1.01501,-1.01501,16808.0,796.966,-796.966,6026.0,135.0,-135.0,1.37,0.07,-0.07,287.189,,,1146.0,,,CANDIDATE
4.8741147,1.3e-05,-1.3e-05,14.8251,1.03849,-1.03849,4613.0,294.589,-294.589,6085.0,129.1,-129.1,2.11,0.13,-0.13,161.07,,,992.0,,,FALSE POSITIVE
5.6858804,1.63e-05,-1.63e-05,13.193,0.790849,-0.790849,10855.0,336.325,-336.325,5492.0,131.6,-131.6,1.41,0.08,-0.08,303.245,,,1162.0,,,CANDIDATE
11.2365977,5.2e-06,-5.2e-06,13.0203,0.601669,-0.601669,9414.0,155.639,-155.639,6446.0,198.0,-198.0,1.29,0.06,-0.06,37.6345,,,690.0,,,CONFIRMED
14.6768874,3.89e-05,-3.89e-05,9.65258,,,15152.0,693.784,-693.784,5230.0,122.0,-122.0,0.77,,,14.0749,,,539.0,,,CANDIDATE
6.8552506,1.63e-05,-1.63e-05,11.7073,0.842989,-0.842989,4540.0,151.8,-151.8,6847.0,135.5,-135.5,1.96,0.13,-0.13,390.089,,,1238.0,,,CANDIDATE
3.940549,1.23e-05,-1.23e-05,7.73812,0.480188,-0.480188,3700.0,131.906,-131.906,5493.0,129.6,-129.6,1.5,0.08,-0.08,566.891,,,1359.0,,,CANDIDATE
3.272056,1.28e-05,-1.28e-05,10.5823,,,7709.0,367.391,-367.391,5668.0,122.0,-122.0,1.39,,,729.82,,,1448.0,,,CANDIDATE
4.5833112,1.22e-05,-1.22e-05,9.62957,0.612982,-0.612982,4988.0,314.079,-314.079,5853.0,130.6,-130.6,1.39,0.07,-0.07,211.784,,,1062.0,,,CANDIDATE
0.5940157,2e-06,-2e-06,7.9118,,,4094.0,595.431,-595.431,5663.0,122.0,-122.0,1.17,,,2266.94,,,1922.0,,,CANDIDATE
1.9519092,0.0002114,-0.0002114,10.4769,0.622606,-0.622606,31413.0,3029.65,-3029.65,3498.0,157.0,-157.0,0.55,0.02,-0.02,26.7043,,,633.0,,,CANDIDATE
3.3615701,4.1e-06,-4.1e-06,16.5271,0.936615,-0.936615,6992.0,147.717,-147.717,6258.0,151.9,-151.9,1.9,0.11,-0.11,1734.68,,,1797.0,,,CANDIDATE
3.9718475,1.03e-05,-1.03e-05,8.29625,0.588237,-0.588237,5487.0,470.052,-470.052,6064.0,129.7,-129.7,1.12,0.05,-0.05,73.227,,,814.0,,,CANDIDATE
1.3504913,8e-07,-8e-07,8.65039,0.56988,-0.56988,9835.0,252.057,-252.057,4858.0,123.6,-123.6,0.82,0.05,-0.05,467.938,,,1295.0,,,CANDIDATE
11.3298459,3.66e-05,-3.66e-05,3.4134506,0.2777056,-0.2777056,821.128478,39.959164,-39.959164,5624.0,187.0,-187.0,1.057,0.0536432,-0.0536432,100.7059307,,,807.9481883,,,CANDIDATE
13.4570562,3.36e-05,-3.36e-05,10.2486,,,11282.0,429.781,-429.781,5771.0,5729.2,-5729.2,1.06,,,68.9842,,,802.0,,,CANDIDATE
2.7638775,6.2e-06,-6.2e-06,11.9271,,,7451.0,626.394,-626.394,6155.0,122.0,-122.0,1.35,,,392.882,,,1240.0,,,CANDIDATE
1.7278017,2.4e-06,-2.4e-06,17.158,,,17825.0,462.711,-462.711,6460.0,122.0,-122.0,1.38,,,2610.88,,,1991.0,,,CANDIDATE
6.0368213,0.0007114,-0.0007114,13.3128,0.450885,-0.450885,108361.0,2266.32,-2266.32,3445.0,157.0,-157.0,0.41,0.01,-0.01,6.47065,,,444.0,,,CANDIDATE
3.1539313,0.0009585,-0.0009585,15.5528,,,14772.0,492.545,-492.545,6610.0,122.0,-122.0,1.7,,,1995.19,,,1861.0,,,CANDIDATE
16.2501976,0.0001066,-0.0001066,8.04744,0.472063,-0.472063,2930.0,140.085,-140.085,6177.0,129.9,-129.9,1.58,0.08,-0.08,221.883,,,1075.0,,,CANDIDATE
2.7142282,3.1e-06,-3.1e-06,17.7291,,,23021.0,639.375,-639.375,6063.0,123.0,-123.0,1.15,,,1203.77,,,1640.0,,,CANDIDATE
2.9588636,1.8e-06,-1.8e-06,16.201,0.855484,-0.855484,8605.0,136.0,-136.0,6405.0,134.3,-134.3,1.74,0.09,-0.09,1385.73,,,1699.0,,,CANDIDATE
24.092358,7.91e-05,-7.91e-05,12.4646,,,14405.0,701.532,-701.532,5388.0,122.0,-122.0,1.06,,,13.3603,,,532.0,,,CANDIDATE
4.2221583,1.28e-05,-1.28e-05,7.93123,0.489115,-0.489115,7098.0,362.438,-362.438,5589.8,113.6,-113.6,1.02,0.05,-0.05,307.857,,,1166.0,,,CANDIDATE
11.1755425,5.7e-06,-5.7e-06,17.5706,0.834302,-0.834302,7873.0,77.9054,-77.9054,6655.0,83.0,-83.0,1.91,0.09,-0.09,294.91,,,1154.0,,,FALSE POSITIVE
6.1030299,0.0011084,-0.0011084,16.3974,0.846722,-0.846722,13335.0,493.208,-493.208,6057.0,131.8,-131.8,1.41,0.07,-0.07,296.944,,,1156.0,,,CANDIDATE
18.8224069,4.51e-05,-4.51e-05,12.5063,0.922925,-0.922925,13388.0,1103.79,-1103.79,5661.0,130.4,-130.4,1.1,0.06,-0.06,6.33598,,,441.0,,,CANDIDATE
7.9605908,2.54e-05,-2.54e-05,5.94344,0.398601,-0.398601,6040.0,261.968,-261.968,5081.5,114.7,-114.7,0.85,0.05,-0.05,70.4881,,,807.0,,,CANDIDATE
6.5516113,8.1e-06,-8.1e-06,7.01051,0.763343,-0.763343,6717.0,970.991,-970.991,4841.8,162.2,-162.2,0.73,0.06,-0.06,7.09349,,,454.0,,,CANDIDATE
7.3099457,3.83e-05,-3.83e-05,12.4526,0.792995,-0.792995,4484.0,166.11,-166.11,6391.0,129.5,-129.5,2.38,0.12,-0.12,906.064,,,1528.0,,,CANDIDATE
2.1250402,5.5e-06,-5.5e-06,12.6314,,,8318.0,371.482,-371.482,5355.0,122.0,-122.0,1.51,,,979.454,,,1558.0,,,CANDIDATE
3.7871416,1.42e-05,-1.42e-05,8.91723,,,6722.0,390.856,-390.856,5594.0,122.0,-122.0,1.19,,,491.943,,,1312.0,,,CANDIDATE
22.3751134,2.03e-05,-2.03e-05,12.8125,0.589731,-0.589731,6829.0,67.17,-67.17,6477.7,255.7,-255.7,1.47,0.07,-0.07,335.493,,,1192.0,,,CANDIDATE
0.664786,1.3e-06,-1.3e-06,5.36785,0.492051,-0.492051,1215.0,205.726,-205.726,6333.0,134.6,-134.6,1.35,0.06,-0.06,1137.76,,,1618.0,,,CANDIDATE
4.1518071,1.88e-05,-1.88e-05,10.2109,0.694609,-0.694609,1556.0,108.207,-108.207,6702.0,126.9,-126.9,2.71,0.14,-0.14,596.999,,,1377.0,,,CANDIDATE
1.2245052,3e-07,-3e-07,19.6011,2.85731,-2.85731,24584.0,14933.3,-14933.3,4337.4,123.8,-123.8,0.7,0.06,-0.06,302.765,,,1162.0,,,CANDIDATE
3.3522572,0.0008295,-0.0008295,10.9307,0.708071,-0.708071,6919.0,379.423,-379.423,5951.0,138.1,-138.1,1.39,0.07,-0.07,277.825,,,1137.0,,,CANDIDATE
3.7724643,5e-06,-5e-06,13.0104,0.721573,-0.721573,8796.0,299.746,-299.746,6170.0,135.3,-135.3,1.38,0.07,-0.07,277.764,,,1137.0,,,CANDIDATE
1.040425,1e-06,-1e-06,11.6289,,,9568.0,6827.91,-6827.91,4750.0,122.0,-122.0,0.86,,,729.867,,,1448.0,,,CANDIDATE
6.6210878,1.96e-05,-1.96e-05,9.48332,,,13071.0,1002.66,-1002.66,4790.0,122.0,-122.0,0.79,,,43.2116,,,714.0,,,CANDIDATE
3.0449187,7e-07,-7e-07,20.761,0.985551,-0.985551,19894.0,154.093,-154.093,6026.0,130.9,-130.9,1.36,0.06,-0.06,699.098,,,1432.0,,,CANDIDATE
2.6855972,0.0005809,-0.0005809,11.0734,0.563009,-0.563009,31004.0,2058.48,-2058.48,3822.0,157.0,-157.0,0.62,0.02,-0.02,49.8683,,,740.0,,,CANDIDATE
15.7784931,2.47e-05,-2.47e-05,18.2872401,2.2080905,-2.2080905,6805.627558,134.21829,-134.21829,7447.0,41.0,-41.0,1.6898,0.060696,-0.060696,342.2459459,,,1096.9941906,,,CANDIDATE
11.3498282,3.04e-05,-3.04e-05,12.2742,,,10625.0,502.68,-502.68,6009.0,123.0,-123.0,1.18,,,127.543,,,936.0,,,CANDIDATE
1.1602698,0.0001721,-0.0001721,18.336,2.89006,-2.89006,18692.0,17362.0,-17362.0,3692.0,157.0,-157.0,0.7,0.03,-0.03,29.2942,,,648.0,,,CANDIDATE
12.6357243,0.0042171,-0.0042171,13.1329,0.865633,-0.865633,8255.0,554.633,-554.633,5951.0,130.2,-130.2,1.41,0.08,-0.08,71.1152,,,809.0,,,CANDIDATE
2.3557153,7.1e-06,-7.1e-06,1.98374,0.172919,-0.172919,740.0,65.0751,-65.0751,4851.0,133.2,-133.2,0.72,0.05,-0.05,290.953,,,1150.0,,,CANDIDATE
0.7941828,8.1e-05,-8.1e-05,8.86489,0.792919,-0.792919,2393.0,398.723,-398.723,6397.0,125.3,-125.3,1.55,0.08,-0.08,3545.12,,,2149.0,,,CANDIDATE
17.9217736,7.4e-06,-7.4e-06,16.7867,,,44474.0,746.167,-746.167,5144.1,124.7,-124.7,0.76,,,20.1338,,,590.0,,,CANDIDATE
10.9267866,3.3e-05,-3.3e-05,13.7902,,,9304.0,418.404,-418.404,5792.8,5797.1,-5797.1,1.46,,,252.912,,,1110.0,,,CANDIDATE
3.1998039,6.9e-06,-6.9e-06,6.9761,,,3672.0,252.06,-252.06,5430.0,122.0,-122.0,1.15,,,192.578,,,1037.0,,,CANDIDATE
10.1956949,1.38e-05,-1.38e-05,7.45333,0.49908,-0.49908,3293.0,270.881,-270.881,5791.0,133.9,-133.9,1.21,0.06,-0.06,22.0861,,,603.0,,,CANDIDATE
8.5467163,5.73e-05,-5.73e-05,6.73372,0.453108,-0.453108,2387.0,114.402,-114.402,5557.6,128.0,-128.0,1.58,0.09,-0.09,144.761,,,966.0,,,CANDIDATE
6.8392388,1.27e-05,-1.27e-05,3.74186,0.251835,-0.251835,1213.0,42.2136,-42.2136,5085.0,76.0,-76.0,1.08,0.07,-0.07,234.46,,,1090.0,,,CONFIRMED
2.014214,5.8e-06,-5.8e-06,2.55092,0.194502,-0.194502,971.0,70.7915,-70.7915,5039.0,129.9,-129.9,0.82,0.05,-0.05,419.804,,,1261.0,,,CANDIDATE
3.535713,9.2e-06,-9.2e-06,4.58576,0.338194,-0.338194,3116.0,217.914,-217.914,5222.0,128.1,-128.1,0.86,0.05,-0.05,191.782,,,1036.0,,,CONFIRMED
2.7492112,9.67e-05,-9.67e-05,10.486,0.414294,-0.414294,26414.0,1251.04,-1251.04,3794.0,157.0,-157.0,0.6,0.02,-0.02,51.9039,,,747.0,,,CANDIDATE
2.8411187,4.5e-06,-4.5e-06,5.54834,0.335804,-0.335804,1915.0,114.665,-114.665,5517.0,128.9,-128.9,1.19,0.06,-0.06,333.622,,,1190.0,,,CANDIDATE
5.407469,7.6e-06,-7.6e-06,12.0272,0.721252,-0.721252,13091.0,388.064,-388.064,5417.0,133.7,-133.7,1.03,0.06,-0.06,143.073,,,963.0,,,CANDIDATE
16.4547455,8.53e-05,-8.53e-05,4.11474,0.274621,-0.274621,2186.0,128.322,-128.322,5826.0,135.1,-135.1,0.98,0.05,-0.05,60.353,,,776.0,,,CANDIDATE
6.4375108,2.5e-05,-2.5e-05,2.10567,0.158896,-0.158896,730.0,64.95,-64.95,5203.0,130.3,-130.3,0.74,0.04,-0.04,99.2729,,,879.0,,,CANDIDATE
4.4738444,1.91e-05,-1.91e-05,11.2091,,,2985.0,110.822,-110.822,4943.1,63.3,-63.3,2.53,,,854.858,,,1506.0,,,CANDIDATE
3.4894537,4.2e-06,-4.2e-06,11.1177,0.713142,-0.713142,8533.0,457.845,-457.845,5415.7,5457.7,-5457.7,1.19,0.07,-0.07,236.353,,,1092.0,,,CANDIDATE
23.842,5.19e-05,-5.19e-05,17.1852,1.02018,-1.02018,12487.0,792.932,-792.932,5923.2,5975.5,-5975.5,1.45,0.07,-0.07,65.8313,,,793.0,,,CANDIDATE
3.4058895,9e-07,-9e-07,17.2861065,0.7382412,-0.7382412,15490.0795356,100.48253,-100.48253,6302.0,,,1.26867,0.0538694,-0.0538694,970.9417325,,,1423.6985463,,,CONFIRMED
1.8778647,5.3e-05,-5.3e-05,13.2226172,0.7647178,-0.7647178,15157.0212857,307.4542,-307.4542,5100.0,5214.9,-5214.9,0.927664,0.0514397,-0.0514397,763.2845047,,,1340.5757561,,,CANDIDATE
57.1050077,9.87e-05,-9.87e-05,5.93946,0.343948,-0.343948,3388.0,159.411,-159.411,5816.0,134.2,-134.2,0.97,0.05,-0.05,13.1521,,,530.0,,,CANDIDATE
5.1392756,1.28e-05,-1.28e-05,2.17365,0.218875,-0.218875,862.0,29.9877,-29.9877,4014.0,121.3,-121.3,0.71,0.07,-0.07,41.3052,,,706.0,,,CANDIDATE
8.2616616,1.9e-05,-1.9e-05,3.30997,0.197543,-0.197543,1343.0,38.6387,-38.6387,5281.0,128.8,-128.8,0.86,0.05,-0.05,66.2634,,,794.0,,,CONFIRMED
6.3392677,0.0002037,-0.0002037,3.91968,0.252457,-0.252457,1739.0,90.9737,-90.9737,5289.0,120.9,-120.9,0.93,0.05,-0.05,120.002,,,922.0,,,CONFIRMED
0.2803246,1e-07,-1e-07,1.64829,0.145724,-0.145724,507.0,31.9939,-31.9939,4477.0,124.7,-124.7,0.72,0.06,-0.06,3967.92,,,2211.0,,,CONFIRMED
9.100412,5.03e-05,-5.03e-05,2.59387,0.219784,-0.219784,1085.0,74.5135,-74.5135,5013.7,147.2,-147.2,0.77,0.06,-0.06,28.6373,,,644.0,,,CONFIRMED
0.9494413,9.6e-06,-9.6e-06,1.37109,,,136.0,12.1803,-12.1803,5872.1,,,1.19,,,2124.15,,,,,,CANDIDATE
1.5109447,0.000126,-0.000126,1.2038917,0.2340368,-0.2340368,10693.4881603,1180.1766,-1180.1766,5780.0,,,0.114827,0.0033573,-0.0033573,98.1930529,,,802.8602204,,,CONFIRMED
2.9944742,0.0007148,-0.0007148,8.6826968,1.1212562,-1.1212562,3499.7547124,272.96375,-272.96375,5756.0,127.341,-127.341,1.44085,0.0765427,-0.0765427,1209.668769,,,1504.13344,,,CANDIDATE
19.8507621,5.36e-05,-5.36e-05,8.778562,6.315287,-6.315287,1766.0,117.266,-117.266,9488.0,242.0,-242.0,2.35947,1.45549,-1.45549,48.5274864,,,673.1575152,,,CANDIDATE
8.9000334,0.0021186,-0.0021186,15.1261771,1.5608057,-1.5608057,22163.2825659,2382.0334,-2382.0334,5854.0,122.0,-122.0,1.0044,,,144.377004,,,884.085476,,,CANDIDATE
13.9285074,0.0032048,-0.0032048,9.5784743,0.8863243,-0.8863243,13364.3594607,670.4411,-670.4411,5103.41,120.928,-120.928,0.836141,0.0511281,-0.0511281,36.5645594,,,627.1693637,,,CANDIDATE
5.3920955,0.0003051,-0.0003051,18.2452387,0.8842292,-0.8842292,15466.3588483,224.26114,-224.26114,5752.18,101.14,-101.14,1.41933,0.0664121,-0.0664121,534.3923671,,,1226.2663506,,,CANDIDATE
5.4977872,0.0004095,-0.0004095,14.0381026,0.7771834,-0.7771834,6357.7268879,120.958305,-120.958305,6281.0,125.995,-125.995,1.72746,0.0887411,-0.0887411,974.2594349,,,1424.9131835,,,CANDIDATE
3.8068712,0.0006087,-0.0006087,8.6543461,0.7604548,-0.7604548,17898.9103154,1111.0032,-1111.0032,3913.0,157.0,-157.0,0.647921,0.0199792,-0.0199792,52.8941941,,,687.8151709,,,CANDIDATE
4.7443604,4.7e-06,-4.7e-06,7.57257,0.484151,-0.484151,9002.0,514.836,-514.836,5420.1,5591.2,-5591.2,0.75,0.04,-0.04,26.7153,,,633.0,,,CANDIDATE
3.334884,3.8e-06,-3.8e-06,10.5691,0.624526,-0.624526,12501.0,358.423,-358.423,5771.0,127.6,-127.6,0.93,0.05,-0.05,394.819,,,1241.0,,,CANDIDATE
1.3939452,1e-06,-1e-06,8.87293,,,5131.0,778.179,-778.179,6140.0,123.0,-123.0,1.09,,,947.874,,,1545.0,,,CANDIDATE
7.5954765,0.0008384,-0.0008384,13.1172,0.466418,-0.466418,45085.0,1670.2,-1670.2,3768.0,157.0,-157.0,0.57,0.02,-0.02,11.0748,,,508.0,,,CANDIDATE
1825.048364,1e-06,-1e-06,12.7111,0.640568,-0.640568,2576.0,92.5051,-92.5051,6290.0,129.0,-129.0,2.09,0.1,-0.1,0.0187275,,,103.0,,,FALSE POSITIVE
11.6332127,0.0002106,-0.0002106,10.264,0.549285,-0.549285,3480.0,0.200411,-0.200411,5287.7,128.3,-128.3,1.73,0.09,-0.09,126.951,,,935.0,,,CONFIRMED
6.0803777,0.0020376,-0.0020376,3.36588,0.375436,-0.375436,1366.0,111.876,-111.876,4275.7,139.4,-139.4,0.89,0.09,-0.09,43.6784,,,716.0,,,CANDIDATE
12.0101118,4.22e-05,-4.22e-05,2.28751,0.242419,-0.242419,1204.0,81.3276,-81.3276,4073.0,126.7,-126.7,0.67,0.07,-0.07,11.5571,,,513.0,,,CANDIDATE
16.7382238,2.04e-05,-2.04e-05,9.09208,0.703169,-0.703169,15139.0,580.314,-580.314,4551.0,119.7,-119.7,0.7,0.05,-0.05,11.3359,,,511.0,,,CANDIDATE
10.636983,4.53e-05,-4.53e-05,8.16912,0.486013,-0.486013,2913.0,151.37,-151.37,6297.0,134.4,-134.4,1.65,0.08,-0.08,301.85,,,1161.0,,,CANDIDATE
2.7663479,4.8e-06,-4.8e-06,6.35856,,,2476.0,352.663,-352.663,6413.0,122.0,-122.0,1.19,,,416.97,,,1258.0,,,CANDIDATE
26.3333899,3.42e-05,-3.42e-05,9.07333,0.567193,-0.567193,8665.0,393.729,-393.729,5309.0,130.3,-130.3,0.93,0.05,-0.05,5.51975,,,427.0,,,CANDIDATE
0.6541517,9.77e-05,-9.77e-05,15.3922,1.70446,-1.70446,35193.0,8577.06,-8577.06,3657.0,157.0,-157.0,0.69,0.03,-0.03,159.123,,,989.0,,,CANDIDATE
10.0512067,0.0013473,-0.0013473,5.57868,0.398628,-0.398628,22227.0,2300.03,-2300.03,3428.0,157.0,-157.0,0.38,0.01,-0.01,2.59874,,,353.0,,,CANDIDATE
3.3024845,7.5e-06,-7.5e-06,1.73871,0.106468,-0.106468,1241.0,112.811,-112.811,3634.0,157.0,-157.0,0.49,0.01,-0.01,26.3567,,,631.0,,,CANDIDATE
9.6804752,1.09e-05,-1.09e-05,11.5702,0.603025,-0.603025,10071.0,257.451,-257.451,5622.0,129.9,-129.9,1.16,0.06,-0.06,100.27,,,881.0,,,CANDIDATE
3.5137609,9.2e-06,-9.2e-06,3.3397496,0.3953538,-0.3953538,333.5976712,27.148046,-27.148046,6279.8,127.2,-127.2,1.59007,0.0682663,-0.0682663,1686.8366029,,,1634.511587,,,CANDIDATE
0.6183488,0.000105,-0.000105,10.2266,1.44178,-1.44178,5306.0,1545.56,-1545.56,5272.0,120.3,-120.3,1.2,0.07,-0.07,538.344,,,1341.0,,,CANDIDATE
3.7942532,2.08e-05,-2.08e-05,11.3603,0.722677,-0.722677,6913.0,270.748,-270.748,5753.6,111.5,-111.5,1.6,0.09,-0.09,713.321,,,1439.0,,,CANDIDATE
8.2241876,1.97e-05,-1.97e-05,11.9576,0.723244,-0.723244,8621.0,234.536,-234.536,5669.2,140.6,-140.6,1.31,0.08,-0.08,117.339,,,916.0,,,CANDIDATE
7.8407154,2.83e-05,-2.83e-05,9.86579,,,5326.0,378.264,-378.264,5703.0,122.0,-122.0,1.31,,,100.923,,,883.0,,,CANDIDATE
15.5106583,0.000101,-0.000101,6.93651,0.456927,-0.456927,5014.0,245.922,-245.922,5472.0,137.4,-137.4,1.06,0.06,-0.06,48.5457,,,735.0,,,CANDIDATE
2.4465664,1.84e-05,-1.84e-05,4.74384,0.495928,-0.495928,2778.0,280.789,-280.789,4185.5,113.9,-113.9,0.88,0.08,-0.08,114.336,,,910.0,,,CANDIDATE
8.0179256,1.86e-05,-1.86e-05,9.29428,0.661693,-0.661693,8684.0,694.461,-694.461,5356.0,125.0,-125.0,0.94,0.05,-0.05,8.84387,,,480.0,,,FALSE POSITIVE
3.6810755,1.26e-05,-1.26e-05,8.85628,,,8544.0,377.819,-377.819,5465.0,62.4,-62.4,0.95,,,259.808,,,1118.0,,,CANDIDATE
3.4106422,2.13e-05,-2.13e-05,11.8996,0.85923,-0.85923,4984.0,234.292,-234.292,5222.0,129.3,-129.3,1.89,0.12,-0.12,804.639,,,1483.0,,,CANDIDATE
763.9701133,1e-06,-1e-06,8.20454,0.254043,-0.254043,28404.0,239.064,-239.064,3671.0,157.0,-157.0,0.53,0.02,-0.02,0.0022765,,,60.0,,,CANDIDATE
36.2995129,0.0001869,-0.0001869,2.2115007,0.7431631,-0.7431631,1322.2472746,97.02001,-97.02001,4253.9,63.6,-63.6,0.617519,0.0562111,-0.0562111,3.169782,,,340.3118696,,,CANDIDATE
6.6968572,6.4e-05,-6.4e-05,3.89953,0.294161,-0.294161,589.0,33.1213,-33.1213,6466.5,138.3,-138.3,1.8,0.11,-0.11,323.688,,,1181.0,,,CANDIDATE
12.4652143,0.0021528,-0.0021528,2.51956,0.144837,-0.144837,1127.0,51.0733,-51.0733,5647.1,105.1,-105.1,0.88,0.04,-0.04,67.0792,,,797.0,,,CANDIDATE
11.0248821,2.91e-05,-2.91e-05,2.46843,0.314121,-0.314121,1943.0,589.866,-589.866,3798.0,157.0,-157.0,0.46,0.01,-0.01,48.3251,,,734.0,,,CONFIRMED
18.8204255,0.0043596,-0.0043596,3.5747237,1.09702,-1.09702,983.8549658,265.43448,-265.43448,5450.0,121.382,-121.382,0.868947,0.0454222,-0.0454222,32.1751474,,,607.4351032,,,CANDIDATE
2.668957,0.0001122,-0.0001122,16.1018337,1.114856,-1.114856,17029.8720026,271.1652,-271.1652,5983.3,177.254,-177.254,1.19683,0.0814975,-0.0814975,1087.3617796,,,1464.5805607,,,FALSE POSITIVE
3.5245689,0.000427,-0.000427,17.3489851,0.4426562,-0.4426562,20956.9478296,691.8539,-691.8539,6203.0,123.0,-123.0,1.17724,,,795.9648554,,,1354.7002867,,,CANDIDATE
15.1771428,0.0002928,-0.0002928,2.80249,0.190838,-0.190838,538.0,39.2285,-39.2285,6200.0,104.4,-104.4,1.36,0.05,-0.05,115.579,,,913.0,,,FALSE POSITIVE
33.5920255,0.0003531,-0.0003531,9.88421,0.974762,-0.974762,3352.0,1574.72,-1574.72,5468.0,125.9,-125.9,0.91,0.05,-0.05,134.883,,,949.0,,,CONFIRMED
2.0990769,8.2e-06,-8.2e-06,4.13797,0.253738,-0.253738,501.0,31.6913,-31.6913,8853.0,128.7,-128.7,2.0,0.08,-0.08,5728.08,,,2423.0,,,FALSE POSITIVE
13.5853161,0.0001856,-0.0001856,3.82513,0.268488,-0.268488,850.0,61.1878,-61.1878,5854.0,119.9,-119.9,1.43,0.07,-0.07,156.928,,,986.0,,,CANDIDATE
6.8787507,2.23e-05,-2.23e-05,3.45801,0.216133,-0.216133,359.0,22.6747,-22.6747,6636.0,132.3,-132.3,1.98,0.09,-0.09,266.78,,,1125.0,,,FALSE POSITIVE
14.9166631,0.0002525,-0.0002525,1.92053,0.199039,-0.199039,659.0,82.5059,-82.5059,5434.0,124.8,-124.8,0.81,0.04,-0.04,81.9483,,,838.0,,,CANDIDATE
1.9769396,5.9e-06,-5.9e-06,15.8982,0.911926,-0.911926,11495.0,433.512,-433.512,6440.5,97.8,-97.8,1.65,0.08,-0.08,2535.55,,,1976.0,,,CANDIDATE
0.5666806,6.1e-06,-6.1e-06,8.04611,2.39727,-2.39727,1530.0,169.045,-169.045,5517.0,123.9,-123.9,1.65,0.08,-0.08,1116.17,,,1610.0,,,FALSE POSITIVE
14.4217699,0.0046745,-0.0046745,9.4489967,4.1150823,-4.1150823,2348.45658,224.98932,-224.98932,6026.94,136.861,-136.861,1.91917,0.111708,-0.111708,299.9460099,,,1061.4035157,,,CANDIDATE
11.6515287,0.0015223,-0.0015223,11.0647635,0.7072039,-0.7072039,15415.73003,327.5854,-327.5854,5335.0,129.554,-129.554,0.891247,0.0511508,-0.0511508,60.177006,,,710.3581928,,,CANDIDATE
4.8003341,0.0009404,-0.0009404,5.5672157,2.7361956,-2.7361956,6286.5016158,498.67822,-498.67822,4664.59,130.727,-130.727,0.71163,0.0562111,-0.0562111,84.5628503,,,773.4186722,,,CANDIDATE
6.5883481,0.0039644,-0.0039644,9.5170822,0.7997558,-0.7997558,5547.4045934,303.17508,-303.17508,6186.7,149.885,-149.885,1.24901,0.0712261,-0.0712261,153.6630881,,,897.9706432,,,CANDIDATE
19.9253903,0.0023597,-0.0023597,10.8355197,0.6275178,-0.6275178,4510.2840364,118.8138,-118.8138,6213.0,132.89,-132.89,1.58437,0.0760201,-0.0760201,143.5992933,,,882.8924951,,,CANDIDATE
10.5465818,0.0013351,-0.0013351,18.8533824,0.4726923,-0.4726923,26790.7015542,817.8556,-817.8556,5726.0,122.0,-122.0,1.0922101,,,127.8592096,,,857.6355078,,,CANDIDATE
1.66402,0.00044,-0.00044,7.65443,1.88798,-1.88798,7964.45,480.731,-480.731,4841.3,52.9,-52.9,0.78,0.02,-0.02,8754.73,,,2694.0,,,FALSE POSITIVE
8.3106603,0.0021802,-0.0021802,8.109016,1.8043854,-1.8043854,9717.1934198,1148.718,-1148.718,5675.0,122.0,-122.0,0.802301,,,92.061739,,,790.0226507,,,CANDIDATE
17.8961832,0.0066957,-0.0066957,11.0501866,0.8397296,-0.8397296,6620.0097774,430.088,-430.088,5767.33,30.3263,-30.3263,1.30053,,,91.586263,,,789.0006014,,,CANDIDATE
3.3706303,0.000167,-0.000167,9.3830336,0.3485716,-0.3485716,166589.9107386,4493.779,-4493.779,3133.0,157.0,-157.0,0.222121,0.0068152,-0.0068152,6.6189834,,,409.0887836,,,CONFIRMED
7.0469712,2.16e-05,-2.16e-05,3.77076,,,1020.0,70.0121,-70.0121,5940.0,,,1.2,,,125.316,,,,,,FALSE POSITIVE
19.7357748,0.0001052,-0.0001052,3.5822698,1.0166035,-1.0166035,1136.7557914,84.36417,-84.36417,5985.0,127.829,-127.829,1.03501,0.0511357,-0.0511357,56.5126178,,,699.2880486,,,CANDIDATE
8.330174,4.68e-05,-4.68e-05,13.52336,0.9062955,-0.9062955,8477.6052879,748.68134,-748.68134,5858.0,5832.0,-5832.0,1.3273,,,286.3765268,,,1049.1899067,,,CANDIDATE
18.1070683,0.0035021,-0.0035021,3.3584758,0.4252137,-0.4252137,1920.6396242,132.17851,-132.17851,4024.0,120.94,-120.94,0.677805,0.0664497,-0.0664497,8.0547175,,,429.6673243,,,CANDIDATE
2.8625937,1.87e-05,-1.87e-05,1.1780056,1.3740616,-1.3740616,150.7007612,19.651846,-19.651846,5503.0,126.761,-126.761,0.930478,0.048995,-0.048995,465.8154756,,,1184.8768866,,,CANDIDATE
13.9223368,5.2e-05,-5.2e-05,1.7196615,1.8259451,-1.8259451,551.9568212,67.1675,-67.1675,4468.0,162.173,-162.173,0.737084,0.0797739,-0.0797739,19.1604588,,,533.6066406,,,CANDIDATE
3.2727859,1.76e-05,-1.76e-05,1.4541092,2.0771134,-2.0771134,450.9235482,57.515705,-57.515705,4550.0,123.424,-123.424,0.68788,0.0530653,-0.0530653,121.4028186,,,846.5974227,,,CANDIDATE
36.4358589,3.46e-05,-3.46e-05,2.8743721,0.1649507,-0.1649507,384.0441817,18.436415,-18.436415,6597.0,140.298,-140.298,1.40426,0.0651633,-0.0651633,58.2895066,,,704.7212129,,,CANDIDATE
16.8267434,6.54e-05,-6.54e-05,2.9646311,0.9967878,-0.9967878,1999.9128429,198.9449,-198.9449,3944.0,157.0,-157.0,0.628984,0.0193077,-0.0193077,7.2034173,,,417.8345932,,,CANDIDATE
1083.5575987,0.0037099,-0.0037099,13.8558129,0.9928797,-0.9928797,2930.0714108,81.444145,-81.444145,6002.0,131.598,-131.598,2.52105,0.122563,-0.122563,1.6153271,,,287.5311275,,,CANDIDATE
3.4770171,0.0004333,-0.0004333,11.8571021,0.6267606,-0.6267606,19986.4253524,797.2819,-797.2819,5225.91,37.21,-37.21,0.84127,,,253.0737249,,,1017.2589369,,,CANDIDATE
3.3795099,0.0005458,-0.0005458,10.862172,0.6607179,-0.6607179,18575.2343451,890.97534,-890.97534,5203.0,122.0,-122.0,0.799465,,,235.0109316,,,998.6004687,,,CANDIDATE
3.7120776,0.0008211,-0.0008211,5.11821,1.1284643,-1.1284643,1532.3995669,144.38206,-144.38206,5501.09,140.271,-140.271,1.29268,0.0789799,-0.0789799,637.0950531,,,1281.3589533,,,CANDIDATE
4.4284676,0.0020113,-0.0020113,7.976213,1.0322554,-1.0322554,11582.5189831,1667.6024,-1667.6024,3893.0,157.0,-157.0,0.680198,0.0209763,-0.0209763,45.5373857,,,662.5394963,,,CANDIDATE
6.9055908,1.29e-05,-1.29e-05,3.3369764,0.0105249,-0.0105249,803.795684,3.2421953,-3.2421953,5846.0,131.4,-131.4,,,,,,,928.7406881,,,FALSE POSITIVE
2.5139302,3.56e-05,-3.56e-05,12.9860395,0.3609068,-0.3609068,12564.1964526,365.04987,-365.04987,5585.0,122.0,-122.0,1.10185,,,812.908131,,,1361.8526381,,,CANDIDATE
16.2520546,0.0001325,-0.0001325,2.9719,0.17898,-0.17898,220.0,12.3512,-12.3512,6696.0,222.3,-222.3,2.24,0.1,-0.1,465.914,,,1294.0,,,CANDIDATE
7.63779,5.3e-05,-5.3e-05,2.22751,0.178953,-0.178953,318.0,31.5767,-31.5767,5924.0,121.9,-121.9,1.31,0.06,-0.06,85.4903,,,847.0,,,CANDIDATE
0.5843146,8e-07,-8e-07,5.71748,0.873119,-0.873119,1043.0,324.698,-324.698,6870.8,137.8,-137.8,1.46,0.12,-0.12,2879.92,,,2040.0,,,CANDIDATE
9.3079811,0.0002048,-0.0002048,18.225,6.20369,-6.20369,6907.0,15206.4,-15206.4,6076.4,141.0,-141.0,1.1,0.06,-0.06,404.641,,,1249.0,,,CANDIDATE
2.4915545,1.06e-05,-1.06e-05,5.46811,0.615137,-0.615137,667.0,98.2501,-98.2501,8013.0,286.5,-286.5,1.98,0.16,-0.16,1164.51,,,1627.0,,,CANDIDATE
3.9155539,1.42e-05,-1.42e-05,16.5322,0.88218,-0.88218,12003.0,367.933,-367.933,6285.0,129.6,-129.6,1.62,0.08,-0.08,887.712,,,1520.0,,,CANDIDATE
9.7716812,8.38e-05,-8.38e-05,9.12933,,,4411.0,277.511,-277.511,6518.8,190.3,-190.3,1.47,,,370.095,,,1221.0,,,CANDIDATE
14.2308461,6.2e-05,-6.2e-05,9.75869,0.721421,-0.721421,4278.0,189.68,-189.68,5787.9,152.4,-152.4,1.77,0.11,-0.11,149.441,,,974.0,,,CANDIDATE
3.6688102,2.49e-05,-2.49e-05,9.85973,,,8447.0,572.391,-572.391,5821.5,48.9,-48.9,1.12,,,265.932,,,1125.0,,,FALSE POSITIVE
25.714253,0.0012547,-0.0012547,15.8297,2.41026,-2.41026,33131.0,1249.07,-1249.07,5677.8,108.3,-108.3,0.86,0.13,-0.13,45.1202,,,722.0,,,FALSE POSITIVE
5.0989519,4.09e-05,-4.09e-05,7.74162,0.57664,-0.57664,4236.0,361.62,-361.62,6305.0,145.2,-145.2,1.24,0.06,-0.06,198.038,,,1045.0,,,CANDIDATE
6.7274903,1.95e-05,-1.95e-05,11.3939,0.957223,-0.957223,15103.0,1148.34,-1148.34,5221.4,146.7,-146.7,0.94,0.07,-0.07,127.411,,,935.0,,,CANDIDATE
91.9283414,0.0005838,-0.0005838,9.22033,0.57966,-0.57966,7033.0,371.536,-371.536,6118.4,107.4,-107.4,1.13,0.06,-0.06,2.09153,,,335.0,,,CANDIDATE
5.9785287,2.36e-05,-2.36e-05,13.9371,0.650091,-0.650091,59578.0,3131.59,-3131.59,3674.0,157.0,-157.0,0.59,0.02,-0.02,15.6338,,,553.0,,,CANDIDATE
8.2864221,5.91e-05,-5.91e-05,9.77567,,,3916.0,154.747,-154.747,5643.0,122.0,-122.0,1.76,,,368.205,,,1220.0,,,CANDIDATE
4.3427321,8.4e-06,-8.4e-06,13.7163,,,7461.0,825.685,-825.685,5737.3,26.6,-26.6,1.12,,,53.9765,,,755.0,,,CANDIDATE
3.8978437,0.0005966,-0.0005966,13.8047,,,14344.0,717.573,-717.573,6280.0,123.0,-123.0,1.24,,,785.026,,,1474.0,,,CANDIDATE
719.5740937,1e-06,-1e-06,10.9394,0.73415,-0.73415,19525.0,301.668,-301.668,4854.0,123.5,-123.5,0.78,0.05,-0.05,0.0051995,,,74.0,,,CANDIDATE
7.2218817,2.24e-05,-2.24e-05,13.5058,2.40229,-2.40229,8080.0,3916.12,-3916.12,6172.8,125.6,-125.6,1.15,0.06,-0.06,188.768,,,1032.0,,,CANDIDATE
2.2183625,7e-06,-7e-06,11.9385,1.07013,-1.07013,4409.0,206.147,-206.147,6307.0,160.7,-160.7,1.89,0.16,-0.16,1682.8,,,1784.0,,,CANDIDATE
8.9533044,0.0001273,-0.0001273,11.7455,,,6349.0,1635.24,-1635.24,5808.0,122.0,-122.0,1.46,,,530.449,,,1336.0,,,CANDIDATE
9.765482,0.000103,-0.000103,12.1312,0.924313,-0.924313,2552.0,199.145,-199.145,5887.0,142.7,-142.7,2.35,0.14,-0.14,281.81,,,1141.0,,,CANDIDATE
2.8398671,0.0002735,-0.0002735,13.7553,0.811645,-0.811645,8268.0,382.455,-382.455,5954.0,141.3,-141.3,1.48,0.08,-0.08,964.812,,,1552.0,,,CANDIDATE
1.763034,0.0001989,-0.0001989,9.55649,0.520655,-0.520655,21098.0,1486.06,-1486.06,3958.0,157.0,-157.0,0.67,0.02,-0.02,165.366,,,999.0,,,CANDIDATE
10.298566,4.9e-05,-4.9e-05,4.00839,0.447867,-0.447867,4219.0,287.669,-287.669,4201.6,133.9,-133.9,0.67,0.07,-0.07,9.32109,,,486.0,,,CANDIDATE
1.3809769,3.1e-06,-3.1e-06,5.73354,0.508922,-0.508922,927.0,111.358,-111.358,7445.4,143.5,-143.5,1.53,0.11,-0.11,1739.39,,,1799.0,,,CANDIDATE
4.8789974,5.74e-05,-5.74e-05,15.3642,,,4762.0,325.844,-325.844,6473.0,123.0,-123.0,2.46,,,2600.12,,,1989.0,,,CANDIDATE
1.9207699,7.1e-06,-7.1e-06,13.6773,,,8247.0,1472.74,-1472.74,6039.4,145.2,-145.2,1.38,,,868.038,,,1512.0,,,CANDIDATE
48.0511988,2.01e-05,-2.01e-05,12.8456117,0.6292463,-0.6292463,14503.3604877,71.12794,-71.12794,5354.96,44.8088,-44.8088,1.0417,0.0505779,-0.0505779,12.5271592,,,479.8250298,,,FALSE POSITIVE
0.3052608,5e-07,-5e-07,2.03448,0.377961,-0.377961,1620.0,900.503,-900.503,3338.0,157.0,-157.0,0.37,0.01,-0.01,196.562,,,1043.0,,,CANDIDATE
2.9371797,1.83e-05,-1.83e-05,15.95,,,6422.0,324.702,-324.702,6610.0,123.0,-123.0,2.17,,,2484.67,,,1966.0,,,CANDIDATE
11.2320736,3.96e-05,-3.96e-05,7.84543,0.817971,-0.817971,5174.0,845.922,-845.922,6234.0,169.2,-169.2,1.06,0.05,-0.05,136.426,,,952.0,,,CANDIDATE
5.6906792,3.71e-05,-3.71e-05,15.1551,1.26024,-1.26024,3155.0,149.166,-149.166,6749.0,129.5,-129.5,3.03,0.23,-0.23,1362.1,,,1692.0,,,CANDIDATE
12.3027503,4.69e-05,-4.69e-05,2.60986,0.21456,-0.21456,1304.0,97.6274,-97.6274,5181.1,136.9,-136.9,0.76,0.05,-0.05,46.2908,,,726.0,,,CANDIDATE
14.8547783,0.000153,-0.000153,11.426,0.711308,-0.711308,8228.0,443.789,-443.789,6397.0,125.0,-125.0,1.39,0.07,-0.07,180.979,,,1021.0,,,CANDIDATE
13.2272686,0.002165,-0.002165,12.0458,,,11013.0,1025.01,-1025.01,5648.0,122.0,-122.0,1.13,,,11.0108,,,507.0,,,CANDIDATE
6.5202038,8.9e-06,-8.9e-06,16.0234,0.869262,-0.869262,9263.0,127.224,-127.224,6628.0,126.3,-126.3,1.68,0.09,-0.09,618.612,,,1389.0,,,CANDIDATE
3.2232502,1.77e-05,-1.77e-05,11.4574,,,7301.0,365.116,-365.116,7164.1,67.4,-67.4,1.44,,,1730.82,,,1796.0,,,CANDIDATE
21.3764237,5.9e-05,-5.9e-05,2.6824173,0.1832702,-0.1832702,786.0019744,37.397713,-37.397713,5591.0,187.0,-187.0,0.811463,0.0419397,-0.0419397,23.8245444,,,563.4766198,,,CANDIDATE
2.0478359,0.0002109,-0.0002109,12.2554,1.0346,-1.0346,40591.0,3292.55,-3292.55,3854.0,157.0,-157.0,0.63,0.04,-0.04,71.7485,,,810.0,,,CANDIDATE
3.7279887,1.06e-05,-1.06e-05,18.1003,,,13982.0,424.964,-424.964,6514.0,208.0,-208.0,1.58,,,859.131,,,1508.0,,,CANDIDATE
5.1391542,9.2e-06,-9.2e-06,10.2495,2.52458,-2.52458,6171.0,4174.35,-4174.35,5974.6,136.0,-136.0,1.0,0.06,-0.06,26.3552,,,631.0,,,FALSE POSITIVE
4.0207557,1.61e-05,-1.61e-05,3.74825,0.305622,-0.305622,1556.0,117.627,-117.627,5019.9,133.1,-133.1,0.95,0.06,-0.06,124.569,,,930.0,,,CANDIDATE
5.1185703,4.51e-05,-4.51e-05,11.7972,0.787423,-0.787423,2687.0,131.29,-131.29,6547.8,110.7,-110.7,2.55,0.14,-0.14,2080.26,,,1881.0,,,CANDIDATE
12.3900547,0.0001288,-0.0001288,9.88852,,,6904.0,420.505,-420.505,6824.2,39.5,-39.5,1.33,,,327.708,,,1185.0,,,CANDIDATE
160.6760208,0.000879,-0.000879,3.2160534,0.7779189,-0.7779189,959.8285715,76.81681,-76.81681,5389.7,56.4182,-56.4182,1.02412,0.0512965,-0.0512965,2.4672264,,,319.6480066,,,CANDIDATE
5.9815745,0.0007576,-0.0007576,13.6663996,0.5931406,-0.5931406,41908.6246041,1671.051,-1671.051,4403.0,122.0,-122.0,0.667127,,,46.0989705,,,664.5727909,,,CANDIDATE
3.1381914,0.0007494,-0.0007494,12.7099203,1.3778393,-1.3778393,15708.9640285,1346.659,-1346.659,5210.0,122.0,-122.0,1.0165401,,,418.5038868,,,1153.5717806,,,CANDIDATE
0.8602406,1.02e-05,-1.02e-05,0.9718795,0.5637627,-0.5637627,719.5357708,64.78025,-64.78025,3450.0,111.0,-111.0,0.33819,0.0104196,-0.0104196,112.3971391,,,830.4405814,,,CONFIRMED
3.6942604,1.08e-05,-1.08e-05,1.0428407,0.4390688,-0.4390688,832.8225921,65.35565,-65.35565,3450.0,111.0,-111.0,0.33819,0.0104196,-0.0104196,16.1019503,,,510.9040793,,,CONFIRMED
4.9652069,1.88e-05,-1.88e-05,0.8566925,2.6625428,-2.6625428,633.0580849,110.265656,-110.265656,3450.0,111.0,-111.0,0.33819,0.0104196,-0.0104196,10.8558882,,,462.9521337,,,CONFIRMED
17.2367433,0.0002092,-0.0002092,3.9264923,0.5971662,-0.5971662,946.1500622,93.82117,-93.82117,5911.15,133.364,-133.364,1.1687,0.06451,-0.06451,83.13956,,,770.1435456,,,CANDIDATE
21.9903619,0.0002585,-0.0002585,4.6034655,3.8416066,-3.8416066,1122.3021089,132.492,-132.492,5294.0,309.719,-309.719,1.33417,0.0797588,-0.0797588,56.4700581,,,699.156353,,,CONFIRMED
8.8349261,4.97e-05,-4.97e-05,9.0595904,0.6258196,-0.6258196,6132.2553437,404.37946,-404.37946,3303.0,,,1.1499799,,,41.4198706,,,647.0263001,,,CONFIRMED
4.7645838,0.0003713,-0.0003713,3.1594083,3.4465199,-3.4465199,855.7217275,93.755806,-93.755806,5432.25,142.88,-142.88,1.0462199,0.0805025,-0.0805025,288.0706551,,,1050.7381592,,,CANDIDATE
5.9693397,3.49e-05,-3.49e-05,1.3473608,0.1774607,-0.1774607,105.5424205,10.383619,-10.383619,6007.0,103.951,-103.951,1.12993,0.0445402,-0.0445402,334.6170929,,,1090.8292631,,,CANDIDATE
28.0693949,0.0002985,-0.0002985,1.6221344,0.1802472,-0.1802472,154.3008171,17.499662,-17.499662,6007.0,103.951,-103.951,1.12993,0.0445402,-0.0445402,42.4755605,,,651.1102456,,,CANDIDATE
2.1659522,1.57e-05,-1.57e-05,2.9108183,1.817786,-1.817786,431.2815173,54.872658,-54.872658,6194.54,108.524,-108.524,1.30635,0.0608241,-0.0608241,1867.8804075,,,1676.7063776,,,CANDIDATE
4.7335575,4.23e-05,-4.23e-05,5.3852666,6.4387536,-6.4387536,930.2503519,124.07247,-124.07247,5496.0,131.305,-131.305,1.75896,0.102414,-0.102414,850.4828102,,,1377.3240616,,,CONFIRMED
2.3475051,0.0003921,-0.0003921,5.4152906,0.825221,-0.825221,1972.3718293,131.97496,-131.97496,5924.0,130.277,-130.277,1.20432,0.0548744,-0.0548744,1270.9181315,,,1522.8220038,,,CANDIDATE
1.5142292,0.0001751,-0.0001751,11.6042711,0.681158,-0.681158,5271.4558635,309.6118,-309.6118,6616.0,162.337,-162.337,1.39196,0.0613819,-0.0613819,4024.5979419,,,2031.4230444,,,FALSE POSITIVE
4.5565614,0.0009593,-0.0009593,11.372041,0.7138832,-0.7138832,5389.4106193,355.72577,-355.72577,6616.0,162.337,-162.337,1.39196,0.0613819,-0.0613819,926.3925066,,,1407.0790858,,,CANDIDATE
11.714447,0.0055124,-0.0055124,11.53374,1.3575621,-1.3575621,12763.9935022,1802.3618,-1802.3618,5165.0,122.0,-122.0,0.885629,,,53.7953827,,,690.7263119,,,CONFIRMED
4.1866989,0.0002834,-0.0002834,13.6762774,0.7000085,-0.7000085,2199.8936304,61.623955,-61.623955,6309.0,127.912,-127.912,2.85361,0.132256,-0.132256,3868.6055276,,,2011.4459246,,,CANDIDATE
5.4809114,2.15e-05,-2.15e-05,8.44272,0.457822,-0.457822,2237.0,100.01,-100.01,5907.0,127.6,-127.6,1.72,0.08,-0.08,736.085,,,1451.0,,,CANDIDATE
31.6527509,0.0001233,-0.0001233,3.1745,0.206862,-0.206862,940.0,71.6113,-71.6113,5626.0,121.5,-121.5,1.0,0.05,-0.05,17.5796,,,570.0,,,CANDIDATE
7.7517707,3.63e-05,-3.63e-05,7.24338,0.483594,-0.483594,4381.0,227.1,-227.1,5741.0,125.5,-125.5,1.27,0.07,-0.07,201.798,,,1050.0,,,CANDIDATE
1.7346044,4.1e-06,-4.1e-06,4.46251,0.243241,-0.243241,1007.0,45.7232,-45.7232,6850.0,132.0,-132.0,1.49,0.07,-0.07,627.153,,,1427.0,,,CANDIDATE
5.0957983,1.46e-05,-1.46e-05,1.92318,0.17682,-0.17682,714.0,30.9066,-30.9066,4197.0,117.6,-117.6,0.7,0.06,-0.06,28.5068,,,643.0,,,CONFIRMED
9.1258136,4.93e-05,-4.93e-05,0.9704787,1.0601202,-1.0601202,169.7218223,21.430954,-21.430954,4747.13,126.432,-126.432,0.750709,0.053608,-0.053608,42.107688,,,649.6958588,,,CANDIDATE
8.754708,4.69e-05,-4.69e-05,3.5438108,1.7096419,-1.7096419,1527.6748939,157.82033,-157.82033,5888.0,136.6,-136.6,0.889347,0.0416884,-0.0416884,117.8260362,,,840.2916858,,,CONFIRMED
15.0867738,1.93e-05,-1.93e-05,2.0905859,0.6946929,-0.6946929,1911.9221796,83.39961,-83.39961,3570.0,64.0,-64.0,0.471842,0.014121,-0.014121,3.5705631,,,350.5935542,,,CANDIDATE
425.4506963,0.000581,-0.000581,2.0762333,0.4440041,-0.4440041,4753.2829943,396.22385,-396.22385,3261.0,157.0,-157.0,0.296806,0.008881,-0.008881,0.2314879,,,176.9097782,,,CANDIDATE
59.8473992,0.0011964,-0.0011964,11.7556773,0.6124999,-0.6124999,11392.7507656,170.99811,-170.99811,5765.3,102.7,-102.7,1.09215,0.0517085,-0.0517085,0.4688342,,,211.0447631,,,CONFIRMED
31.1571613,0.0003804,-0.0003804,2.6946338,0.7391092,-0.7391092,336.5990841,39.077557,-39.077557,6317.08,146.669,-146.669,1.3783,0.0716583,-0.0716583,62.3345745,,,716.6415747,,,CANDIDATE
748.7146251,0.0021974,-0.0021974,3.4308988,0.3645647,-0.3645647,1655.3509066,106.101555,-106.101555,5235.0,132.381,-132.381,0.844852,0.0504322,-0.0504322,0.1991332,,,170.3749226,,,CANDIDATE
1.2117417,3.1e-06,-3.1e-06,12.6463,0.724683,-0.724683,33487.0,2620.3,-2620.3,3521.0,157.0,-157.0,0.66,0.02,-0.02,63.3975,,,786.0,,,CANDIDATE
4.6017382,9.6e-06,-9.6e-06,17.8729,0.996136,-0.996136,17212.0,742.933,-742.933,6233.0,135.7,-135.7,1.37,0.07,-0.07,290.348,,,1150.0,,,CANDIDATE
13.414031,0.000347,-0.000347,8.766,,,6670.0,441.978,-441.978,5614.0,122.0,-122.0,1.16,,,81.9067,,,838.0,,,CANDIDATE
1.4956727,4.4e-06,-4.4e-06,6.10516,0.480293,-0.480293,3708.0,182.046,-182.046,4812.0,159.3,-159.3,1.06,0.08,-0.08,658.968,,,1411.0,,,FALSE POSITIVE
14.8011934,6.37e-05,-6.37e-05,2.44796,0.151077,-0.151077,345.0,21.4913,-21.4913,6138.6,54.0,-54.0,1.42,0.06,-0.06,55.7499,,,761.0,,,CANDIDATE
33.6336133,0.000265,-0.000265,2.30517,0.155509,-0.155509,384.0,22.4618,-22.4618,6138.6,54.0,-54.0,1.42,0.06,-0.06,27.3212,,,636.0,,,CANDIDATE
672.6366236,0.0106779,-0.0106779,2.9749826,1.8601334,-1.8601334,423.1260918,51.583866,-51.583866,6138.6,54.0,-54.0,1.41864,0.0618693,-0.0618693,1.0263046,,,256.7076521,,,CANDIDATE
1.5829358,3.1e-06,-3.1e-06,8.45955,,,11242.0,555.698,-555.698,6047.9,63.6,-63.6,0.81,,,945.563,,,1544.0,,,CANDIDATE
15.1389808,9.1e-05,-9.1e-05,4.03127,1.68382,-1.68382,1596.0,2283.8,-2283.8,4448.2,107.4,-107.4,0.7,0.05,-0.05,67.4078,,,798.0,,,CANDIDATE
1.8819016,4.3e-06,-4.3e-06,7.09086,,,5107.0,526.666,-526.666,4704.0,122.0,-122.0,0.95,,,128.796,,,938.0,,,FALSE POSITIVE
9.9444971,3.69e-05,-3.69e-05,11.3375,0.612396,-0.612396,3078.0,153.285,-153.285,6576.0,121.2,-121.2,2.1,0.09,-0.09,147.904,,,971.0,,,CANDIDATE
0.9602835,4e-06,-4e-06,6.0323,0.415323,-0.415323,3132.0,249.75,-249.75,5708.0,130.3,-130.3,1.08,0.05,-0.05,2118.57,,,1890.0,,,FALSE POSITIVE
16.179367,6.71e-05,-6.71e-05,10.3462,0.635986,-0.635986,10730.0,572.37,-572.37,5576.0,160.8,-160.8,1.07,0.05,-0.05,35.5088,,,680.0,,,CANDIDATE
27.035894,0.0001536,-0.0001536,6.01419,2.29747,-2.29747,3817.0,5045.14,-5045.14,4225.0,126.9,-126.9,0.66,0.06,-0.06,18.0249,,,574.0,,,CANDIDATE
11.3689753,5.38e-05,-5.38e-05,9.89847,0.546752,-0.546752,5979.0,233.187,-233.187,6076.0,123.3,-123.3,1.31,0.06,-0.06,206.513,,,1056.0,,,CANDIDATE
16.051106,9e-06,-9e-06,2.5869212,0.1016638,-0.1016638,2768.5212418,74.3447,-74.3447,3482.0,,,0.419457,0.0125728,-0.0125728,2.7275631,,,327.7656616,,,CONFIRMED
37.4236838,0.0001495,-0.0001495,1.3296571,0.1217345,-0.1217345,737.5519387,56.42106,-56.42106,3482.0,,,0.419457,0.0125728,-0.0125728,0.8822386,,,247.1816698,,,CONFIRMED
9.977273,2.38e-05,-2.38e-05,0.9617288,0.3983543,-0.3983543,459.8525479,35.250004,-35.250004,3482.0,,,0.419457,0.0125728,-0.0125728,5.1416079,,,384.055942,,,CONFIRMED
27.8096898,0.0001541,-0.0001541,0.9491858,0.313488,-0.313488,406.8232517,53.0958,-53.0958,3482.0,,,0.419457,0.0125728,-0.0125728,1.3107501,,,272.8976058,,,CONFIRMED
2.7897577,5.1e-06,-5.1e-06,15.2527,0.816079,-0.816079,3360.0,91.9366,-91.9366,5794.0,132.1,-132.1,2.92,0.14,-0.14,1126.92,,,1614.0,,,CANDIDATE
16.3475547,0.0001103,-0.0001103,13.2139,1.0589,-1.0589,46329.0,4770.19,-4770.19,3662.0,157.0,-157.0,0.65,0.02,-0.02,1.37516,,,301.0,,,CANDIDATE
4.9792822,5.42e-05,-5.42e-05,12.0483,0.807315,-0.807315,4376.0,267.742,-267.742,6677.0,128.5,-128.5,2.07,0.1,-0.1,1039.87,,,1582.0,,,CANDIDATE
0.7331156,5e-07,-5e-07,13.8557,0.966293,-0.966293,45524.0,9375.35,-9375.35,3326.0,157.0,-157.0,0.46,0.01,-0.01,48.0269,,,733.0,,,CANDIDATE
9.8162989,0.0001293,-0.0001293,9.90817,0.713863,-0.713863,2369.0,192.801,-192.801,5755.9,107.5,-107.5,2.18,0.1,-0.1,250.587,,,1108.0,,,CANDIDATE
51.9120896,0.0001369,-0.0001369,9.69324,0.60234,-0.60234,15569.0,663.132,-663.132,5437.0,154.9,-154.9,0.86,0.05,-0.05,5.28684,,,422.0,,,CANDIDATE
1.5342604,1.15e-05,-1.15e-05,6.09992,0.434538,-0.434538,1768.0,115.734,-115.734,8194.0,1362.5,-1362.5,1.7,0.08,-0.08,15822.4,,,3124.0,,,FALSE POSITIVE
0.8406912,1e-06,-1e-06,4.77919,0.316552,-0.316552,2554.0,126.655,-126.655,5170.0,125.2,-125.2,0.95,0.06,-0.06,1679.35,,,1783.0,,,CANDIDATE
2.3206673,4.7e-06,-4.7e-06,4.047,0.426265,-0.426265,2935.0,327.411,-327.411,4231.0,125.9,-125.9,0.67,0.06,-0.06,42.4124,,,710.0,,,CANDIDATE
13.697384,0.002108,-0.002108,4.211945,0.685604,-0.685604,1061.94658,85.35073,-85.35073,5837.0,190.0,-190.0,1.10089,0.16444,-0.16444,96.8938034,,,800.1911623,,,FALSE POSITIVE
4.1976032,5.9e-06,-5.9e-06,11.3523,,,10045.0,418.802,-418.802,5617.0,122.0,-122.0,1.18,,,149.237,,,973.0,,,CANDIDATE
19.394038,6.31e-05,-6.31e-05,10.5887,0.654456,-0.654456,10061.0,533.881,-533.881,5493.0,140.6,-140.6,1.08,0.06,-0.06,25.3617,,,625.0,,,CANDIDATE
4.0197822,2.09e-05,-2.09e-05,9.47332,,,5109.0,306.368,-306.368,6208.0,122.0,-122.0,1.42,,,653.222,,,1408.0,,,CANDIDATE
4.2451891,1.29e-05,-1.29e-05,7.66981,0.493977,-0.493977,5546.0,301.22,-301.22,5358.0,128.1,-128.1,1.05,0.06,-0.06,221.068,,,1074.0,,,CANDIDATE
7.0687489,1.31e-05,-1.31e-05,14.0241,1.09435,-1.09435,50423.0,10757.2,-10757.2,3368.0,157.0,-157.0,0.47,0.01,-0.01,0.313028,,,208.0,,,CANDIDATE
1.598803,1.8e-06,-1.8e-06,15.4905,,,14208.0,440.566,-440.566,9488.0,124.0,-124.0,1.32,,,11433.8,,,2880.0,,,CANDIDATE
5.0826878,2.39e-05,-2.39e-05,19.0027,,,7327.0,329.643,-329.643,6743.0,126.0,-126.0,2.42,,,1426.43,,,1712.0,,,CANDIDATE
20.3158735,1.25e-05,-1.25e-05,17.8657,0.859249,-0.859249,39235.0,430.907,-430.907,5725.0,122.6,-122.6,0.91,0.04,-0.04,37.1984,,,688.0,,,CANDIDATE
48.2590904,0.0002071,-0.0002071,7.87933,0.426808,-0.426808,6743.0,335.823,-335.823,5936.0,128.2,-128.2,0.85,0.04,-0.04,13.5351,,,534.0,,,CONFIRMED
3.568141,6.2e-06,-6.2e-06,2.0483578,0.2698408,-0.2698408,906.9993541,61.14857,-61.14857,4015.0,170.0,-170.0,0.577735,0.0594221,-0.0594221,49.3636227,,,676.0386184,,,CANDIDATE
3.1642475,6.5e-06,-6.5e-06,10.4341,0.683263,-0.683263,2330.0,211.889,-211.889,6975.0,158.9,-158.9,2.02,0.09,-0.09,296.494,,,1156.0,,,CANDIDATE
49.5355004,0.0002812,-0.0002812,10.5617,0.567113,-0.567113,5687.0,247.705,-247.705,6173.0,156.9,-156.9,1.33,0.06,-0.06,27.5628,,,638.0,,,CANDIDATE
2.8583729,4.2e-06,-4.2e-06,16.0985,2.31429,-2.31429,11829.0,3996.44,-3996.44,5537.0,161.7,-161.7,1.19,0.07,-0.07,259.61,,,1118.0,,,CANDIDATE
2.3404152,6.9e-06,-6.9e-06,13.0087,,,11265.0,576.228,-576.228,6686.0,122.0,-122.0,1.33,,,1539.65,,,1745.0,,,CANDIDATE
1.9639208,0.0002769,-0.0002769,12.0421,,,30553.0,1846.89,-1846.89,3914.3,276.7,-276.7,0.71,,,74.4726,,,818.0,,,CANDIDATE
66.9954225,9.75e-05,-9.75e-05,11.7213,0.650433,-0.650433,5477.0,317.349,-317.349,6078.0,119.2,-119.2,1.51,0.07,-0.07,1.51166,,,308.0,,,CANDIDATE
65.5580424,0.0002627,-0.0002627,5.53264,,,6381.0,348.489,-348.489,4340.0,122.0,-122.0,0.74,,,0.95388,,,275.0,,,CANDIDATE
4.2885021,1.47e-05,-1.47e-05,11.61,,,4402.0,390.144,-390.144,5937.5,88.6,-88.6,1.75,,,97.7022,,,875.0,,,CANDIDATE
2.4596079,4.6e-06,-4.6e-06,4.09395,0.254357,-0.254357,2195.0,80.6217,-80.6217,5340.0,128.7,-128.7,0.92,0.05,-0.05,448.314,,,1281.0,,,CANDIDATE
1.9271521,3e-06,-3e-06,13.364,0.587484,-0.587484,58745.0,2910.97,-2910.97,3516.0,157.0,-157.0,0.55,0.02,-0.02,29.2163,,,647.0,,,CANDIDATE
8.6729683,1.21e-05,-1.21e-05,2.28271,0.119422,-0.119422,724.6732153,35.195774,-35.195774,5384.0,185.0,-185.0,0.91,0.04,-0.04,114.2649808,,,833.8694004,,,CANDIDATE
22.5682711,6.45e-05,-6.45e-05,2.479501,2.229857,-2.229857,869.846616,77.67697,-77.67697,5384.0,185.0,-185.0,0.852304,0.147665,-0.147665,31.9256027,,,606.2538727,,,CANDIDATE
2.5604496,9.4e-06,-9.4e-06,1.60134,0.161543,-0.161543,423.0,47.9762,-47.9762,4679.0,129.0,-129.0,0.77,0.06,-0.06,127.195,,,935.0,,,CANDIDATE
1.7911016,0.0003034,-0.0003034,7.0726104,1.0872678,-1.0872678,12254.9439752,1336.6227,-1336.6227,3718.0,157.0,-157.0,0.636647,0.0199952,-0.0199952,114.7997816,,,834.843394,,,CANDIDATE
17.7456043,6.2e-05,-6.2e-05,2.44767,0.203412,-0.203412,1203.0,48.0856,-48.0856,4526.0,125.1,-125.1,0.72,0.06,-0.06,8.44389,,,474.0,,,CANDIDATE
0.7312783,2.1e-06,-2.1e-06,1.7324,0.132642,-0.132642,322.0,28.9896,-28.9896,5508.0,133.5,-133.5,0.97,0.05,-0.05,2334.8,,,1936.0,,,CANDIDATE
4.18142,0.00038,-0.00038,14.794,0.661276,-0.661276,7013.0,64.5369,-64.5369,6293.8,245.5,-245.5,1.76,0.08,-0.08,1099.82,,,1638.0,,,CANDIDATE
3.0513298,0.0013678,-0.0013678,11.1893597,1.447511,-1.447511,23465.9068147,3597.9634,-3597.9634,3937.0,157.0,-157.0,0.653572,0.0200799,-0.0200799,73.7445561,,,747.3985328,,,CANDIDATE
8.6000492,4.16e-05,-4.16e-05,3.12511,0.208397,-0.208397,639.0,42.514,-42.514,6920.0,131.124,-131.124,1.42,0.06,-0.06,256.415,,,1114.0,,,CANDIDATE
3.3206355,3.88e-05,-3.88e-05,3.01837,0.218737,-0.218737,667.0,44.6127,-44.6127,5768.0,128.3,-128.3,1.33,0.07,-0.07,1683.48,,,1784.0,,,CANDIDATE
3.8143009,4.7e-06,-4.7e-06,1.1147163,0.5950695,-0.5950695,457.7909152,21.996891,-21.996891,3625.0,69.0,-69.0,0.504068,0.0149315,-0.0149315,26.3711883,,,577.9658451,,,CONFIRMED
21.0562422,0.0075878,-0.0075878,5.1947988,0.7895158,-0.7895158,2640.3371988,294.35925,-294.35925,5376.0,130.055,-130.055,0.950465,0.0535478,-0.0535478,31.8281648,,,605.7907661,,,CANDIDATE
9.6994666,0.0051016,-0.0051016,9.5295926,2.9982812,-2.9982812,512.9617961,54.72791,-54.72791,4696.0,122.0,-122.0,4.2105899,,,143.2589795,,,882.3689413,,,CONFIRMED
2.817627,1.16e-05,-1.16e-05,3.22711,0.239891,-0.239891,868.0,76.3479,-76.3479,6320.6,104.4,-104.4,1.17,0.05,-0.05,327.873,,,1185.0,,,FALSE POSITIVE
17.3840061,0.0001712,-0.0001712,1.69425,0.116438,-0.116438,561.0,33.5326,-33.5326,5228.2,106.5,-106.5,0.82,0.04,-0.04,29.5344,,,649.0,,,CANDIDATE
15.9669794,8.6e-05,-8.6e-05,6.72555,0.391351,-0.391351,2229.0,100.859,-100.859,5888.0,126.9,-126.9,1.55,0.07,-0.07,42.1361,,,709.0,,,CANDIDATE
2.2775983,6.3e-06,-6.3e-06,4.16351,0.27059,-0.27059,1131.0,85.3068,-85.3068,6320.0,115.9,-115.9,1.3,0.05,-0.05,445.957,,,1280.0,,,CANDIDATE
3.1084574,3e-06,-3e-06,13.2168,0.652102,-0.652102,9902.0,214.502,-214.502,6024.0,133.0,-133.0,1.3,0.06,-0.06,539.374,,,1342.0,,,CANDIDATE
5.2729668,4.63e-05,-4.63e-05,2.56914,0.20187,-0.20187,1177.0,87.727,-87.727,5294.0,128.2,-128.2,0.81,0.05,-0.05,280.922,,,1140.0,,,CANDIDATE
4.0863647,7.6e-06,-7.6e-06,13.1374,1.11072,-1.11072,4671.0,586.825,-586.825,5969.0,132.984,-132.984,1.8,0.09,-0.09,671.938,,,1418.0,,,CANDIDATE
40.3833862,0.0001082,-0.0001082,2.03391,0.0858321,-0.0858321,6555.0,311.225,-311.225,3236.0,157.0,-157.0,0.25,0.01,-0.01,0.283517,,,203.0,,,CANDIDATE
47.0196372,0.0001501,-0.0001501,3.1012834,0.7683051,-0.7683051,1251.7456152,61.23012,-61.23012,5249.18,43.8635,-43.8635,0.877877,0.0440101,-0.0440101,8.6423925,,,437.2987599,,,CANDIDATE
1.4182984,1.1e-06,-1.1e-06,9.60116,0.569123,-0.569123,2124.0,191.906,-191.906,9267.0,225.9,-225.9,1.75,0.08,-0.08,1110.56,,,1608.0,,,CANDIDATE
4.9131459,0.0007988,-0.0007988,7.84064,0.510564,-0.510564,4488.0,356.975,-356.975,5999.0,154.5,-154.5,1.12,0.05,-0.05,76.9918,,,825.0,,,FALSE POSITIVE
2.8862017,8.8e-06,-8.8e-06,1.71911,0.334958,-0.334958,412.0,206.493,-206.493,4269.0,124.3,-124.3,0.64,0.06,-0.06,15.4038,,,551.0,,,CANDIDATE
2.8637988,0.0016009,-0.0016009,7.75857,0.54849,-0.54849,266.0,28.3694,-28.3694,9416.0,249.4,-249.4,4.62,0.17,-0.17,6505.86,,,2502.0,,,CANDIDATE
14.7595601,0.0020246,-0.0020246,7.3454534,0.6351595,-0.6351595,16406.5561433,349.6017,-349.6017,4708.0,184.451,-184.451,0.569838,0.046995,-0.046995,12.439999,,,478.9882236,,,CANDIDATE
3.1290476,0.0001981,-0.0001981,16.9082331,0.9406207,-0.9406207,13426.2063185,208.44247,-208.44247,5585.0,133.753,-133.753,1.4505399,0.0770854,-0.0770854,1052.2389998,,,1452.6077207,,,CONFIRMED
2.993282,0.0004857,-0.0004857,21.7455581,1.7183065,-1.7183065,14780.3009546,921.27045,-921.27045,6343.0,111.606,-111.606,1.58601,0.10682,-0.10682,1890.6489714,,,1681.7927473,,,CONFIRMED
3.3777419,0.0003005,-0.0003005,13.6239337,0.9716735,-0.9716735,17290.4349881,652.76117,-652.76117,5080.0,143.488,-143.488,1.0408,0.0629548,-0.0629548,370.3984667,,,1118.889104,,,CONFIRMED
2.4651801,7.64e-05,-7.64e-05,17.0861139,0.7499446,-0.7499446,11993.572763,206.59933,-206.59933,6848.0,167.4,-167.4,1.51554,0.0648392,-0.0648392,2726.6327607,,,1843.0045682,,,CONFIRMED
4.4626647,0.000359,-0.000359,13.3934403,0.556061,-0.556061,7983.8270519,197.9701,-197.9701,7587.0,408.241,-408.241,1.3951401,0.0530453,-0.0530453,1405.4798304,,,1561.6219471,,,CONFIRMED
719.0381327,0.0012108,-0.0012108,16.6333557,3.9165146,-3.9165146,4851.4092337,62.193977,-62.193977,5709.6,57.0,-57.0,1.4981,0.0624095,-0.0624095,0.8538315,,,245.1674374,,,CANDIDATE
5.8497196,4.53e-05,-4.53e-05,2.71286,0.1968,-0.1968,507.0,35.8829,-35.8829,6009.6,128.5,-128.5,1.35,0.07,-0.07,375.868,,,1226.0,,,CANDIDATE
1064.700399,0.0004252,-0.0004252,4.45158,0.365865,-0.365865,1294.0,118.721,-118.721,6009.6,128.5,-128.5,1.35,0.07,-0.07,4.48172,,,405.0,,,CANDIDATE
2.1376682,3.37e-05,-3.37e-05,15.7532,0.773281,-0.773281,8819.0,96.048,-96.048,5806.0,133.6,-133.6,1.6,0.08,-0.08,531.159,,,1337.0,,,CONFIRMED
10.5137924,0.0012504,-0.0012504,3.1867,0.233066,-0.233066,1611.0,90.4786,-90.4786,4942.0,126.4,-126.4,0.77,0.05,-0.05,25.6571,,,627.0,,,CANDIDATE
3.7570477,3.54e-05,-3.54e-05,1.41479,0.138617,-0.138617,340.0,37.9987,-37.9987,5263.0,126.7,-126.7,0.83,0.05,-0.05,197.985,,,1045.0,,,CANDIDATE
61.5555962,0.0007233,-0.0007233,2.1796,0.153763,-0.153763,182.0,13.6421,-13.6421,6298.0,121.9,-121.9,1.8,0.08,-0.08,15.6504,,,554.0,,,CANDIDATE
2.6667526,1.27e-05,-1.27e-05,3.01006,0.208297,-0.208297,190.0,16.4909,-16.4909,6173.0,126.5,-126.5,2.18,0.1,-0.1,1172.14,,,1630.0,,,FALSE POSITIVE
13.2341261,0.0051071,-0.0051071,7.3853255,1.2427559,-1.2427559,18389.5092472,2172.0933,-2172.0933,5025.0,155.0,-155.0,0.548929,,,16.1089138,,,510.9593066,,,CONFIRMED
15.3573522,0.0089502,-0.0089502,13.3280613,2.0405557,-2.0405557,21072.3970721,2812.5781,-2812.5781,5462.0,124.0,-124.0,0.915391,,,47.2404772,,,668.6491835,,,CONFIRMED
8.7201675,5.1e-05,-5.1e-05,2.35848,0.17703,-0.17703,957.0,64.9571,-64.9571,5443.0,132.7,-132.7,0.85,0.05,-0.05,84.6734,,,845.0,,,CANDIDATE
52.7993058,0.0002073,-0.0002073,2.3982714,0.9239807,-0.9239807,541.2696023,31.586758,-31.586758,5409.22,41.7711,-41.7711,1.02101,0.0503342,-0.0503342,10.9718358,,,464.183367,,,CANDIDATE
17.4757465,0.0001124,-0.0001124,1.4862817,0.3462308,-0.3462308,163.268484,18.675787,-18.675787,5409.22,41.7711,-41.7711,1.02101,0.0503342,-0.0503342,47.9221101,,,671.0482261,,,CANDIDATE
4.4563756,9.22e-05,-9.22e-05,2.98505,0.273991,-0.273991,308.0,34.1242,-34.1242,5658.0,132.6,-132.6,1.8,0.09,-0.09,452.138,,,1284.0,,,CANDIDATE
5.5334128,9.41e-05,-9.41e-05,2.57273,0.145418,-0.145418,169.0,9.89823,-9.89823,10409.0,414.3,-414.3,2.28,0.07,-0.07,13680.1,,,3012.0,,,CANDIDATE
0.8118915,6e-07,-6e-07,6.54453,0.459246,-0.459246,1245.0,104.076,-104.076,6019.0,136.4,-136.4,1.71,0.09,-0.09,4440.4,,,2274.0,,,CANDIDATE
13.1689848,6.29e-05,-6.29e-05,11.4366,0.71366,-0.71366,2592.0,158.037,-158.037,6282.0,131.2,-131.2,2.2,0.11,-0.11,472.115,,,1298.0,,,CANDIDATE
4.6504794,2.36e-05,-2.36e-05,18.8371,,,6221.0,329.51,-329.51,6274.0,122.0,-122.0,2.34,,,1172.26,,,1630.0,,,CANDIDATE
2.8120379,4.5e-06,-4.5e-06,9.95975,0.399667,-0.399667,11880.0,614.288,-614.288,6004.1,4.4,-4.4,0.91,0.02,-0.02,282.122,,,1141.0,,,CANDIDATE
3.4747684,1.55e-05,-1.55e-05,16.2878,5.63718,-5.63718,4548.0,5550.5,-5550.5,6572.0,155.6,-155.6,1.65,0.07,-0.07,4048.18,,,2222.0,,,CANDIDATE
6.403011,3.83e-05,-3.83e-05,7.96127,0.286718,-0.286718,3868.0,153.386,-153.386,5713.3,10.2,-10.2,1.53,0.02,-0.02,629.67,,,1395.0,,,CANDIDATE
6.3962557,2.53e-05,-2.53e-05,5.10457,0.318198,-0.318198,2257.0,123.639,-123.639,5847.0,149.9,-149.9,1.13,0.06,-0.06,164.368,,,997.0,,,CANDIDATE
1.996071,0.000106,-0.000106,1.947951,0.430095,-0.430095,352.76672,36.18996,-36.18996,6636.0,200.0,-200.0,0.975121,0.154384,-0.154384,1372.564389,,,1552.397488,,,FALSE POSITIVE
36.6892187,0.0005536,-0.0005536,9.1862,0.614422,-0.614422,7413.0,582.202,-582.202,6647.0,184.8,-184.8,1.12,0.05,-0.05,57.1087,,,765.0,,,CANDIDATE
12.7617794,1.51e-05,-1.51e-05,16.8306,,,26352.0,786.075,-786.075,6305.0,122.0,-122.0,1.06,,,97.3693,,,875.0,,,CANDIDATE
2.253174,1e-06,-1e-06,11.9013,0.35928,-0.35928,81734.0,689.066,-689.066,3340.0,157.0,-157.0,0.33,0.01,-0.01,19.5121,,,585.0,,,CANDIDATE
7.6253466,0.0001786,-0.0001786,9.43868,0.75276,-0.75276,2810.0,177.411,-177.411,5408.0,124.6,-124.6,2.19,0.12,-0.12,504.852,,,1320.0,,,CANDIDATE
21.8153374,0.0001191,-0.0001191,3.96837,0.277143,-0.277143,2502.0,145.483,-145.483,5399.0,133.9,-133.9,0.87,0.05,-0.05,21.5566,,,600.0,,,CANDIDATE
1.0092447,5.6e-06,-5.6e-06,11.8411,,,7501.0,544.62,-544.62,5491.0,122.0,-122.0,1.34,,,1267.16,,,1662.0,,,CANDIDATE
7.9039906,5.52e-05,-5.52e-05,9.39901,,,3040.0,209.64,-209.64,5797.0,122.0,-122.0,1.79,,,213.482,,,1064.0,,,CANDIDATE
1.5852089,5.1e-06,-5.1e-06,5.77903,,,450.0,47.4998,-47.4998,11678.0,,,2.74,,,14006.0,,,,,,CANDIDATE
777.0516742,0.0090448,-0.0090448,1.3396102,1.017282,-1.017282,7211.9264886,1035.8727,-1035.8727,50000.0,,,0.147,0.111,-0.111,70.1244992,,,738.052393,,,CANDIDATE
60.6825768,0.0001174,-0.0001174,16.0883,2.00757,-2.00757,8480.0,2226.93,-2226.93,5918.0,128.3,-128.3,1.48,0.07,-0.07,10.102,,,496.0,,,CANDIDATE
4.8510805,1.63e-05,-1.63e-05,17.8341,0.774004,-0.774004,9714.0,416.638,-416.638,5578.5,26.5,-26.5,1.9,0.06,-0.06,250.696,,,1108.0,,,CANDIDATE
1.102219,3.9e-06,-3.9e-06,16.2877,,,4361.0,358.944,-358.944,7469.0,122.0,-122.0,2.51,,,4488.98,,,2280.0,,,CANDIDATE
4.6745746,3e-05,-3e-05,13.7841,0.910168,-0.910168,1731.0,90.8444,-90.8444,5759.0,132.6,-132.6,3.8,0.19,-0.19,3744.12,,,2179.0,,,CANDIDATE
3.3505745,2.39e-05,-2.39e-05,11.4859,0.701272,-0.701272,3685.0,134.485,-134.485,6940.0,136.2,-136.2,2.21,0.12,-0.12,3106.23,,,2079.0,,,CANDIDATE
4.1560086,1.71e-05,-1.71e-05,7.19145,0.479078,-0.479078,2503.0,145.042,-145.042,6056.0,133.1,-133.1,1.55,0.08,-0.08,501.609,,,1318.0,,,CANDIDATE
1.3821651,4e-06,-4e-06,17.6176,,,9250.0,542.588,-542.588,7662.0,123.0,-123.0,1.94,,,7314.38,,,2576.0,,,CANDIDATE
4.4264918,6.29e-05,-6.29e-05,14.8697,1.0715,-1.0715,3584.0,309.43,-309.43,6231.0,128.9,-128.9,2.46,0.12,-0.12,2497.57,,,1969.0,,,CANDIDATE
216.24584,4.25e-05,-4.25e-05,18.5681404,12.38025,-12.38025,5045.1950681,142.8977,-142.8977,7053.0,206.0,-206.0,1.59688,0.199247,-0.199247,312.4351835,,,1072.2837713,,,FALSE POSITIVE
7.4156006,1.72e-05,-1.72e-05,16.1132,,,12272.0,619.157,-619.157,6446.0,122.0,-122.0,1.5,,,149.56,,,974.0,,,CANDIDATE
1.1838059,2.7e-06,-2.7e-06,11.623,,,4487.0,451.773,-451.773,7433.0,122.0,-122.0,1.68,,,2638.6,,,1996.0,,,CANDIDATE
5.3590843,1.08e-05,-1.08e-05,4.36817,0.332406,-0.332406,3018.0,133.48,-133.48,4845.0,133.5,-133.5,0.81,0.06,-0.06,101.96,,,885.0,,,CANDIDATE
17.0548288,9.7e-05,-9.7e-05,9.80945,,,5295.0,413.751,-413.751,5769.0,122.0,-122.0,1.38,,,55.0578,,,758.0,,,CANDIDATE
2.7945508,1.06e-05,-1.06e-05,13.7026,,,8242.0,607.405,-607.405,6345.0,122.0,-122.0,1.56,,,1289.93,,,1669.0,,,CANDIDATE
8.6145655,1.61e-05,-1.61e-05,12.146,0.593617,-0.593617,6195.0,241.662,-241.662,6467.0,156.2,-156.2,1.38,0.06,-0.06,577.62,,,1365.0,,,CANDIDATE
18.3841259,4.4e-05,-4.4e-05,2.1505216,1.1532959,-1.1532959,1010.0989222,65.31488,-65.31488,4356.0,173.0,-173.0,0.681407,0.078794,-0.078794,10.4112654,,,458.1372754,,,CANDIDATE
35.9432773,0.0001315,-0.0001315,2.7375059,0.4681154,-0.4681154,1178.967443,109.010864,-109.010864,4356.0,173.0,-173.0,0.681407,0.078794,-0.078794,4.2586368,,,366.384759,,,CANDIDATE
8.8182594,3.43e-05,-3.43e-05,13.1872,,,5493.0,397.473,-397.473,6052.0,122.0,-122.0,1.84,,,61.7662,,,781.0,,,CANDIDATE
7.0634276,3.83e-05,-3.83e-05,11.2092,0.81734,-0.81734,5286.0,624.881,-624.881,6354.0,142.2,-142.2,1.34,0.07,-0.07,102.801,,,887.0,,,CANDIDATE
4.6351977,6.6e-06,-6.6e-06,15.825,0.833407,-0.833407,11113.0,275.292,-275.292,5691.0,160.9,-160.9,1.57,0.08,-0.08,449.395,,,1282.0,,,CANDIDATE
18.9438583,7.52e-05,-7.52e-05,10.0797,0.554829,-0.554829,12167.0,436.692,-436.692,5583.0,146.9,-146.9,0.95,0.05,-0.05,28.1157,,,641.0,,,CANDIDATE
37.8016862,0.0002061,-0.0002061,6.55527,,,1734.0,119.569,-119.569,6783.0,,,1.61,,,18.7121,,,,,,CANDIDATE
2.5933417,2.6e-06,-2.6e-06,15.3451,,,9482.0,200.43,-200.43,6258.1,,,1.57,,,1492.39,,,,,,CANDIDATE
9.531366,1.21e-05,-1.21e-05,2.24794,0.243983,-0.243983,916.0,45.983,-45.983,4504.0,168.0,-168.0,0.72,0.08,-0.08,19.4095,,,584.0,,,CONFIRMED
51.6991421,0.0001292,-0.0001292,2.45531,0.262497,-0.262497,1339.0,41.4499,-41.4499,4504.0,168.0,-168.0,0.72,0.08,-0.08,2.70562,,,357.0,,,CONFIRMED
84.83869,0.0003679,-0.0003679,2.03857,0.226089,-0.226089,1020.0,48.3813,-48.3813,4504.0,168.0,-168.0,0.72,0.08,-0.08,1.21501,,,292.0,,,CONFIRMED
3.1739167,1.04e-05,-1.04e-05,17.4128,1.17816,-1.17816,2669.0,207.184,-207.184,7099.0,368.3,-368.3,3.17,0.17,-0.17,3458.24,,,2136.0,,,CANDIDATE
0.9739887,1.8e-06,-1.8e-06,21.8604,,,2904.0,6422.51,-6422.51,7357.0,122.0,-122.0,1.95,,,25053.9,,,3504.0,,,FALSE POSITIVE
0.3075961,1.1e-06,-1.1e-06,17.2274,0.541956,-0.541956,124509.0,1234.02,-1234.02,3257.0,157.0,-157.0,0.37,0.01,-0.01,117.396,,,917.0,,,CANDIDATE
2.6414334,2.5e-06,-2.5e-06,13.6255,,,19204.0,466.224,-466.224,5753.0,122.0,-122.0,1.06,,,580.045,,,1367.0,,,CANDIDATE
21.7276636,0.0001597,-0.0001597,8.18265,0.368795,-0.368795,43934.0,2345.92,-2345.92,3437.0,157.0,-157.0,0.4,0.01,-0.01,1.32008,,,298.0,,,CANDIDATE
3.2966077,9.7e-06,-9.7e-06,14.8596,0.833594,-0.833594,4963.0,168.15,-168.15,6259.0,296.7,-296.7,2.12,0.11,-0.11,1459.72,,,1722.0,,,CANDIDATE
3.3683989,1.08e-05,-1.08e-05,13.3562,0.723272,-0.723272,3874.0,133.056,-133.056,6902.0,333.5,-333.5,2.41,0.11,-0.11,2907.88,,,2045.0,,,CANDIDATE
8.8204144,9.98e-05,-9.98e-05,11.5324,,,4100.0,284.832,-284.832,5672.0,125.0,-125.0,2.07,,,553.234,,,1351.0,,,CANDIDATE
35.9993588,8.35e-05,-8.35e-05,2.2253394,0.4302357,-0.4302357,1086.7362497,39.823483,-39.823483,4316.7,69.0,-69.0,0.651075,0.054108,-0.054108,3.7788536,,,355.5983746,,,CANDIDATE
1.8715209,6.5e-06,-6.5e-06,1.0618157,0.7781768,-0.7781768,255.7891339,20.757965,-20.757965,4316.7,69.0,-69.0,0.651075,0.054108,-0.054108,194.7571992,,,952.7810913,,,CANDIDATE
1.2433877,4.1e-06,-4.1e-06,8.07577,,,2757.0,247.041,-247.041,6488.0,122.0,-122.0,1.47,,,2274.15,,,1923.0,,,CANDIDATE
1.4716633,1e-06,-1e-06,21.4506,,,9168.0,17198.8,-17198.8,5298.0,123.0,-123.0,1.07,,,997.016,,,1565.0,,,CANDIDATE
3.8282053,1.52e-05,-1.52e-05,11.9804,0.676474,-0.676474,4275.0,172.266,-172.266,6455.0,193.4,-193.4,2.05,0.1,-0.1,1269.85,,,1663.0,,,CANDIDATE
3.5899561,1.61e-05,-1.61e-05,18.0461,,,3727.0,259.388,-259.388,6224.0,,,2.87,,,1033.33,,,,,,CANDIDATE
10.6185545,2.77e-05,-2.77e-05,12.568,0.917943,-0.917943,10466.0,936.143,-936.143,5925.9,143.0,-143.0,1.19,0.06,-0.06,18.9483,,,581.0,,,CANDIDATE
1.2529962,3e-07,-3e-07,19.179,4.34787,-4.34787,14080.0,22480.6,-22480.6,4220.0,120.3,-120.3,0.75,0.07,-0.07,382.546,,,1232.0,,,FALSE POSITIVE
5.4149624,1.32e-05,-1.32e-05,16.1825,1.11167,-1.11167,4028.0,307.495,-307.495,7979.0,225.7,-225.7,2.75,0.12,-0.12,155.146,,,983.0,,,CANDIDATE
3.8850223,6.7e-06,-6.7e-06,11.9861,0.71709,-0.71709,6113.0,499.799,-499.799,7162.0,289.9,-289.9,1.48,0.06,-0.06,192.359,,,1037.0,,,CANDIDATE
4.3239329,6.5e-06,-6.5e-06,1.5008877,1.0006013,-1.0006013,977.2224915,54.540478,-54.540478,3782.0,,,0.473141,0.0141473,-0.0141473,23.7735564,,,563.1748972,,,CANDIDATE
10.1775475,2.19e-05,-2.19e-05,1.5705443,0.3681686,-0.3681686,943.2876093,63.75644,-63.75644,3782.0,,,0.473141,0.0141473,-0.0141473,7.5929156,,,423.3717664,,,CANDIDATE
5.1879527,4.13e-05,-4.13e-05,14.8534,1.02206,-1.02206,3524.0,218.573,-218.573,6617.0,240.2,-240.2,2.9,0.14,-0.14,1933.52,,,1847.0,,,CANDIDATE
2.4141149,8.6e-06,-8.6e-06,5.83132,0.355162,-0.355162,10760.0,799.733,-799.733,3438.0,157.0,-157.0,0.61,0.02,-0.02,29.5308,,,649.0,,,CANDIDATE
6.5433068,0.0010732,-0.0010732,16.0666,,,26297.0,1152.72,-1152.72,5295.0,122.0,-122.0,1.07,,,102.868,,,887.0,,,CANDIDATE
1.1376981,2.8e-06,-2.8e-06,2.77467,0.379864,-0.379864,1217.0,235.076,-235.076,4244.0,128.7,-128.7,0.74,0.07,-0.07,349.377,,,1204.0,,,CANDIDATE
0.5289141,1.2e-06,-1.2e-06,6.67772,0.499258,-0.499258,2503.0,226.25,-226.25,5739.6,120.9,-120.9,1.34,0.07,-0.07,3529.75,,,2147.0,,,CANDIDATE
23.2471066,6.26e-05,-6.26e-05,13.9025,,,12754.0,3517.51,-3517.51,5839.1,19.2,-19.2,1.01,,,8.76779,,,479.0,,,CANDIDATE
28.4664618,0.0001736,-0.0001736,9.21955,0.543309,-0.543309,4267.0,196.003,-196.003,5888.0,141.0,-141.0,1.54,0.08,-0.08,36.4134,,,684.0,,,CANDIDATE
1.3473988,3.3e-06,-3.3e-06,9.67861,3.03877,-3.03877,11164.0,11725.4,-11725.4,3576.0,157.0,-157.0,0.64,0.02,-0.02,20.22,,,590.0,,,CANDIDATE
1.3432587,4.3e-06,-4.3e-06,3.99294,0.315449,-0.315449,2215.0,169.922,-169.922,5031.1,112.0,-112.0,0.87,0.05,-0.05,663.13,,,1413.0,,,CANDIDATE
2.6520679,3.2e-06,-3.2e-06,11.2606,0.359917,-0.359917,126188.0,1377.01,-1377.01,3247.0,157.0,-157.0,0.34,0.01,-0.01,15.7673,,,555.0,,,CONFIRMED
19.2879579,3.19e-05,-3.19e-05,1.7145308,0.1255244,-0.1255244,4773.5508832,238.33017,-238.33017,3075.0,,,0.229824,0.0068728,-0.0068728,0.7212871,,,235.0427129,,,CONFIRMED
0.8818115,3.4e-06,-3.4e-06,9.47171,,,2067.0,195.55,-195.55,6571.0,122.0,-122.0,2.14,,,4304.47,,,2256.0,,,CANDIDATE
7.1467369,4.83e-05,-4.83e-05,3.63858,0.24894,-0.24894,1157.0,82.7607,-82.7607,6252.0,136.8,-136.8,1.15,0.05,-0.05,412.052,,,1255.0,,,CANDIDATE
27.6174987,0.0001651,-0.0001651,3.92928,0.284225,-0.284225,2176.0,149.765,-149.765,5469.0,145.1,-145.1,0.9,0.05,-0.05,17.4356,,,569.0,,,CANDIDATE
8.8600515,2.13e-05,-2.13e-05,9.20623,0.533844,-0.533844,10563.0,336.506,-336.506,5481.0,127.1,-127.1,0.97,0.05,-0.05,45.247,,,722.0,,,CANDIDATE
3.8949005,1.31e-05,-1.31e-05,2.15693,0.175438,-0.175438,1071.0,74.706,-74.706,4718.0,168.5,-168.5,0.67,0.05,-0.05,116.253,,,914.0,,,CANDIDATE
1.9299641,7.2e-06,-7.2e-06,11.758,1.68615,-1.68615,26801.0,15310.1,-15310.1,3554.0,157.0,-157.0,0.46,0.01,-0.01,2.99687,,,366.0,,,CANDIDATE
1.1838063,2.7e-06,-2.7e-06,9.29553,0.659645,-0.659645,1853.0,191.817,-191.817,8996.0,209.9,-209.9,2.11,0.08,-0.08,6017.49,,,2453.0,,,CANDIDATE
3.338577,1.77e-05,-1.77e-05,11.9188,,,3620.0,255.657,-255.657,7482.0,122.0,-122.0,2.13,,,2475.81,,,1965.0,,,CANDIDATE
0.83707,0.00029,-0.00029,2.98849,0.323354,-0.323354,2745.5,16.2657,-16.2657,3776.0,152.8,-152.8,0.52,0.04,-0.04,2645.93,,,1998.0,,,FALSE POSITIVE
3.0825102,9.2e-06,-9.2e-06,10.2259,0.417153,-0.417153,4011.0,166.112,-166.112,6001.8,27.9,-27.9,1.69,0.05,-0.05,1312.39,,,1676.0,,,CANDIDATE
3.8285502,1.13e-05,-1.13e-05,12.7621,,,2531.0,96.6115,-96.6115,7075.0,172.3,-172.3,2.8,,,3360.36,,,2121.0,,,CANDIDATE
8.6393678,5.66e-05,-5.66e-05,8.17498,0.553681,-0.553681,22505.0,1575.02,-1575.02,3468.0,157.0,-157.0,0.56,0.03,-0.03,6.46156,,,444.0,,,CANDIDATE
5.3913891,1.39e-05,-1.39e-05,4.28654,0.341374,-0.341374,4086.0,330.626,-330.626,5179.0,136.3,-136.3,0.71,0.04,-0.04,79.5918,,,832.0,,,CANDIDATE
736.5528811,0.0050184,-0.0050184,3.13923,1.18599,-1.18599,1432.0,822.724,-822.724,5659.0,134.6,-134.6,0.86,0.05,-0.05,0.22955,,,192.0,,,FALSE POSITIVE
3.2509657,0.0014426,-0.0014426,12.8297161,2.3534684,-2.3534684,7218.2612358,896.1608,-896.1608,5757.0,134.0,-134.0,1.49959,,,1175.136445,,,1493.2819769,,,CONFIRMED
12.9228111,0.0029544,-0.0029544,2.1004549,0.3228663,-0.3228663,8723.2564459,870.9261,-870.9261,3166.0,157.0,-157.0,0.223377,0.0067857,-0.0067857,1.1580614,,,264.5773396,,,CANDIDATE
13.723753,0.0032525,-0.0032525,7.707781,1.1731796,-1.1731796,3129.0813648,283.006,-283.006,6374.4,137.098,-137.098,1.34911,0.0722814,-0.0722814,182.2286132,,,937.0740086,,,CANDIDATE
1.7497746,2.03e-05,-2.03e-05,15.5589079,0.9688259,-0.9688259,29973.7051609,143.08948,-143.08948,5087.0,129.521,-129.521,0.856841,0.0532262,-0.0532262,605.7624942,,,1265.305351,,,CONFIRMED
3.4375711,0.0002944,-0.0002944,15.0290201,0.8152145,-0.8152145,10435.0708429,239.33965,-239.33965,5874.0,138.77,-138.77,1.43119,0.0720603,-0.0720603,1056.4685689,,,1454.0652473,,,CANDIDATE
1.917096,0.0001166,-0.0001166,3.5741192,0.7136009,-0.7136009,4017.0792074,311.28613,-311.28613,3653.0,157.0,-157.0,0.523126,0.0155389,-0.0155389,73.898565,,,747.7884464,,,CANDIDATE
23.5367004,0.0004474,-0.0004474,3.3862,0.195666,-0.195666,443.0,30.9222,-30.9222,7487.0,131.3,-131.3,1.69,0.06,-0.06,158.942,,,989.0,,,CANDIDATE
2.7547949,0.0005812,-0.0005812,3.7424744,1.1032652,-1.1032652,1434.2026954,161.70987,-161.70987,5531.0,124.344,-124.344,0.977544,0.0509748,-0.0509748,551.092681,,,1235.7366017,,,CANDIDATE
0.6257352,3.37e-05,-3.37e-05,9.1590642,5.374476,-5.374476,13403.1636987,997.5554,-997.5554,3718.0,157.0,-157.0,0.593043,0.0179185,-0.0179185,420.7449426,,,1155.1130109,,,CANDIDATE
4.2422767,0.0005708,-0.0005708,14.4051573,0.8706211,-0.8706211,4728.4740947,208.4485,-208.4485,6223.0,127.484,-127.484,1.92379,0.0959274,-0.0959274,1672.3625665,,,1630.9939837,,,CANDIDATE
2.9944941,1.06e-05,-1.06e-05,15.498003,0.7664095,-0.7664095,2479.3671334,119.02383,-119.02383,7465.0,170.7,-170.7,3.0202899,0.111658,-0.111658,10706.9138368,,,2594.393374,,,CANDIDATE
6.8434236,5.2e-05,-5.2e-05,2.93142,0.183364,-0.183364,767.0,46.756,-46.756,6060.0,136.9,-136.9,1.14,0.05,-0.05,325.891,,,1183.0,,,CANDIDATE
5.2169076,3.84e-05,-3.84e-05,2.0097,0.129609,-0.129609,334.0,23.4957,-23.4957,5966.0,124.1,-124.1,1.1,0.05,-0.05,192.44,,,1037.0,,,CANDIDATE
2.7384363,1.02e-05,-1.02e-05,10.4314,0.768285,-0.768285,871.0,48.207,-48.207,4964.0,173.4,-173.4,3.56,0.23,-0.23,549.707,,,1348.0,,,CANDIDATE
3.2607791,3.14e-05,-3.14e-05,3.18123,0.222243,-0.222243,574.0,43.9235,-43.9235,5975.0,129.3,-129.3,1.39,0.07,-0.07,973.545,,,1556.0,,,CANDIDATE
5.1794403,5.2e-05,-5.2e-05,5.8283,0.374303,-0.374303,796.0,47.3181,-47.3181,5946.0,136.1,-136.1,2.21,0.11,-0.11,773.896,,,1469.0,,,CANDIDATE
14.7126653,0.0001729,-0.0001729,2.08605,0.153422,-0.153422,305.0,23.6794,-23.6794,6156.0,120.2,-120.2,1.34,0.06,-0.06,74.4061,,,818.0,,,CANDIDATE
10.5739387,6.64e-05,-6.64e-05,4.60829,,,493.0,39.8765,-39.8765,9088.0,,,2.3,,,590.803,,,,,,CANDIDATE
1.1976555,7.8e-06,-7.8e-06,1.53572,0.140243,-0.140243,303.0,37.1081,-37.1081,5598.9,107.1,-107.1,0.91,0.04,-0.04,922.814,,,1535.0,,,CANDIDATE
2.6881318,0.000215,-0.000215,3.537073,0.3074696,-0.3074696,22717.9494983,1646.6449,-1646.6449,3244.0,157.0,-157.0,0.232947,0.0070022,-0.0070022,10.8896046,,,463.3111771,,,CANDIDATE
1.7024504,6.9e-06,-6.9e-06,16.0263,0.993297,-0.993297,8210.0,284.729,-284.729,6026.0,129.4,-129.4,2.0,0.11,-0.11,2502.63,,,1970.0,,,CANDIDATE
2.8890956,0.0005007,-0.0005007,12.4627,2.19301,-2.19301,36105.0,12995.3,-12995.3,3643.0,157.0,-157.0,0.59,0.02,-0.02,94.1363,,,867.0,,,CANDIDATE
4.109953,1.61e-05,-1.61e-05,1.81345,0.114574,-0.114574,434.0,22.2615,-22.2615,5653.0,122.3,-122.3,0.97,0.05,-0.05,1091.8,,,1601.0,,,FALSE POSITIVE
4.1223508,0.0008481,-0.0008481,11.9742,0.37534,-0.37534,9275.0,411.665,-411.665,6116.7,34.9,-34.9,1.28,0.02,-0.02,532.039,,,1337.0,,,CANDIDATE
5.6604695,3.07e-05,-3.07e-05,8.32101,0.535343,-0.535343,3523.0,165.079,-165.079,5711.0,130.0,-130.0,1.6,0.08,-0.08,536.569,,,1340.0,,,CANDIDATE
16.3425332,0.0001357,-0.0001357,3.45358,1.44747,-1.44747,748.0,904.977,-904.977,5946.0,123.6,-123.6,0.95,0.04,-0.04,512.943,,,1325.0,,,CANDIDATE
5.4934218,0.0005409,-0.0005409,17.1065,0.823906,-0.823906,18470.0,342.839,-342.839,6028.0,139.7,-139.7,1.25,0.06,-0.06,335.209,,,1192.0,,,FALSE POSITIVE
4.167309,0.0013543,-0.0013543,12.5792,0.815234,-0.815234,7537.0,347.512,-347.512,6552.0,129.6,-129.6,1.59,0.09,-0.09,1160.33,,,1625.0,,,CANDIDATE
3.8242663,0.0008245,-0.0008245,13.0807,0.895515,-0.895515,20057.0,1042.35,-1042.35,5211.0,134.4,-134.4,1.0,0.06,-0.06,173.28,,,1010.0,,,CANDIDATE
2.7998534,2.3e-06,-2.3e-06,12.343,,,27117.0,1004.14,-1004.14,4412.0,122.0,-122.0,0.73,,,54.1418,,,755.0,,,CANDIDATE
2.5122863,0.0009356,-0.0009356,15.8933,,,11307.0,913.773,-913.773,6156.0,122.0,-122.0,1.53,,,806.804,,,1484.0,,,CANDIDATE
4.2271814,9.7e-06,-9.7e-06,13.559,,,15027.0,413.907,-413.907,5913.0,122.0,-122.0,1.2,,,433.056,,,1270.0,,,CANDIDATE
3.1540886,0.0005311,-0.0005311,11.8788,,,23864.0,1687.23,-1687.23,4521.0,122.0,-122.0,0.74,,,69.3081,,,803.0,,,CANDIDATE
3.16043,0.00071,-0.00071,2.38866,0.252569,-0.252569,203.33,1.44642,-1.44642,6482.3,205.2,-205.2,1.52,0.1,-0.1,616.95,,,1388.0,,,FALSE POSITIVE
5.0660693,3.06e-05,-3.06e-05,12.5338,,,18438.0,1393.95,-1393.95,5269.0,122.0,-122.0,1.0,,,77.8993,,,827.0,,,CANDIDATE
7.7600907,1.26e-05,-1.26e-05,16.1727,,,16068.0,884.496,-884.496,5940.0,122.0,-122.0,1.27,,,27.9358,,,640.0,,,CANDIDATE
5.7351935,0.0008249,-0.0008249,9.87741,,,18384.0,1272.16,-1272.16,5042.0,122.0,-122.0,0.77,,,108.999,,,900.0,,,CANDIDATE
3.8080897,7.9e-06,-7.9e-06,11.3715,0.569908,-0.569908,8079.0,169.947,-169.947,6343.0,127.2,-127.2,1.38,0.07,-0.07,606.114,,,1382.0,,,CANDIDATE
3.4844157,1.92e-05,-1.92e-05,11.7346,,,11801.0,727.282,-727.282,5917.0,122.0,-122.0,1.11,,,572.114,,,1362.0,,,CANDIDATE
3.5689392,8.2e-06,-8.2e-06,7.89993,0.738282,-0.738282,3138.0,463.622,-463.622,6326.0,126.3,-126.3,1.35,0.06,-0.06,76.3043,,,823.0,,,CANDIDATE
12.0080349,0.000182,-0.000182,7.16846,,,2736.0,254.369,-254.369,6554.0,,,1.5,,,211.426,,,,,,CANDIDATE
3.6366231,1.54e-05,-1.54e-05,12.4438,0.777627,-0.777627,8385.0,367.316,-367.316,5978.0,139.5,-139.5,1.44,0.08,-0.08,717.115,,,1441.0,,,CANDIDATE
2.6343177,1.06e-05,-1.06e-05,13.5381,0.835561,-0.835561,3792.0,157.619,-157.619,7495.0,130.2,-130.2,2.39,0.13,-0.13,7168.32,,,2563.0,,,CANDIDATE
12.2877358,5.01e-05,-5.01e-05,2.09232,0.121648,-0.121648,315.0,17.0696,-17.0696,6008.62,40.1065,-40.1065,1.3,0.06,-0.06,127.181,,,935.0,,,CANDIDATE
2.2609143,1.16e-05,-1.16e-05,13.2504,1.49723,-1.49723,3320.0,527.668,-527.668,6453.0,33.1,-33.1,2.2,0.16,-0.16,1826.44,,,1821.0,,,CANDIDATE
10.548504,5.92e-05,-5.92e-05,7.83737,0.5059,-0.5059,7496.0,404.891,-404.891,5421.0,131.3,-131.3,0.92,0.05,-0.05,44.0719,,,717.0,,,CANDIDATE
75.6979471,0.000192,-0.000192,6.79508,0.392206,-0.392206,6920.0,197.184,-197.184,5422.0,126.3,-126.3,0.91,0.05,-0.05,3.85902,,,390.0,,,CANDIDATE
36.9870862,0.0001471,-0.0001471,8.83849,0.617064,-0.617064,5950.0,560.377,-560.377,6110.1,105.6,-105.6,1.14,0.05,-0.05,16.1862,,,558.0,,,CANDIDATE
8.9093753,0.0001061,-0.0001061,13.9451,0.926446,-0.926446,9278.0,516.789,-516.789,6375.0,133.3,-133.3,1.65,0.08,-0.08,289.201,,,1148.0,,,CANDIDATE
3.1243759,2.3e-05,-2.3e-05,12.9639,0.866597,-0.866597,6498.0,362.933,-362.933,5477.0,142.9,-142.9,1.71,0.09,-0.09,1034.01,,,1579.0,,,CANDIDATE
3.9859545,2.27e-05,-2.27e-05,13.1539,0.861049,-0.861049,6488.0,311.767,-311.767,5566.0,126.8,-126.8,1.71,0.1,-0.1,563.839,,,1357.0,,,CANDIDATE
4.9030173,1.34e-05,-1.34e-05,11.3707,0.658589,-0.658589,4872.0,233.494,-233.494,5663.0,173.0,-173.0,1.64,0.08,-0.08,284.216,,,1143.0,,,CANDIDATE
2.9069573,5e-06,-5e-06,13.8539,0.815851,-0.815851,12330.0,645.543,-645.543,5744.0,152.1,-152.1,1.22,0.06,-0.06,285.031,,,1144.0,,,CANDIDATE
15.3004892,3.91e-05,-3.91e-05,2.3968761,0.8987442,-0.8987442,1265.2897827,64.64893,-64.64893,4082.0,170.0,-170.0,0.660762,0.0640396,-0.0640396,17.0816408,,,518.5040418,,,CANDIDATE
7.8365317,4.34e-05,-4.34e-05,16.9425,1.95346,-1.95346,4532.0,985.76,-985.76,6167.0,127.3,-127.3,2.21,0.12,-0.12,157.252,,,986.0,,,FALSE POSITIVE
5.1869453,0.0001512,-0.0001512,10.1814,0.916384,-0.916384,2193.0,183.412,-183.412,6018.0,145.7,-145.7,2.59,0.14,-0.14,1024.95,,,1576.0,,,CANDIDATE
5.3384038,3.33e-05,-3.33e-05,13.2522,,,4170.0,328.228,-328.228,6250.7,22.5,-22.5,2.1,,,399.203,,,1245.0,,,CANDIDATE
5.5698339,5.35e-05,-5.35e-05,8.79181,0.803487,-0.803487,4318.0,440.801,-440.801,6500.0,127.7,-127.7,1.48,0.08,-0.08,1060.74,,,1589.0,,,CANDIDATE
9.7461668,0.0002082,-0.0002082,8.3598,0.613753,-0.613753,3751.0,247.16,-247.16,6319.0,249.5,-249.5,1.6,0.08,-0.08,218.681,,,1071.0,,,CANDIDATE
2.3593338,4.3e-06,-4.3e-06,10.8435,0.557645,-0.557645,10088.0,435.784,-435.784,6613.0,149.6,-149.6,1.1,0.05,-0.05,949.236,,,1546.0,,,CANDIDATE
2.9324083,1.48e-05,-1.48e-05,13.5533,0.686785,-0.686785,10392.0,528.68,-528.68,7696.0,279.7,-279.7,1.44,0.05,-0.05,2087.79,,,1883.0,,,CANDIDATE
1.4178596,2.8e-06,-2.8e-06,1.10894,0.0796732,-0.0796732,204.0,14.2368,-14.2368,4907.96,59.9497,-59.9497,0.76,0.05,-0.05,452.395,,,1284.0,,,CANDIDATE
4.3041912,2.75e-05,-2.75e-05,12.2161,,,19405.0,868.019,-868.019,4856.0,122.0,-122.0,0.91,,,121.87,,,925.0,,,CANDIDATE
11.0658881,2.6e-05,-2.6e-05,16.7803,2.68881,-2.68881,13656.0,3600.51,-3600.51,5617.0,138.8,-138.8,1.4,0.08,-0.08,45.0942,,,721.0,,,CANDIDATE
3.3221412,1.1e-06,-1.1e-06,20.0829,1.05228,-1.05228,63580.0,672.577,-672.577,3300.0,157.0,-157.0,0.46,0.02,-0.02,8.30847,,,472.0,,,CANDIDATE
3.4202745,1.96e-05,-1.96e-05,11.984,0.685046,-0.685046,7438.0,279.265,-279.265,6095.0,125.9,-125.9,1.6,0.08,-0.08,1117.08,,,1610.0,,,CANDIDATE
4.626302,4.92e-05,-4.92e-05,11.742,,,11063.0,742.552,-742.552,5990.0,122.0,-122.0,1.22,,,374.784,,,1225.0,,,CANDIDATE
3.930467,8e-06,-8e-06,12.1575,0.867475,-0.867475,19093.0,700.303,-700.303,4913.0,132.8,-132.8,0.91,0.06,-0.06,115.741,,,913.0,,,CANDIDATE
14.3938942,3.85e-05,-3.85e-05,11.5455,0.58497,-0.58497,6518.0,286.952,-286.952,6891.0,127.8,-127.8,1.46,0.06,-0.06,127.979,,,937.0,,,CANDIDATE
3.21264,5.1e-06,-5.1e-06,2.0575829,0.8583651,-0.8583651,510.1236296,33.824657,-33.824657,5330.0,125.0,-125.0,0.88283,0.048588,-0.048588,327.7849685,,,1085.2180486,,,CANDIDATE
6.8911882,4.23e-05,-4.23e-05,9.10101,0.537155,-0.537155,4518.0,235.296,-235.296,6628.0,122.7,-122.7,1.52,0.07,-0.07,675.78,,,1420.0,,,CANDIDATE
6.3377947,9e-06,-9e-06,12.6346,,,9130.0,874.445,-874.445,5974.0,,,1.22,,,115.676,,,,,,CANDIDATE
2.9383886,1.9e-06,-1.9e-06,17.0131,0.850787,-0.850787,13226.0,150.747,-150.747,6059.0,132.3,-132.3,1.54,0.08,-0.08,883.823,,,1519.0,,,CANDIDATE
3.7352012,7.6e-06,-7.6e-06,13.2011,,,14256.0,461.727,-461.727,5816.0,122.0,-122.0,1.18,,,410.022,,,1253.0,,,CANDIDATE
11.5175506,7.48e-05,-7.48e-05,12.9592,,,12852.0,2603.35,-2603.35,6259.0,122.0,-122.0,1.27,,,242.58,,,1099.0,,,CANDIDATE
1.6877647,4.7e-06,-4.7e-06,5.76677,0.32843,-0.32843,1655.0,93.9046,-93.9046,6599.0,129.9,-129.9,1.44,0.06,-0.06,2396.94,,,1949.0,,,CANDIDATE
6.8782937,1.19e-05,-1.19e-05,14.876,0.801183,-0.801183,11342.0,209.227,-209.227,5657.0,130.3,-130.3,1.35,0.07,-0.07,264.312,,,1123.0,,,FALSE POSITIVE
3.8148598,6.8e-06,-6.8e-06,12.6261,0.687829,-0.687829,8744.0,502.138,-502.138,6425.6,103.5,-103.5,1.39,0.06,-0.06,152.211,,,978.0,,,CANDIDATE
6.0387706,1.67e-05,-1.67e-05,6.86956,0.302391,-0.302391,29537.0,1421.16,-1421.16,3374.0,157.0,-157.0,0.41,0.01,-0.01,5.28643,,,422.0,,,CANDIDATE
0.9889446,1.7e-06,-1.7e-06,7.2993,,,979.0,921.917,-921.917,6173.3,152.9,-152.9,1.5,,,33896.0,,,,,,FALSE POSITIVE
8.9653531,3.78e-05,-3.78e-05,9.63776,0.656011,-0.656011,7094.0,481.542,-481.542,5977.0,132.1,-132.1,1.15,0.06,-0.06,41.5232,,,707.0,,,CANDIDATE
11.5588657,4.28e-05,-4.28e-05,5.14186,0.416171,-0.416171,4691.0,354.647,-354.647,5029.0,137.8,-137.8,0.8,0.05,-0.05,19.016,,,581.0,,,CANDIDATE
1.4207284,3.6e-06,-3.6e-06,5.86248,,,4092.0,252.233,-252.233,5868.0,122.0,-122.0,0.93,,,1601.42,,,1762.0,,,CANDIDATE
5.4240992,3.06e-05,-3.06e-05,5.12394,0.33017,-0.33017,2519.0,156.046,-156.046,5386.0,123.6,-123.6,1.0,0.05,-0.05,127.083,,,935.0,,,CANDIDATE
5.0769983,6.4e-06,-6.4e-06,10.9525,0.695331,-0.695331,3683.0,216.884,-216.884,6271.0,134.3,-134.3,1.9,0.09,-0.09,62.3468,,,782.0,,,CANDIDATE
1.6831237,9.4e-06,-9.4e-06,10.0219,0.71955,-0.71955,2192.0,218.681,-218.681,6264.0,130.3,-130.3,2.0,0.1,-0.1,774.318,,,1469.0,,,CANDIDATE
8.5748036,6.4e-05,-6.4e-05,9.07655,,,795.0,53.584,-53.584,5168.0,122.0,-122.0,3.58,,,2309.44,,,1931.0,,,CANDIDATE
1.0495702,3.6e-06,-3.6e-06,3.76017,0.261636,-0.261636,573.0,60.0133,-60.0133,6222.0,158.5,-158.5,1.44,0.06,-0.06,2691.99,,,2006.0,,,CANDIDATE
6.2384297,1.15e-05,-1.15e-05,12.6929,,,13808.0,1307.81,-1307.81,5448.0,122.0,-122.0,1.1,,,93.3127,,,865.0,,,CANDIDATE
16.4591808,0.000131,-0.000131,8.17474,0.529668,-0.529668,4396.0,224.516,-224.516,5975.0,145.1,-145.1,1.37,0.07,-0.07,101.082,,,883.0,,,CANDIDATE
0.46132,9e-05,-9e-05,1.89253,0.156017,-0.156017,220.0,1.02671,-1.02671,6629.0,128.8,-128.8,1.21,0.05,-0.05,13156.0,,,2983.0,,,FALSE POSITIVE
6.6308943,3.08e-05,-3.08e-05,10.415,0.885293,-0.885293,6379.0,629.235,-629.235,5410.1,124.8,-124.8,1.18,0.08,-0.08,46.6475,,,728.0,,,CANDIDATE
2.3273503,3.9e-06,-3.9e-06,13.0392,,,11266.0,558.647,-558.647,5957.0,123.0,-123.0,1.31,,,457.84,,,1288.0,,,CANDIDATE
6.4093679,1.5e-05,-1.5e-05,9.96563,0.542822,-0.542822,11126.0,376.426,-376.426,5792.0,124.4,-124.4,0.96,0.05,-0.05,175.697,,,1014.0,,,CANDIDATE
49.2145201,0.0003378,-0.0003378,7.69521,0.427321,-0.427321,3135.0,157.933,-157.933,6657.0,125.2,-125.2,1.55,0.06,-0.06,12.1274,,,519.0,,,CANDIDATE
10.5637482,7.43e-05,-7.43e-05,10.598,,,9607.0,842.786,-842.786,5533.0,122.0,-122.0,1.08,,,28.1932,,,641.0,,,CANDIDATE
4.1723,1.2e-05,-1.2e-05,10.1574,0.452792,-0.452792,46257.0,2326.69,-2326.69,3392.0,157.0,-157.0,0.49,0.01,-0.01,11.1296,,,508.0,,,CANDIDATE
3.8789319,8e-06,-8e-06,10.7771,,,4722.0,137.244,-137.244,6148.0,,,1.3,,,1252.01,,,,,,CANDIDATE
10.3486661,4.63e-05,-4.63e-05,8.85088,,,5059.0,286.372,-286.372,5748.0,122.0,-122.0,1.36,,,248.334,,,1105.0,,,CANDIDATE
13.5647678,3.04e-05,-3.04e-05,7.43045,1.03144,-1.03144,10194.0,382.389,-382.389,5528.0,119.6,-119.6,0.77,0.11,-0.11,32.2046,,,663.0,,,CANDIDATE
11.656295,4.5e-05,-4.5e-05,2.94972,0.334374,-0.334374,2171.0,140.761,-140.761,4004.0,129.5,-129.5,0.66,0.07,-0.07,10.0605,,,496.0,,,CANDIDATE
4.7244442,4.31e-05,-4.31e-05,1.97562,0.283431,-0.283431,1480.0,25.7038,-25.7038,3653.0,157.0,-157.0,0.5,0.01,-0.01,6.29202,,,441.0,,,CANDIDATE
0.7499711,1.29e-05,-1.29e-05,1.0797147,1.5446223,-1.5446223,441.8866633,68.78463,-68.78463,3653.0,157.0,-157.0,0.497204,0.0147744,-0.0147744,241.1610487,,,1005.0705332,,,CANDIDATE
8.9197222,5.27e-05,-5.27e-05,12.1831,0.867104,-0.867104,4742.0,430.228,-430.228,6348.0,138.5,-138.5,1.78,0.08,-0.08,114.929,,,912.0,,,CANDIDATE
7.1304113,1.83e-05,-1.83e-05,12.869,0.738065,-0.738065,4490.0,245.948,-245.948,6014.0,148.1,-148.1,1.93,0.09,-0.09,170.387,,,1006.0,,,CANDIDATE
7.5801393,9.61e-05,-9.61e-05,11.334,0.879208,-0.879208,3799.0,243.399,-243.399,5860.0,125.5,-125.5,2.16,0.12,-0.12,389.626,,,1237.0,,,CANDIDATE
8.908871,2.65e-05,-2.65e-05,8.82119,0.577847,-0.577847,70444.0,7681.9,-7681.9,3267.0,157.0,-157.0,0.31,0.01,-0.01,0.888904,,,270.0,,,CANDIDATE
6.1211661,3.12e-05,-3.12e-05,6.22933,,,4248.0,278.862,-278.862,6011.2,,,1.02,,,157.1,,,,,,FALSE POSITIVE
14.2317652,0.0001444,-0.0001444,8.27506,0.693828,-0.693828,912.0,48.7499,-48.7499,5914.0,135.2,-135.2,3.21,0.23,-0.23,328.667,,,1186.0,,,CANDIDATE
7.915274,5.26e-05,-5.26e-05,12.1673,,,13798.0,699.94,-699.94,5638.0,122.0,-122.0,1.07,,,227.626,,,1082.0,,,CANDIDATE
7.6316525,1.13e-05,-1.13e-05,15.8297,,,30467.0,770.103,-770.103,5655.0,123.0,-123.0,0.95,,,114.247,,,910.0,,,CANDIDATE
3.1168715,1.23e-05,-1.23e-05,10.6888,0.679812,-0.679812,31842.0,2815.38,-2815.38,3734.0,157.0,-157.0,0.61,0.02,-0.02,35.047,,,677.0,,,CANDIDATE
4.3095502,4.3e-06,-4.3e-06,6.9571,0.889437,-0.889437,17371.0,14090.7,-14090.7,3195.0,157.0,-157.0,0.27,0.01,-0.01,0.22435,,,191.0,,,CANDIDATE
5.3346707,2e-05,-2e-05,11.1383,,,11290.0,491.335,-491.335,5509.3,41.6,-41.6,1.07,,,207.179,,,1056.0,,,CANDIDATE
9.0612809,7.04e-05,-7.04e-05,5.2778,0.38081,-0.38081,1732.0,98.6167,-98.6167,5876.0,138.3,-138.3,1.54,0.08,-0.08,565.894,,,1358.0,,,CANDIDATE
2.1384533,1.14e-05,-1.14e-05,5.69421,0.516015,-0.516015,1240.0,212.884,-212.884,6708.0,127.3,-127.3,1.41,0.06,-0.06,463.718,,,1292.0,,,CANDIDATE
10.7994273,2.56e-05,-2.56e-05,8.75386,0.506075,-0.506075,9221.0,275.014,-275.014,5548.0,126.0,-126.0,0.99,0.05,-0.05,121.012,,,924.0,,,CANDIDATE
7.9871247,2.59e-05,-2.59e-05,2.82685,0.299264,-0.299264,1897.0,155.187,-155.187,4254.0,125.8,-125.8,0.68,0.06,-0.06,23.6315,,,614.0,,,CANDIDATE
2.855993,6.3e-06,-6.3e-06,13.1033,0.769787,-0.769787,9706.0,249.024,-249.024,5780.4,137.2,-137.2,1.43,0.08,-0.08,721.319,,,1443.0,,,CANDIDATE
3.776966,5.1e-06,-5.1e-06,18.6742,1.09883,-1.09883,9271.0,582.126,-582.126,6446.0,135.3,-135.3,1.96,0.09,-0.09,1698.56,,,1788.0,,,CANDIDATE
23.9712428,6.17e-05,-6.17e-05,4.14138,0.308059,-0.308059,2387.0,177.962,-177.962,5238.0,122.1,-122.1,0.88,0.05,-0.05,2.63928,,,355.0,,,CANDIDATE
10.641726,6.16e-05,-6.16e-05,11.6462,,,10160.0,528.36,-528.36,5945.0,122.0,-122.0,1.17,,,96.5342,,,873.0,,,CANDIDATE
3.3202789,1.12e-05,-1.12e-05,12.3769,0.6657,-0.6657,7240.0,169.566,-169.566,6443.0,127.1,-127.1,1.66,0.08,-0.08,1451.25,,,1719.0,,,CANDIDATE
1.6047466,3.3e-06,-3.3e-06,16.7831,,,5940.0,13372.0,-13372.0,5972.0,122.0,-122.0,1.28,,,5519.73,,,2401.0,,,CANDIDATE
170.3363911,0.0004582,-0.0004582,11.6916,1.02907,-1.02907,12411.0,1593.89,-1593.89,5621.0,125.5,-125.5,0.97,0.06,-0.06,0.817488,,,264.0,,,CANDIDATE
8.1563148,3.83e-05,-3.83e-05,11.3761,0.522404,-0.522404,12127.0,786.493,-786.493,6366.8,14.8,-14.8,1.02,0.03,-0.03,61.3234,,,779.0,,,CANDIDATE
5.2554768,1.91e-05,-1.91e-05,2.63423,0.191245,-0.191245,935.0,70.2302,-70.2302,5298.0,128.6,-128.6,0.86,0.05,-0.05,96.3543,,,872.0,,,CANDIDATE
2.7299474,6.4e-06,-6.4e-06,9.63983,0.689887,-0.689887,10021.0,759.633,-759.633,5289.0,121.4,-121.4,0.95,0.05,-0.05,92.4998,,,863.0,,,CANDIDATE
3.0876297,4e-06,-4e-06,13.9011294,0.6033183,-0.6033183,40411.8142459,1363.5623,-1363.5623,4105.0,171.0,-171.0,0.69386,,,95.8571812,,,798.0423026,,,CONFIRMED
0.6439909,1.1e-06,-1.1e-06,12.6159,,,7794.0,22029.8,-22029.8,5225.0,122.0,-122.0,0.66,,,1377.01,,,1697.0,,,CANDIDATE
8.1958135,2.54e-05,-2.54e-05,13.5081,0.937334,-0.937334,8230.0,729.546,-729.546,6496.0,123.6,-123.6,1.45,0.07,-0.07,28.4997,,,643.0,,,FALSE POSITIVE
2.3368358,0.0001407,-0.0001407,6.32061,0.538115,-0.538115,5916.0,317.684,-317.684,4439.0,120.5,-120.5,0.76,0.06,-0.06,162.173,,,994.0,,,CANDIDATE
3.4977997,1.06e-05,-1.06e-05,9.16409,,,4914.0,3061.57,-3061.57,5209.0,,,0.92,,,11.8757,,,,,,CANDIDATE
13.9753579,0.0001287,-0.0001287,9.70261,,,14290.0,1425.01,-1425.01,5382.0,122.0,-122.0,0.86,,,67.5689,,,798.0,,,CANDIDATE
6.1418356,1.24e-05,-1.24e-05,16.0656,0.776022,-0.776022,18607.0,609.497,-609.497,5918.5,11.2,-11.2,1.25,0.05,-0.05,248.373,,,1105.0,,,CANDIDATE
23.955645,0.0001407,-0.0001407,11.1033,0.96926,-0.96926,6259.0,645.761,-645.761,6609.0,181.6,-181.6,1.53,0.07,-0.07,186.029,,,1028.0,,,CANDIDATE
3.7002646,1.84e-05,-1.84e-05,13.9231,3.47747,-3.47747,7616.0,3567.47,-3567.47,6971.0,123.7,-123.7,1.48,0.07,-0.07,8170.39,,,2648.0,,,CANDIDATE
7.7561532,4.47e-05,-4.47e-05,5.98246,1.86771,-1.86771,14454.0,9388.97,-9388.97,3462.0,157.0,-157.0,0.44,0.01,-0.01,14.2212,,,541.0,,,CANDIDATE
0.3219233,4e-07,-4e-07,2.66076,0.921089,-0.921089,204.0,1926.16,-1926.16,3518.0,84.0,-84.0,0.46,0.01,-0.01,469.443,,,1296.0,,,CONFIRMED
19.8088367,0.0002341,-0.0002341,11.5163,,,9500.0,881.27,-881.27,5601.0,122.0,-122.0,1.17,,,13.6331,,,535.0,,,CANDIDATE
1.5525382,4e-06,-4e-06,16.0284,1.46577,-1.46577,7123.0,554.794,-554.794,5730.0,127.7,-127.7,1.75,0.14,-0.14,724.353,,,1445.0,,,CANDIDATE
4.2990991,1.48e-05,-1.48e-05,10.9362,0.553846,-0.553846,6567.0,177.841,-177.841,6013.0,103.3,-103.3,1.53,0.07,-0.07,681.415,,,1423.0,,,CANDIDATE
4.1186706,2.96e-05,-2.96e-05,10.4153,0.657541,-0.657541,3571.0,163.518,-163.518,5998.0,122.7,-122.7,1.93,0.1,-0.1,1341.62,,,1686.0,,,CANDIDATE
9.6713674,3.42e-05,-3.42e-05,18.1732,6.71306,-6.71306,3376.0,6178.65,-6178.65,5902.0,129.3,-129.3,1.8,0.1,-0.1,118.572,,,919.0,,,CANDIDATE
0.7474746,1.1e-06,-1.1e-06,15.8733,3.96078,-3.96078,8713.0,22243.8,-22243.8,3455.0,157.0,-157.0,0.68,0.02,-0.02,34.5062,,,675.0,,,CANDIDATE
2.9712014,3.2e-06,-3.2e-06,13.3902,0.800594,-0.800594,4680.0,542.057,-542.057,7713.0,137.0,-137.0,1.63,0.06,-0.06,756.509,,,1461.0,,,CANDIDATE
3.4220041,0.0005775,-0.0005775,12.6182,,,16151.0,747.109,-747.109,5731.0,122.0,-122.0,1.02,,,328.367,,,1185.0,,,CANDIDATE
2.5918359,8.5e-06,-8.5e-06,15.5459,,,6221.0,323.691,-323.691,5891.0,122.0,-122.0,2.08,,,1918.08,,,1843.0,,,CANDIDATE
0.7683904,9.6e-06,-9.6e-06,1.1406447,1.5143634,-1.5143634,903.9933214,92.97864,-92.97864,3329.0,72.0,-72.0,0.374139,0.0111845,-0.0111845,112.6409067,,,830.8904817,,,CONFIRMED
12.2534308,0.0015667,-0.0015667,2.2967944,0.393718,-0.393718,3729.6347091,328.46353,-328.46353,3329.0,72.0,-72.0,0.374139,0.0111845,-0.0111845,2.8062634,,,330.1048127,,,CONFIRMED
6.6802019,4.85e-05,-4.85e-05,11.1977,0.761005,-0.761005,5941.0,333.973,-333.973,5801.0,129.1,-129.1,1.61,0.09,-0.09,408.603,,,1252.0,,,CANDIDATE
3.0039961,2.6e-05,-2.6e-05,11.6408,,,6490.0,345.175,-345.175,5623.0,122.0,-122.0,1.59,,,1038.15,,,1581.0,,,CANDIDATE
5.5316291,3.67e-05,-3.67e-05,11.0664,,,4176.0,372.841,-372.841,6814.0,122.0,-122.0,1.83,,,809.801,,,1486.0,,,CANDIDATE
4.776694,6.5e-06,-6.5e-06,4.23234,,,1412.0,87.4966,-87.4966,5625.0,,,1.07,,,128.614,,,,,,CANDIDATE
0.5257499,8e-07,-8e-07,2.60517,0.258809,-0.258809,1028.0,139.269,-139.269,4649.0,126.3,-126.3,0.73,0.05,-0.05,1079.87,,,1597.0,,,CANDIDATE
5.4584109,4.47e-05,-4.47e-05,10.0716,,,2807.0,192.24,-192.24,6309.0,122.0,-122.0,2.24,,,698.046,,,1431.0,,,CANDIDATE
5.0789699,3.38e-05,-3.38e-05,14.979,,,13539.0,587.457,-587.457,5826.0,123.0,-123.0,1.44,,,577.413,,,1365.0,,,CANDIDATE
4.8622127,3.38e-05,-3.38e-05,12.335,0.789317,-0.789317,3480.0,128.581,-128.581,6142.0,120.9,-120.9,2.29,0.13,-0.13,1506.82,,,1735.0,,,CANDIDATE
4.8847937,1.43e-05,-1.43e-05,1.94753,0.125355,-0.125355,478.0,29.8637,-29.8637,5969.0,192.0,-192.0,0.94,0.05,-0.05,223.094,,,1076.0,,,CONFIRMED
2.8411706,2.5e-06,-2.5e-06,13.1053,0.895223,-0.895223,4694.0,384.796,-384.796,5801.0,130.9,-130.9,1.81,0.09,-0.09,381.338,,,1231.0,,,CANDIDATE
6.0011971,6.4e-06,-6.4e-06,14.9116,,,23249.0,1033.19,-1033.19,5265.0,122.0,-122.0,1.02,,,52.8207,,,751.0,,,CANDIDATE
3.5399394,1.01e-05,-1.01e-05,8.3436,0.451895,-0.451895,6448.0,419.525,-419.525,5234.6,9.1,-9.1,1.13,0.03,-0.03,607.406,,,1383.0,,,FALSE POSITIVE
6.2644714,2.4e-05,-2.4e-05,1.87011,0.158076,-0.158076,780.0,56.989,-56.989,4568.0,118.0,-118.0,0.67,0.05,-0.05,53.9635,,,755.0,,,CANDIDATE
1.7085226,3.5e-06,-3.5e-06,8.42033,0.943249,-0.943249,2089.0,244.155,-244.155,6059.5,32.5,-32.5,1.61,0.16,-0.16,288.77,,,1148.0,,,CANDIDATE
3.3815776,4.3e-06,-4.3e-06,16.622,0.803489,-0.803489,9454.0,92.5772,-92.5772,6662.0,122.4,-122.4,1.78,0.09,-0.09,1203.68,,,1640.0,,,FALSE POSITIVE
0.5418555,1.1e-06,-1.1e-06,0.923696,0.0830732,-0.0830732,120.0,14.9553,-14.9553,4954.0,124.5,-124.5,0.77,0.05,-0.05,1049.31,,,1585.0,,,CANDIDATE
4.2619292,1.07e-05,-1.07e-05,8.15264,0.380707,-0.380707,1109.0,29.7823,-29.7823,6846.0,197.3,-197.3,2.72,0.11,-0.11,3376.67,,,2123.0,,,CANDIDATE
3.3847215,1.38e-05,-1.38e-05,3.52009,1.21437,-1.21437,612.0,1181.42,-1181.42,5199.0,121.8,-121.8,0.77,0.04,-0.04,7078.45,,,2555.0,,,CANDIDATE
4.2470926,1.23e-05,-1.23e-05,14.5276,1.06238,-1.06238,4730.0,1.7754,-1.7754,6232.3,96.3,-96.3,2.07,0.15,-0.15,1024.21,,,1576.0,,,CANDIDATE
4.7535388,2.2e-06,-2.2e-06,12.1863496,55.087612,-55.087612,225793.1060958,19436.281,-19436.281,3010.0,97.0,-97.0,0.20128,0.0062317,-0.0062317,2.6086289,,,324.1326821,,,FALSE POSITIVE
7.4894672,0.001171,-0.001171,3.9858614,0.8416094,-0.8416094,2097.1814085,143.89703,-143.89703,5143.31,105.294,-105.294,0.868418,0.0456734,-0.0456734,92.4869433,,,790.9332918,,,CANDIDATE
3.4438328,0.0011587,-0.0011587,3.03858,0.20755,-0.20755,1276.0,88.1946,-88.1946,5143.31,105.294,-105.294,0.87,0.05,-0.05,232.564,,,1087.0,,,CANDIDATE
0.4925418,5e-07,-5e-07,9.14745,2.98847,-2.98847,545.0,2496.49,-2496.49,6927.0,150.8,-150.8,1.34,0.06,-0.06,7880.96,,,2624.0,,,CANDIDATE
14.1532848,0.0001248,-0.0001248,8.02091,1.912,-1.912,8715.0,3385.7,-3385.7,5063.0,134.8,-134.8,0.85,0.05,-0.05,100.737,,,882.0,,,CANDIDATE
2.1011992,0.0001855,-0.0001855,12.4184,0.704776,-0.704776,11915.0,640.581,-640.581,5959.8,115.2,-115.2,1.09,0.05,-0.05,284.936,,,1144.0,,,CANDIDATE
2.4364562,3.2e-06,-3.2e-06,11.3842,,,5295.0,453.517,-453.517,6844.0,122.0,-122.0,1.43,,,237.728,,,1093.0,,,CANDIDATE
8.407133,2.43e-05,-2.43e-05,5.06899,0.377915,-0.377915,1490.0,136.827,-136.827,6126.0,124.9,-124.9,1.33,0.06,-0.06,24.6329,,,620.0,,,FALSE POSITIVE
60.8344877,0.0006921,-0.0006921,11.4643,2.37031,-2.37031,42343.0,16918.0,-16918.0,3736.0,157.0,-157.0,0.51,0.02,-0.02,1.82253,,,323.0,,,CANDIDATE
3.3390124,4.6e-06,-4.6e-06,8.75979,3.74639,-3.74639,3534.0,9524.03,-9524.03,4436.0,127.9,-127.9,0.75,0.06,-0.06,13.7384,,,536.0,,,CANDIDATE
2.980341,3.7e-06,-3.7e-06,15.4918,0.951132,-0.951132,11829.0,239.223,-239.223,6283.8,36.7,-36.7,1.57,0.09,-0.09,1416.28,,,1709.0,,,CANDIDATE
2.593694,0.00059,-0.00059,2.980736,2.776967,-2.776967,526.784827,47.557205,-47.557205,5316.6,64.0,-64.0,1.28725,0.137373,-0.137373,4.3241755,,,367.7863249,,,FALSE POSITIVE
2.2175244,8.9e-06,-8.9e-06,7.18798,0.411387,-0.411387,1682.0,99.0808,-99.0808,7406.0,168.5,-168.5,1.92,0.07,-0.07,2781.41,,,2023.0,,,FALSE POSITIVE
3.8405138,0.0004367,-0.0004367,14.6684,,,8163.0,1073.81,-1073.81,6123.9,91.1,-91.1,1.42,,,133.741,,,947.0,,,CANDIDATE
4.0662367,1.99e-05,-1.99e-05,10.981,,,6676.0,260.856,-260.856,5689.0,123.0,-123.0,1.49,,,574.869,,,1364.0,,,FALSE POSITIVE
6.2157513,2.37e-05,-2.37e-05,10.0556,0.692801,-0.692801,4008.0,235.723,-235.723,6015.2,110.5,-110.5,1.65,0.09,-0.09,255.39,,,1113.0,,,CANDIDATE
3.648769,1.86e-05,-1.86e-05,15.7865,,,1202.0,113.42,-113.42,4939.0,122.0,-122.0,4.61,,,162.493,,,994.0,,,CANDIDATE
3.6814233,2.56e-05,-2.56e-05,13.5757,,,3225.0,165.282,-165.282,5956.0,122.0,-122.0,2.57,,,1660.91,,,1778.0,,,CANDIDATE
17.3986129,0.0001377,-0.0001377,3.8996,0.266079,-0.266079,2584.0,175.934,-175.934,5589.0,135.4,-135.4,0.8,0.04,-0.04,29.3479,,,648.0,,,CANDIDATE
60.3541599,0.000336,-0.000336,6.66479,2.31154,-2.31154,2598.0,2224.69,-2224.69,5658.0,124.2,-124.2,1.06,0.05,-0.05,48.3031,,,734.0,,,CANDIDATE
7.0548729,6.41e-05,-6.41e-05,6.61399,0.550199,-0.550199,2068.0,187.98,-187.98,5628.6,124.4,-124.4,1.5,0.09,-0.09,92.7257,,,864.0,,,CANDIDATE
4.3656102,5.57e-05,-5.57e-05,13.4874,,,5746.0,519.16,-519.16,5748.0,122.0,-122.0,1.78,,,1380.02,,,1698.0,,,CANDIDATE
4.9899176,5.6e-06,-5.6e-06,2.9858436,1.2432178,-1.2432178,18931.4105812,1268.5297,-1268.5297,2940.0,67.0,-67.0,0.17143,0.0051893,-0.0051893,2.2410792,,,312.0570889,,,CONFIRMED
0.9479945,1.39e-05,-1.39e-05,1.1926392,0.4784013,-0.4784013,4200.52889,566.98956,-566.98956,2940.0,67.0,-67.0,0.17143,0.0051893,-0.0051893,20.5198379,,,542.829237,,,CONFIRMED
30.7331484,0.0005888,-0.0005888,18.2875,,,6436.0,14846.6,-14846.6,5607.0,122.0,-122.0,1.25,,,82.7386,,,840.0,,,CANDIDATE
8.2158997,4.72e-05,-4.72e-05,3.37171,0.262475,-0.262475,1177.0,111.08,-111.08,5820.0,124.8,-124.8,1.02,0.05,-0.05,176.171,,,1014.0,,,CANDIDATE
6.9929558,8.3e-05,-8.3e-05,7.63465,,,5562.0,425.477,-425.477,5916.7,60.0,-60.0,1.05,,,405.644,,,1250.0,,,CANDIDATE
2.9257773,3.7e-06,-3.7e-06,10.8746,1.36219,-1.36219,6858.0,1465.39,-1465.39,5688.0,126.8,-126.8,1.24,0.06,-0.06,391.193,,,1238.0,,,CANDIDATE
3.1924816,0.0005857,-0.0005857,14.5588,,,14119.0,553.659,-553.659,5964.0,122.0,-122.0,1.26,,,798.53,,,1480.0,,,CANDIDATE
3.753877,1.19e-05,-1.19e-05,6.20384,0.679692,-0.679692,7099.0,599.402,-599.402,4049.0,129.6,-129.6,0.7,0.07,-0.07,19.4458,,,585.0,,,CANDIDATE
2.9814911,1.3e-06,-1.3e-06,13.0485,0.632226,-0.632226,19021.0,328.558,-328.558,6168.0,228.5,-228.5,0.93,0.04,-0.04,575.825,,,1364.0,,,CANDIDATE
33.5792968,9.85e-05,-9.85e-05,8.91632,0.570507,-0.570507,3860.0,254.052,-254.052,6294.0,130.3,-130.3,1.43,0.07,-0.07,32.7484,,,666.0,,,CANDIDATE
10.2887023,2.39e-05,-2.39e-05,9.85033,0.504387,-0.504387,8079.0,281.756,-281.756,5853.0,136.3,-136.3,1.08,0.05,-0.05,61.3136,,,779.0,,,CANDIDATE
1.7318529,1.8e-06,-1.8e-06,12.0299493,0.4891138,-0.4891138,36359.4301748,832.64935,-832.64935,3394.0,102.0,-102.0,0.615219,0.020916,-0.020916,86.6365464,,,778.1172307,,,CONFIRMED
13.3079913,0.0001277,-0.0001277,9.05348,0.704495,-0.704495,4804.0,466.706,-466.706,5854.4,98.1,-98.1,1.34,0.06,-0.06,66.8363,,,796.0,,,CANDIDATE
18.9104241,0.0001475,-0.0001475,7.90384,,,10263.0,753.357,-753.357,4801.0,122.0,-122.0,0.8,,,10.2465,,,498.0,,,CANDIDATE
8.508462,3.15e-05,-3.15e-05,13.4917,0.865833,-0.865833,10649.0,487.253,-487.253,6236.6,146.3,-146.3,1.34,0.08,-0.08,97.536,,,875.0,,,CANDIDATE
7.5414411,6.3e-06,-6.3e-06,13.0053,0.651358,-0.651358,16900.0,692.949,-692.949,5649.1,105.5,-105.5,0.96,0.04,-0.04,81.7977,,,837.0,,,FALSE POSITIVE
17.0303122,0.0002042,-0.0002042,16.1351,,,8080.0,13919.7,-13919.7,5797.0,122.0,-122.0,1.11,,,160.798,,,992.0,,,CANDIDATE
27.1970496,0.0001303,-0.0001303,5.40151,0.332408,-0.332408,4620.0,204.578,-204.578,5859.0,186.7,-186.7,0.94,0.05,-0.05,33.8579,,,672.0,,,CANDIDATE
7.4861705,5.25e-05,-5.25e-05,11.6489,,,9456.0,2942.63,-2942.63,5658.0,122.0,-122.0,1.11,,,123.231,,,928.0,,,CANDIDATE
6.7735083,4.53e-05,-4.53e-05,7.81582,,,5189.0,551.791,-551.791,5080.0,122.0,-122.0,1.12,,,62.2808,,,782.0,,,CANDIDATE
7.0814677,3.71e-05,-3.71e-05,2.13402,0.227364,-0.227364,1018.0,83.7867,-83.7867,4024.0,118.2,-118.2,0.65,0.06,-0.06,16.5736,,,562.0,,,CANDIDATE
10.9911631,4.36e-05,-4.36e-05,21.5876,,,18917.0,23278.7,-23278.7,4915.3,52.4,-52.4,1.01,,,16.8854,,,564.0,,,CANDIDATE
3.4405946,1.2e-06,-1.2e-06,8.8966421,0.5266662,-0.5266662,8647.4527322,69.15744,-69.15744,5324.0,184.0,-184.0,0.942255,0.0537487,-0.0537487,331.8274983,,,1088.5486481,,,CANDIDATE
4.4136877,0.0010188,-0.0010188,18.2343114,0.9012098,-0.9012098,10509.3289627,666.8679,-666.8679,6627.0,122.0,-122.0,1.6901799,,,1427.7515561,,,1567.7720228,,,CANDIDATE
3.1653382,0.0006267,-0.0006267,15.6677026,0.6563169,-0.6563169,14923.6407951,767.9876,-767.9876,6463.47,24.38,-24.38,1.25477,,,1153.9412259,,,1486.5025957,,,CANDIDATE
1.0370296,0.0001279,-0.0001279,1.6018171,1.700492,-1.700492,304.1228723,36.22664,-36.22664,5075.0,124.717,-124.717,0.922377,0.0557889,-0.0557889,1400.1017301,,,1560.1259032,,,CANDIDATE
3.0522686,0.0001879,-0.0001879,12.6558112,0.7681826,-0.7681826,15853.2048135,368.96384,-368.96384,5370.0,140.501,-140.501,0.962287,0.0543518,-0.0543518,426.5350511,,,1159.0667061,,,CONFIRMED
6.2335155,0.0014056,-0.0014056,3.9286675,0.404057,-0.404057,13899.3555966,1476.0515,-1476.0515,3211.0,157.0,-157.0,0.313932,0.0094984,-0.0094984,4.8420828,,,378.3361173,,,CANDIDATE
3.1191196,0.0002595,-0.0002595,11.4433015,0.3878226,-0.3878226,24617.3354776,800.02924,-800.02924,5036.0,122.0,-122.0,0.71363,,,188.65162,,,945.2243136,,,CANDIDATE
6.0042191,0.0011717,-0.0011717,15.9733684,1.0805868,-1.0805868,6642.539062,260.4925,-260.4925,6226.0,126.313,-126.313,1.92428,0.108905,-0.108905,1054.9813337,,,1453.5532398,,,CANDIDATE
9.0856617,0.0021508,-0.0021508,12.2780704,0.7766375,-0.7766375,6003.3964722,343.13312,-343.13312,5999.0,130.529,-130.529,1.41459,0.0637136,-0.0637136,297.9559009,,,1059.6385441,,,CANDIDATE
26.345109,0.0002485,-0.0002485,1.2912,0.112739,-0.112739,130.0,14.9453,-14.9453,5895.0,124.968,-124.968,1.16,0.06,-0.06,237.78,,,1093.0,,,CANDIDATE
9.0150439,5.7e-06,-5.7e-06,12.2284921,5.054026,-5.054026,4800.0853698,129.98482,-129.98482,6083.61,125.0,-125.0,1.1584001,,,188.1793714,,,944.6322163,,,CANDIDATE
81.3716681,0.0007612,-0.0007612,1.643195,0.899635,-0.899635,924.1311645,112.57526,-112.57526,3861.0,157.0,-157.0,0.536259,0.0157136,-0.0157136,0.6444404,,,228.515378,,,CANDIDATE
7.4108495,1.9e-05,-1.9e-05,1.5612416,0.5807355,-0.5807355,1257.5647375,105.02037,-105.02037,3578.0,157.0,-157.0,0.416718,0.0124819,-0.0124819,8.3370112,,,433.383473,,,CANDIDATE
7.3050577,6.08e-05,-6.08e-05,1.3350551,0.7411176,-0.7411176,180.4217296,22.649992,-22.649992,5382.0,122.526,-122.526,0.928396,0.0505025,-0.0505025,124.8600979,,,852.5614028,,,CANDIDATE
3.3370666,6.69e-05,-6.69e-05,13.8579058,0.4051986,-0.4051986,31534.6212557,1117.1398,-1117.1398,3846.77,106.78,-106.78,0.696696,,,70.7976307,,,739.8172112,,,CANDIDATE
1.2529966,7e-07,-7e-07,11.6123427,0.4359495,-0.4359495,31852.8076269,815.6964,-815.6964,3722.0,157.0,-157.0,0.593558,0.0177601,-0.0177601,167.6312929,,,917.7164642,,,CANDIDATE
125.8659048,0.0167167,-0.0167167,11.5595833,1.376859,-1.376859,11477.528288,1313.0186,-1313.0186,5968.88,41.9175,-41.9175,1.0645,,,0.1635804,,,162.2006503,,,CONFIRMED
14.8589888,5.12e-05,-5.12e-05,6.3961703,1.5622766,-1.5622766,4164.2633575,454.09158,-454.09158,5359.0,103.565,-103.565,0.951815,0.0605025,-0.0605025,50.2731221,,,679.1312483,,,CONFIRMED
26.6796741,0.0001196,-0.0001196,2.0546727,1.7522461,-1.7522461,367.923381,40.918747,-40.918747,6339.0,143.464,-143.464,1.0493799,0.0469925,-0.0469925,44.7928664,,,659.814664,,,CANDIDATE
2.6068332,0.0004174,-0.0004174,7.2660515,2.88834,-2.88834,5122.0262322,661.1013,-661.1013,5780.0,,,1.0,,,727.0066153,,,1324.3547704,,,CANDIDATE
2.131225,6.4e-06,-6.4e-06,1.98371,0.127756,-0.127756,479.0,30.1126,-30.1126,5776.0,189.0,-189.0,0.97,0.05,-0.05,3661.38,,,2167.0,,,CANDIDATE
1.8289577,6.7e-06,-6.7e-06,11.0874,0.727914,-0.727914,27211.0,2749.28,-2749.28,3835.0,157.0,-157.0,0.65,0.02,-0.02,52.7898,,,750.0,,,CANDIDATE
4.3181867,1.6e-05,-1.6e-05,13.8846,0.987225,-0.987225,4899.0,331.827,-331.827,6139.3,120.9,-120.9,2.08,0.11,-0.11,658.826,,,1411.0,,,CANDIDATE
14.3640841,0.000149,-0.000149,4.01769,0.277067,-0.277067,1678.0,105.923,-105.923,6070.0,149.8,-149.8,1.12,0.05,-0.05,166.31,,,1000.0,,,CANDIDATE
10.1170644,1.26e-05,-1.26e-05,14.1869,,,18151.0,582.269,-582.269,5456.2,29.5,-29.5,1.04,,,44.8165,,,720.0,,,CANDIDATE
1.463442,2.7e-06,-2.7e-06,11.5534,0.904012,-0.904012,3135.0,115.389,-115.389,6456.6,135.9,-135.9,2.26,0.17,-0.17,6669.25,,,2517.0,,,CANDIDATE
15.4474502,0.0001064,-0.0001064,9.61675,0.617681,-0.617681,31272.0,2690.98,-2690.98,3635.0,157.0,-157.0,0.56,0.02,-0.02,1.30676,,,297.0,,,CANDIDATE
2.8885639,2.2e-06,-2.2e-06,11.9765,0.600568,-0.600568,6060.0,132.358,-132.358,6207.0,127.6,-127.6,1.59,0.08,-0.08,905.611,,,1528.0,,,CANDIDATE
4.4640046,1.71e-05,-1.71e-05,18.4255,5.10863,-5.10863,9715.0,17134.3,-17134.3,5672.6,120.2,-120.2,0.94,0.05,-0.05,278.086,,,1137.0,,,CANDIDATE
8.0242387,3.02e-05,-3.02e-05,10.0363,0.782475,-0.782475,4500.0,392.621,-392.621,5531.0,134.0,-134.0,1.5,0.09,-0.09,49.9979,,,740.0,,,CANDIDATE
2.6800806,0.0001923,-0.0001923,13.7764,0.83063,-0.83063,6267.0,379.945,-379.945,6164.0,134.3,-134.3,1.69,0.08,-0.08,457.835,,,1288.0,,,CANDIDATE
7.5768334,3.52e-05,-3.52e-05,0.867887,0.066986,-0.066986,289.0,32.1517,-32.1517,3766.0,95.0,-95.0,0.53,0.02,-0.02,26.1371,,,629.0,,,CONFIRMED
3.5043637,1.1e-05,-1.1e-05,5.28288,0.652513,-0.652513,1877.0,437.689,-437.689,6000.0,123.5,-123.5,1.09,0.05,-0.05,23.8843,,,615.0,,,CANDIDATE
3.1551543,1.33e-05,-1.33e-05,11.3807,,,6608.0,438.734,-438.734,5808.3,143.4,-143.4,1.5,,,710.749,,,1438.0,,,CANDIDATE
1.7636086,3e-06,-3e-06,5.7502,0.357724,-0.357724,2047.0,164.571,-164.571,6201.0,105.2,-105.2,1.23,0.05,-0.05,624.378,,,1392.0,,,CANDIDATE
3.8037696,1.85e-05,-1.85e-05,4.54584,0.260649,-0.260649,20290.0,1635.25,-1635.25,3326.0,157.0,-157.0,0.32,0.01,-0.01,11.636,,,514.0,,,CANDIDATE
7.899462,1.05e-05,-1.05e-05,11.0515,0.647545,-0.647545,8727.0,462.787,-462.787,5461.1,101.8,-101.8,1.17,0.06,-0.06,26.868,,,634.0,,,CANDIDATE
0.1638211,4e-07,-4e-07,2.5995,0.82436,-0.82436,14983.0,4234.88,-4234.88,3314.0,157.0,-157.0,0.29,0.01,-0.01,1369.85,,,1694.0,,,FALSE POSITIVE
0.3013943,3e-07,-3e-07,7.35109,0.966051,-0.966051,4894.0,1717.21,-1717.21,5223.8,117.9,-117.9,0.78,0.04,-0.04,1219.13,,,1646.0,,,CANDIDATE
3.1239462,1.11e-05,-1.11e-05,18.1791,,,5224.0,492.505,-492.505,6159.0,122.0,-122.0,2.4,,,545.644,,,1346.0,,,FALSE POSITIVE
6.7415334,4e-06,-4e-06,15.348,0.785279,-0.785279,23765.0,309.15,-309.15,5896.0,133.2,-133.2,0.95,0.05,-0.05,171.945,,,1008.0,,,CANDIDATE
1.3777496,5.5e-06,-5.5e-06,8.96319,,,2957.0,256.435,-256.435,6461.0,122.0,-122.0,1.71,,,2361.29,,,1942.0,,,CANDIDATE
0.963081,0.000194,-0.000194,2.727644,0.596427,-0.596427,244.261214,18.360544,-18.360544,8688.0,230.0,-230.0,1.68698,0.245108,-0.245108,23744.773941,,,3166.006188,,,FALSE POSITIVE
0.3489261,5e-07,-5e-07,5.03606,2.19264,-2.19264,1107.0,2998.52,-2998.52,5086.7,102.7,-102.7,0.78,0.04,-0.04,1715.88,,,1793.0,,,CANDIDATE
3.3593261,1.4e-05,-1.4e-05,15.4019,,,4811.0,261.101,-261.101,5547.0,122.0,-122.0,2.34,,,1466.55,,,1724.0,,,CANDIDATE
2.889977,1.41e-05,-1.41e-05,2.56976,0.186535,-0.186535,466.0,37.5324,-37.5324,5949.0,141.4,-141.4,1.26,0.06,-0.06,724.197,,,1445.0,,,CANDIDATE
3.1271505,8.7e-06,-8.7e-06,6.0926,0.445047,-0.445047,4435.0,374.515,-374.515,5414.0,123.7,-123.7,0.91,0.05,-0.05,412.075,,,1255.0,,,CANDIDATE
1.2815706,4e-07,-4e-07,18.9642,0.966954,-0.966954,13655.0,157.666,-157.666,6327.0,358.1,-358.1,1.6,0.08,-0.08,2895.35,,,2043.0,,,CANDIDATE
0.766526,1.1e-06,-1.1e-06,8.27135,0.701646,-0.701646,3529.0,476.45,-476.45,5978.7,138.5,-138.5,1.23,0.07,-0.07,1349.72,,,1688.0,,,CANDIDATE
3.5254649,2.8e-06,-2.8e-06,14.1926,0.910856,-0.910856,4544.0,397.063,-397.063,5366.0,216.7,-216.7,1.63,0.09,-0.09,45.1515,,,722.0,,,CANDIDATE
3.1467998,9.8e-06,-9.8e-06,4.88984,1.61225,-1.61225,1939.0,2136.69,-2136.69,5525.0,143.2,-143.2,0.78,0.04,-0.04,1907.06,,,1841.0,,,CANDIDATE
4.7117395,2.83e-05,-2.83e-05,10.4295,,,3703.0,330.405,-330.405,6134.0,122.0,-122.0,1.67,,,223.364,,,1077.0,,,CANDIDATE
2.2284671,7.4e-06,-7.4e-06,10.9560053,0.7381707,-0.7381707,15402.4299594,967.4528,-967.4528,5156.0,182.0,-182.0,0.824288,,,378.6482626,,,1125.0679205,,,CANDIDATE
21.4930896,0.0001175,-0.0001175,2.38489,0.202411,-0.202411,1244.0,89.3787,-89.3787,4734.0,126.1,-126.1,0.72,0.05,-0.05,10.4619,,,501.0,,,CANDIDATE
1.1919382,3.7e-06,-3.7e-06,9.57462,,,2692.0,219.092,-219.092,5858.0,122.0,-122.0,1.87,,,1190.99,,,1636.0,,,CANDIDATE
7.0309061,3.6e-05,-3.6e-05,12.8728,0.927893,-0.927893,3270.0,215.579,-215.579,6301.0,126.5,-126.5,2.39,0.13,-0.13,590.734,,,1373.0,,,CANDIDATE
1.8179336,4.1e-06,-4.1e-06,18.2536,1.03175,-1.03175,11040.0,295.68,-295.68,6725.0,130.0,-130.0,1.78,0.1,-0.1,3764.08,,,2182.0,,,CANDIDATE
2.4228387,1.16e-05,-1.16e-05,7.64515,0.699909,-0.699909,1617.0,170.496,-170.496,8409.0,170.2,-170.2,1.92,0.12,-0.12,2140.15,,,1894.0,,,CANDIDATE
4.6821297,2.61e-05,-2.61e-05,10.7143,0.799502,-0.799502,2890.0,232.918,-232.918,5565.5,125.6,-125.6,2.0,0.11,-0.11,636.265,,,1399.0,,,CANDIDATE
4.0616142,1.64e-05,-1.64e-05,13.9054,1.74746,-1.74746,1882.0,165.591,-165.591,6525.0,124.1,-124.1,3.26,0.37,-0.37,405.221,,,1249.0,,,CANDIDATE
2.5726086,8e-07,-8e-07,13.0131,0.39742,-0.39742,50028.0,707.268,-707.268,3163.0,157.0,-157.0,0.34,0.01,-0.01,9.86195,,,493.0,,,CANDIDATE
1.1253333,5e-07,-5e-07,18.1986,,,11926.0,132.81,-132.81,5972.0,122.0,-122.0,1.68,,,3420.01,,,2130.0,,,CANDIDATE
3.5466109,9.1e-06,-9.1e-06,15.6622,,,4463.0,9387.96,-9387.96,6309.0,122.0,-122.0,1.41,,,1314.84,,,1677.0,,,CANDIDATE
4.3176859,1.1e-06,-1.1e-06,13.3926,0.793785,-0.793785,11283.0,295.862,-295.862,5700.0,,,1.11,0.06,-0.06,229.962,,,1084.0,,,CONFIRMED
34.0796886,0.0002128,-0.0002128,9.39807,,,22876.0,1086.72,-1086.72,4517.4,86.2,-86.2,0.66,,,4.373,,,402.0,,,CANDIDATE
2.2351679,3.5e-06,-3.5e-06,14.0205,,,16302.0,546.662,-546.662,6229.6,77.7,-77.7,1.08,,,550.693,,,1349.0,,,CANDIDATE
2.6358758,5.6e-06,-5.6e-06,14.7769,,,7574.0,343.796,-343.796,6639.0,122.0,-122.0,1.78,,,1650.59,,,1775.0,,,CANDIDATE
2.7472062,5.2e-06,-5.2e-06,11.9193,0.665544,-0.665544,12816.0,284.986,-284.986,5528.0,126.8,-126.8,1.13,0.06,-0.06,487.593,,,1309.0,,,CANDIDATE
5.885604,1.13e-05,-1.13e-05,18.5216,1.18132,-1.18132,4046.0,256.782,-256.782,6294.0,171.7,-171.7,2.72,0.15,-0.15,110.217,,,902.0,,,CANDIDATE
3.5044728,5.1e-06,-5.1e-06,13.2582,,,19700.0,1125.92,-1125.92,5367.0,122.0,-122.0,0.97,,,175.819,,,1014.0,,,CANDIDATE
1.5016329,4.7e-06,-4.7e-06,9.50525,0.514952,-0.514952,3134.0,156.857,-156.857,7284.0,152.989,-152.989,1.84,0.08,-0.08,3173.31,,,2090.0,,,CANDIDATE
5.0458476,9.8e-06,-9.8e-06,16.1953,0.857648,-0.857648,9760.0,292.639,-292.639,5959.0,140.4,-140.4,1.7,0.08,-0.08,645.664,,,1404.0,,,CANDIDATE
12.915329,1.48e-05,-1.48e-05,12.0782,0.673806,-0.673806,9844.0,238.378,-238.378,5424.0,141.7,-141.7,1.26,0.07,-0.07,42.159,,,709.0,,,CANDIDATE
0.7938732,2e-06,-2e-06,14.3187,3.032,-3.032,29672.0,21310.0,-21310.0,3583.0,157.0,-157.0,0.58,0.02,-0.02,25.574,,,626.0,,,CANDIDATE
3.9461778,1.07e-05,-1.07e-05,11.8479,,,3236.0,156.039,-156.039,9225.0,,,2.32,,,2046.03,,,,,,CANDIDATE
3.0493323,1.04e-05,-1.04e-05,10.8517,,,3620.0,277.727,-277.727,6336.0,122.0,-122.0,1.84,,,544.577,,,1345.0,,,CANDIDATE
8.3873861,3.69e-05,-3.69e-05,11.7897,0.675922,-0.675922,7773.0,387.091,-387.091,6240.0,372.6,-372.6,1.33,0.07,-0.07,271.776,,,1131.0,,,CANDIDATE
3.1733972,1.69e-05,-1.69e-05,17.95,,,6260.0,2332.28,-2332.28,6227.0,122.0,-122.0,2.23,,,4328.27,,,2259.0,,,CANDIDATE
13.2026423,9.95e-05,-9.95e-05,11.0102,,,9621.0,648.906,-648.906,5443.0,122.0,-122.0,1.17,,,33.0714,,,668.0,,,CANDIDATE
6.8733768,0.0001155,-0.0001155,14.6161809,2.231086,-2.231086,3501.1631364,395.5014,-395.5014,6014.0,122.0,-122.0,2.3646801,,,1219.9812607,,,1507.3289471,,,CONFIRMED
16.2385246,5.23e-05,-5.23e-05,2.5121124,3.6760142,-3.6760142,684.9090611,97.459526,-97.459526,5740.0,140.704,-140.704,0.952085,0.0538694,-0.0538694,54.9676915,,,694.4590216,,,CONFIRMED
8.9511797,5.11e-05,-5.11e-05,2.4319861,0.5643081,-0.5643081,845.1516817,100.49354,-100.49354,4986.0,123.907,-123.907,0.746076,0.0471985,-0.0471985,49.1694646,,,675.3728831,,,CANDIDATE
10.9803114,5.9e-06,-5.9e-06,10.1826375,0.5603566,-0.5603566,8276.212333,138.80937,-138.80937,5614.9,126.0,-126.0,0.957719,0.0512412,-0.0512412,87.8744006,,,780.8818766,,,CANDIDATE
46.1578388,0.0124253,-0.0124253,11.8806083,1.1877812,-1.1877812,2065.7501545,215.33809,-215.33809,5801.93,138.012,-138.012,2.2625599,0.127583,-0.127583,79.7518849,,,762.1755075,,,CANDIDATE
5.9605542,3.02e-05,-3.02e-05,2.964673,0.5713159,-0.5713159,737.904182,97.39104,-97.39104,5219.54,136.376,-136.376,0.943064,0.0628543,-0.0628543,154.3685949,,,898.9995769,,,CONFIRMED
2.6236518,0.0002862,-0.0002862,7.9624318,0.9154113,-0.9154113,4496.6998934,615.44196,-615.44196,5401.6,35.0617,-35.0617,1.0,,,549.7848863,,,1235.0028186,,,CANDIDATE
4.662632,3.17e-05,-3.17e-05,4.4785238,0.9174772,-0.9174772,1943.3492565,230.75125,-230.75125,5940.12,103.82,-103.82,0.948492,0.044603,-0.044603,318.2144302,,,1077.2083645,,,CONFIRMED
20.0417055,2.87e-05,-2.87e-05,11.1402796,0.355756,-0.355756,45278.8810079,566.92285,-566.92285,3560.0,157.0,-157.0,0.52031,0.0154346,-0.0154346,2.8945882,,,332.6721503,,,CANDIDATE
6.2061962,0.0017226,-0.0017226,7.8208033,1.0129455,-1.0129455,4394.5809009,299.21765,-299.21765,5278.0,126.01,-126.01,1.17893,0.0788442,-0.0788442,236.1857644,,,999.8461509,,,CANDIDATE
13.62285,4.76e-05,-4.76e-05,2.0757294,0.1543019,-0.1543019,804.4319022,73.4524662,-73.4524662,5343.0,125.89,-125.89,0.782043,0.0439523,-0.0439523,465.348816,,,1293.9359912,,,CANDIDATE
2.8766717,0.0010936,-0.0010936,19.2285735,1.1022838,-1.1022838,9746.1892654,217.1518714,-217.1518714,6610.89,111.031,-111.031,1.67727,0.0739698,-0.0739698,,,,2893.8481239,,,CANDIDATE
3.5868547,0.0008501,-0.0008501,11.4376308,1.7609613,-1.7609613,13809.758268,1400.9664,-1400.9664,5036.0,122.0,-122.0,0.980071,,,295.3391938,,,1057.3043544,,,CONFIRMED
1.6827917,1.1e-06,-1.1e-06,14.8695962,0.6874487,-0.6874487,8131.4342611,65.97443,-65.97443,6271.0,196.0,-196.0,1.56803,0.0719699,-0.0719699,4170.0965361,,,2049.5394247,,,CONFIRMED
17.9758603,0.0031655,-0.0031655,4.7803484,0.72464,-0.72464,3159.4996574,215.27985,-215.27985,5274.0,110.548,-110.548,0.851795,0.0481256,-0.0481256,29.7940301,,,595.8707435,,,CONFIRMED
9.3911326,0.0005306,-0.0005306,14.4792216,0.7424703,-0.7424703,6074.3894093,135.372,-135.372,5708.0,109.598,-109.598,1.76693,0.0830653,-0.0830653,662.3252159,,,1293.8608498,,,CONFIRMED
1.6096874,3.6e-05,-3.6e-05,14.8160349,0.8801058,-0.8801058,15269.5334453,136.96721,-136.96721,6472.0,591.772,-591.772,1.14583,0.0675477,-0.0675477,2373.5414017,,,1780.2006384,,,CONFIRMED
1.257813,2.13e-05,-2.13e-05,12.5706919,2.5172477,-2.5172477,7385.3106816,147.60814,-147.60814,5340.0,97.348,-97.348,1.02904,0.0567136,-0.0567136,1564.2870186,,,1603.9796717,,,CONFIRMED
3.2527618,5.31e-05,-5.31e-05,12.7752613,0.7459121,-0.7459121,5247.3433342,30.569769,-30.569769,6389.29,155.945,-155.945,1.72569,0.100389,-0.100389,2042.1484801,,,1714.5161425,,,CANDIDATE
2.0219583,1.8e-06,-1.8e-06,20.1548,0.900287,-0.900287,10040.0,180.88,-180.88,7000.0,,,1.94,0.08,-0.08,3208.41,,,2096.0,,,CONFIRMED
0.8378453,9e-07,-9e-07,15.971118,0.1422833,-0.1422833,21355.7850721,259.9967,-259.9967,5600.0,,,1.01656,,,3138.8255953,,,1909.0246927,,,CONFIRMED
4.722816,1.7e-06,-1.7e-06,12.0898005,0.9075707,-0.9075707,22675.3812671,261.28473,-261.28473,4803.0,,,0.793235,0.0582462,-0.0582462,111.2989557,,,828.4046383,,,CONFIRMED
5.7481323,1.7e-06,-1.7e-06,13.14269,0.6288164,-0.6288164,12259.4473284,94.757744,-94.757744,5900.0,,,1.12783,0.0532764,-0.0532764,345.7200926,,,1099.7675591,,,CONFIRMED
3.8639681,4.1e-06,-4.1e-06,12.659975,0.8999066,-0.8999066,7640.7605465,434.62845,-434.62845,6214.0,190.0,-190.0,1.22623,0.0632462,-0.0632462,733.3264022,,,1327.2235524,,,CANDIDATE
2.5404679,8.1e-06,-8.1e-06,2.15331,0.134377,-0.134377,572.0,28.4465,-28.4465,6003.0,192.0,-192.0,0.99,0.05,-0.05,622.47,,,1391.0,,,CONFIRMED
6.7418796,1.92e-05,-1.92e-05,2.1138482,4.644325,-4.644325,450.5420649,81.49111,-81.49111,6003.0,192.0,-192.0,0.986649,0.0502011,-0.0502011,193.8322952,,,951.6478794,,,CONFIRMED
1.2392569,5.5e-06,-5.5e-06,3.1811214,0.20957,-0.20957,2917.3714571,206.24419,-206.24419,3614.0,64.0,-64.0,0.507628,0.0151246,-0.0151246,111.0557954,,,827.9518032,,,CANDIDATE
17.4682298,6.97e-05,-6.97e-05,2.17884,0.139569,-0.139569,926.0,47.0122,-47.0122,5499.0,186.0,-186.0,0.76,0.04,-0.04,24.3644,,,618.0,,,CONFIRMED
10.5557332,2.07e-05,-2.07e-05,2.7774832,0.6242574,-0.6242574,1505.7221535,88.76775,-88.76775,4368.0,174.0,-174.0,0.68476,0.0702512,-0.0702512,16.7317515,,,515.8282237,,,CANDIDATE
1.8320863,1.26e-05,-1.26e-05,1.361695,1.9153537,-1.9153537,374.0999309,60.859608,-60.859608,4368.0,174.0,-174.0,0.68476,0.0702512,-0.0702512,172.821611,,,924.7391872,,,CANDIDATE
3.4716808,3.3e-06,-3.3e-06,8.027234,0.2994931,-0.2994931,30624.6434599,808.0704,-808.0704,3399.0,102.0,-102.0,0.426785,0.0130268,-0.0130268,17.001217,,,517.8926558,,,CONFIRMED
5.6057748,1.14e-05,-1.14e-05,2.4097088,1.5932673,-1.5932673,701.1882316,44.637024,-44.637024,5767.0,189.0,-189.0,0.906761,0.0467135,-0.0467135,182.934999,,,937.9808032,,,CONFIRMED
12.2772444,3.09e-05,-3.09e-05,2.8635085,0.418413,-0.418413,869.4629182,44.49966,-44.49966,5767.0,189.0,-189.0,0.906761,0.0467135,-0.0467135,64.3195695,,,722.2799042,,,CONFIRMED
3.4464529,1.6e-06,-1.6e-06,12.5399052,0.614805,-0.614805,16320.7911726,97.89503,-97.89503,5870.0,,,0.913091,0.0445528,-0.0445528,489.9461001,,,1199.9325263,,,CONFIRMED
3.764873,6.9e-05,-6.9e-05,13.95182,0.090622,-0.090622,22257.118447,135.14021,-135.14021,5703.0,,,0.92,,,357.0122872,,,1108.6399909,,,CONFIRMED
4.9816784,3e-06,-3e-06,10.7801,0.64077,-0.64077,18110.0,1.51789,-1.51789,5315.0,,,0.79,0.05,-0.05,137.118,,,953.0,,,CONFIRMED
4.6370479,1.05e-05,-1.05e-05,15.3045465,1.0992488,-1.0992488,7765.9973286,175.68155,-175.68155,6438.0,,,1.68054,0.114653,-0.114653,1342.573266,,,1543.8469649,,,CONFIRMED
2.3260077,4.9e-06,-4.9e-06,1.3960869,0.4417479,-0.4417479,3279.7891318,161.50557,-161.50557,3231.0,,,0.241857,0.0072715,-0.0072715,14.8966002,,,501.0620836,,,CONFIRMED
11.0163421,1.13e-05,-1.13e-05,6.9124465,0.4840009,-0.4840009,6918.5557902,179.18578,-179.18578,5184.0,182.0,-182.0,0.815374,0.0503367,-0.0503367,47.7085311,,,670.2992922,,,CANDIDATE
744.2007603,0.0028915,-0.0028915,5.3137751,0.6521376,-0.6521376,4290.7780126,233.07181,-233.07181,5184.0,182.0,-182.0,0.815374,0.0503367,-0.0503367,0.173404,,,164.5828313,,,CANDIDATE
2.7912365,1.21e-05,-1.21e-05,2.584596,1.0251884,-1.0251884,876.8413933,99.24696,-99.24696,5184.0,182.0,-182.0,0.815374,0.0503367,-0.0503367,297.566297,,,1059.2919812,,,CANDIDATE
4.971298,4.6e-06,-4.6e-06,12.1956,0.676242,-0.676242,12130.0,1.33654,-1.33654,5510.0,,,1.09,0.06,-0.06,238.875,,,1095.0,,,CONFIRMED
4.4656343,2.4e-06,-2.4e-06,14.6467763,0.639559,-0.639559,17333.7557231,117.99138,-117.99138,6070.0,,,1.09036,0.0470527,-0.0470527,471.601595,,,1188.5393528,,,CONFIRMED
12.4458741,0.0050027,-0.0050027,21.0847933,8.848064,-8.848064,7049.3777392,189.3522,-189.3522,6746.0,202.0,-202.0,1.5288,0.0662512,-0.0662512,308.6584229,,,1069.0284982,,,FALSE POSITIVE
15.6653322,3.84e-05,-3.84e-05,2.0999942,0.2008935,-0.2008935,1317.653048,75.2017,-75.2017,3806.0,66.0,-66.0,0.533024,0.0157771,-0.0157771,5.0996209,,,383.2694675,,,CONFIRMED
8.2466133,1.46e-05,-1.46e-05,1.7687315,0.8504002,-0.8504002,1071.2067848,60.144234,-60.144234,3806.0,66.0,-66.0,0.533024,0.0157771,-0.0157771,11.9974754,,,474.6704725,,,CONFIRMED
8.3008562,5.7e-06,-5.7e-06,8.5512662,0.4863168,-0.4863168,2683.1006768,38.710037,-38.710037,7199.0,208.0,-208.0,1.6028301,0.0833116,-0.0833116,468.7713718,,,1186.7521299,,,CANDIDATE
4.6336155,1.6e-06,-1.6e-06,15.2453,0.624586,-0.624586,7660.0,0.0756118,-0.0756118,6780.0,202.0,-202.0,1.68,0.07,-0.07,734.672,,,1450.0,,,CONFIRMED
3.0524018,8e-07,-8e-07,13.7594,0.652368,-0.652368,22270.0,0.175155,-0.175155,5545.0,,,0.88,0.04,-0.04,344.149,,,1199.0,,,CONFIRMED
1.3541342,6e-07,-6e-07,13.2236638,0.851882,-0.851882,20039.5506701,160.75624,-160.75624,5227.0,,,0.931471,0.0590452,-0.0590452,950.0562665,,,1415.9798764,,,CONFIRMED
8.0239811,1.69e-05,-1.69e-05,2.5926653,0.915131,-0.915131,4010.0577601,293.40546,-293.40546,3331.0,63.0,-63.0,0.406516,0.0122887,-0.0122887,5.3901675,,,388.6156751,,,CONFIRMED
8.1125147,3.08e-05,-3.08e-05,2.3812033,1.3902668,-1.3902668,1224.9160656,115.09274,-115.09274,4498.94,87.0,-87.0,0.668361,0.0577939,-0.0577939,32.9624198,,,611.1172195,,,CANDIDATE
2.7970316,6.4e-06,-6.4e-06,1.84303,0.116988,-0.116988,481.0,21.2174,-21.2174,5849.0,190.0,-190.0,0.9,0.05,-0.05,413.894,,,1256.0,,,CONFIRMED
18.6286102,0.0005372,-0.0005372,1.6416264,0.0929226,-0.0929226,570.252799,43.262672,-43.262672,3783.0,,,0.561301,0.0166798,-0.0166798,4.285092,,,366.9524462,,,CANDIDATE
12.6693786,4.93e-05,-4.93e-05,2.30678,0.159921,-0.159921,321.0,26.2503,-26.2503,5853.8,45.2182,-45.2182,1.31,0.06,-0.06,562.492,,,1356.0,,,CANDIDATE
38.5537648,0.0003573,-0.0003573,2.14038,0.136663,-0.136663,329.0,19.2514,-19.2514,5853.8,45.2182,-45.2182,1.31,0.06,-0.06,20.9962,,,596.0,,,CANDIDATE
2.1263165,6.5e-06,-6.5e-06,1.7757918,0.1523791,-0.1523791,137.5302097,9.004813,-9.004813,6623.0,200.0,-200.0,1.31556,0.0569849,-0.0569849,2396.4201609,,,1784.4750934,,,CANDIDATE
6.4872362,2.01e-05,-2.01e-05,3.2602447,0.5036938,-0.5036938,112.7687265,9.936348,-9.936348,4997.0,172.0,-172.0,2.56864,,,284.7722987,,,1047.7174682,,,CANDIDATE
5.4470648,9.8e-06,-9.8e-06,1.1245064,0.7926061,-0.7926061,862.2586997,63.576244,-63.576244,3471.0,64.0,-64.0,0.37114,0.0111606,-0.0111606,9.5471336,,,448.3198817,,,CANDIDATE
12.9707041,2.54e-05,-2.54e-05,1.3280332,0.6095109,-0.6095109,1208.7896248,86.92166,-86.92166,3471.0,64.0,-64.0,0.37114,0.0111606,-0.0111606,3.0024214,,,335.728076,,,CANDIDATE
8.0432343,1.92e-05,-1.92e-05,1.2872781,0.1229553,-0.1229553,878.9302211,70.11529,-70.11529,3471.0,64.0,-64.0,0.37114,0.0111606,-0.0111606,5.6778261,,,393.6998701,,,CANDIDATE
199.5779073,0.0009281,-0.0009281,6.9936043,0.2952909,-0.2952909,1766.6170108,36.605125,-36.605125,6988.0,205.0,-205.0,1.4608001,0.0586934,-0.0586934,7.5757108,,,423.1317323,,,CANDIDATE
41.0175174,0.0002666,-0.0002666,2.4013155,0.2561104,-0.2561104,229.2846536,19.79059,-19.79059,6988.0,205.0,-205.0,1.4608001,0.0586934,-0.0586934,62.4617543,,,717.0068321,,,CANDIDATE
139.3048512,0.0002187,-0.0002187,10.4668171,0.4535097,-0.4535097,5057.6776282,81.47706,-81.47706,6572.0,199.0,-199.0,1.42962,0.0590955,-0.0590955,10.6694651,,,460.9516893,,,CANDIDATE
928.0455814,0.0009379,-0.0009379,12.0672714,0.528396,-0.528396,6356.9944677,138.43613,-138.43613,6572.0,199.0,-199.0,1.42962,0.0590955,-0.0590955,3.6827047,,,353.3145101,,,CANDIDATE
15.6477055,0.0002479,-0.0002479,3.2193276,4.9658775,-4.9658775,1515.1689468,157.38956,-157.38956,5107.98,125.0,-125.0,0.835807,0.204047,-0.204047,30.6368863,,,600.0409721,,,FALSE POSITIVE
54.6616036,0.0001672,-0.0001672,4.04767,0.238537,-0.238537,2020.0,1.0763,-1.0763,5379.0,185.0,-185.0,0.8,0.04,-0.04,1.20276,,,291.0,,,FALSE POSITIVE
52.4072665,0.000274,-0.000274,3.3054594,0.3075001,-0.3075001,372.4627072,21.73401,-21.73401,6270.01,40.0668,-40.0668,1.59084,0.0647336,-0.0647336,40.8156414,,,644.6535906,,,CANDIDATE
8.7609906,1.08e-05,-1.08e-05,2.9253441,1.8204955,-1.8204955,479.6082016,33.62394,-33.62394,6168.88,51.1185,-51.1185,1.3109699,0.0562513,-0.0562513,288.3684545,,,1051.00961,,,CANDIDATE
1.8007935,4.3e-06,-4.3e-06,1.1904014,1.3750273,-1.3750273,622.5482076,43.959476,-43.959476,3704.0,64.0,-64.0,0.473702,0.0140887,-0.0140887,66.876621,,,729.3539345,,,CANDIDATE
4.1400062,7.3e-06,-7.3e-06,1.3230408,1.0773497,-1.0773497,740.3454035,59.59628,-59.59628,3704.0,64.0,-64.0,0.473702,0.0140887,-0.0140887,22.0406756,,,552.6192071,,,CANDIDATE
2.7309449,8.5e-06,-8.5e-06,1.0182347,1.8227699,-1.8227699,456.1893836,51.033875,-51.033875,3704.0,64.0,-64.0,0.473702,0.0140887,-0.0140887,38.383299,,,634.8269047,,,CANDIDATE
5.5451661,1.48e-05,-1.48e-05,1.9448048,2.1533554,-2.1533554,439.0185686,41.784996,-41.784996,5643.0,188.0,-188.0,0.915519,0.047407,-0.047407,199.6326492,,,958.6887743,,,CANDIDATE
0.7757012,7e-06,-7e-06,0.8620247,0.4990821,-0.4990821,38.7087646,3.41657,-3.41657,6283.39,44.3964,-44.3964,1.3560899,0.0518292,-0.0518292,8186.2919627,,,2426.0042479,,,CANDIDATE
3.693916,8.9e-06,-8.9e-06,0.6501353,0.4510467,-0.4510467,74.807186,5.88551,-5.88551,5235.78,28.5591,-28.5591,0.74982,0.0367236,-0.0367236,186.8668956,,,942.9807829,,,CANDIDATE
15.3050693,0.0001821,-0.0001821,10.4166,,,770.0,216.467,-216.467,5370.0,184.0,-184.0,4.16,,,340.827,,,1197.0,,,FALSE POSITIVE
4.1177649,1.12e-05,-1.12e-05,1.276147,0.6242908,-0.6242908,1948.1405783,163.48494,-163.48494,3376.0,,,0.281129,0.0085697,-0.0085697,8.9265383,,,440.8496683,,,CANDIDATE
21.9166429,4.89e-05,-4.89e-05,2.2852898,1.1000931,-1.1000931,1306.4224091,70.94534,-70.94534,4130.0,171.0,-171.0,0.631609,0.0584171,-0.0584171,5.8871402,,,397.279215,,,CANDIDATE
5.2702557,1.2e-05,-1.2e-05,1.6776468,0.8097476,-0.8097476,511.6141762,34.62082,-34.62082,4662.0,174.0,-174.0,0.693074,0.0804573,-0.0804573,70.6617951,,,739.4620938,,,CANDIDATE
9.7394089,4.85e-05,-4.85e-05,2.2696307,0.4448311,-0.4448311,641.7240822,46.95302,-46.95302,5216.0,183.0,-183.0,0.833198,0.0491985,-0.0491985,60.3880789,,,710.9802766,,,CANDIDATE
28.3057042,0.000118,-0.000118,2.7465985,1.1776367,-1.1776367,357.0692138,24.80041,-24.80041,5704.59,42.9664,-42.9664,1.40065,0.0637915,-0.0637915,55.5380247,,,696.2534449,,,CANDIDATE
90.8479191,0.001058,-0.001058,2.6152426,0.5265111,-0.5265111,314.2730564,29.205444,-29.205444,5704.59,42.9664,-42.9664,1.40065,0.0637915,-0.0637915,11.7310189,,,472.0126996,,,CANDIDATE
25.1760133,2.71e-05,-2.71e-05,14.2012,0.716072,-0.716072,12570.0,0.751679,-0.751679,6025.9,128.6,-128.6,1.24,0.06,-0.06,24.1525,,,617.0,,,CANDIDATE
13.8665912,1.4e-05,-1.4e-05,14.3875,0.604743,-0.604743,7930.0,0.162,-0.162,6707.0,133.4,-133.4,1.57,0.07,-0.07,271.767,,,1131.0,,,CANDIDATE
83.8962434,0.000222,-0.000222,7.2168832,0.4784698,-0.4784698,1217.6723245,34.356415,-34.356415,5823.7,76.0,-76.0,2.04354,0.0984121,-0.0984121,29.5832748,,,594.8141775,,,CONFIRMED
7.21048,0.00045,-0.00045,3.7188,0.212937,-0.212937,250.094,0.643423,-0.643423,5920.4,78.3,-78.3,2.14,0.06,-0.06,124.246,,,930.0,,,FALSE POSITIVE
11.1972769,2.56e-05,-2.56e-05,2.62397,0.163711,-0.163711,1301.0,53.7906,-53.7906,4953.9,107.6,-107.6,0.76,0.04,-0.04,33.9923,,,672.0,,,CONFIRMED
734.4987702,8.04e-05,-8.04e-05,2.1838,0.168773,-0.168773,1004.0,72.6296,-72.6296,4953.9,107.6,-107.6,0.76,0.04,-0.04,9.04438,,,483.0,,,CONFIRMED
1.55747,0.00022,-0.00022,3.80336,1.12504,-1.12504,3127.94,258.653,-258.653,4146.6,148.6,-148.6,0.62,0.04,-0.04,5034.13,,,2346.0,,,FALSE POSITIVE
1.10223,,,7.4694027,4.917793,-4.917793,1015.0,140.5,-140.5,8747.0,230.0,-230.0,2.23767,1.46589,-1.46589,199185.0,,,5885.0,,,FALSE POSITIVE
3.118536,8.4e-05,-8.4e-05,11.857124,0.105384,-0.105384,12242.731322,140.4948,-140.4948,5700.0,,,0.95,,,481.9169727,,,1194.9859664,,,CONFIRMED
16.2546802,7.18e-05,-7.18e-05,9.68176,0.544216,-0.544216,4950.0,1.90176,-1.90176,5846.0,,,1.32,0.07,-0.07,63.815,,,787.0,,,CONFIRMED
3.752062,0.000147,-0.000147,14.937131,0.135883,-0.135883,9500.430305,83.71538,-83.71538,6300.0,,,1.48,,,1237.7366286,,,1512.7836094,,,CONFIRMED
7.1335149,2.1e-06,-2.1e-06,10.478658,0.7627535,-0.7627535,18037.5300175,118.12178,-118.12178,4775.0,,,0.789877,0.0568267,-0.0568267,64.4593609,,,722.6720336,,,CONFIRMED
1.0115336,9.8e-06,-9.8e-06,2.3332033,0.4378438,-0.4378438,640.6892788,73.85662,-73.85662,4775.0,,,0.789877,0.0568267,-0.0568267,871.7333843,,,1385.8482225,,,CONFIRMED
1.3929721,2.9e-06,-2.9e-06,2.9539057,1.0760398,-1.0760398,1576.0776119,52.540215,-52.540215,4452.0,174.0,-174.0,0.729635,0.0566885,-0.0566885,411.5001611,,,1148.7148937,,,CONFIRMED
3.1853186,4.4e-06,-4.4e-06,5.422035,1.100917,-1.100917,4917.3378908,167.26488,-167.26488,4944.0,180.0,-180.0,0.781959,0.0462186,-0.0462186,211.6178316,,,972.7647273,,,CONFIRMED
11.5509742,7.8e-06,-7.8e-06,11.0252,0.604944,-0.604944,10842.0,199.581,-199.581,5625.0,,,1.06,0.06,-0.06,56.355,,,763.0,,,CONFIRMED
5.3220505,0.0001805,-0.0001805,17.1038087,0.8589254,-0.8589254,6562.7794806,48.041794,-48.041794,6030.0,,,1.95757,0.0975076,-0.0975076,995.3724127,,,1432.5709808,,,CONFIRMED
3.2877916,7.7e-06,-7.7e-06,4.2854014,0.4444625,-0.4444625,1779.1851978,81.85431,-81.85431,5636.0,188.0,-188.0,0.948885,0.0560351,-0.0560351,350.7238882,,,1103.7255252,,,CANDIDATE
15.0405221,4.9e-06,-4.9e-06,23.0692974,6.7669544,-6.7669544,17981.6903217,146.02602,-146.02602,5900.0,191.0,-191.0,1.0431,0.049809,-0.049809,79.8057547,,,762.3041811,,,CANDIDATE
1.9160221,1.4e-06,-1.4e-06,10.8261,0.59309,-0.59309,2430.0,0.59901,-0.59901,5623.0,187.0,-187.0,2.09,0.11,-0.11,339.505,,,1195.0,,,FALSE POSITIVE
1.041889,5.6e-06,-5.6e-06,1.389031,0.7023138,-0.7023138,465.3854112,31.272263,-31.272263,3965.0,72.0,-72.0,0.603336,0.0177147,-0.0177147,270.068174,,,1033.9227741,,,CONFIRMED
2.6755521,5e-07,-5e-07,16.3355194,0.8612724,-0.8612724,14340.9908648,50.527294,-50.527294,6783.0,202.0,-202.0,1.3441499,0.0706784,-0.0706784,1360.1640729,,,1548.8792954,,,CONFIRMED
4.7920153,9.6e-06,-9.6e-06,4.7342032,0.3681557,-0.3681557,2042.5421095,152.79448,-152.79448,6012.0,192.0,-192.0,0.882828,0.0481784,-0.0481784,229.2252519,,,992.3968206,,,CANDIDATE
8.5954792,3.05e-05,-3.05e-05,2.64032,0.246702,-0.246702,1140.0,1.20287,-1.20287,4476.0,175.0,-175.0,0.69,0.06,-0.06,40.8229,,,704.0,,,CONFIRMED
3.8167262,1.33e-05,-1.33e-05,1.69257,0.158074,-0.158074,580.0,0.490274,-0.490274,4476.0,175.0,-175.0,0.69,0.06,-0.06,40.9119,,,763.9863872,,,CONFIRMED
8.3249172,6.4e-06,-6.4e-06,7.0011,0.372404,-0.372404,4535.0,243.849,-243.849,6513.0,199.0,-199.0,1.01,0.04,-0.04,40.8042,,,704.0,,,CONFIRMED
7.6246239,1.05e-05,-1.05e-05,14.4951834,10.429498,-10.429498,1256.0632059,73.469444,-73.469444,7313.0,210.0,-210.0,2.6298299,0.104221,-0.104221,2343.2709936,,,1774.4974464,,,FALSE POSITIVE
2.4855806,2.49e-05,-2.49e-05,36.5091254,163.50601,-163.50601,19630.5671979,2448.3728,-2448.3728,6933.0,,,1.59944,,,4135.3642287,,,2045.2584294,,,CONFIRMED
3.7993182,1.6e-05,-1.6e-05,8.54839,,,7590.0,7.13973,-7.13973,5318.0,184.0,-184.0,0.97,,,225.371,,,1079.0,,,CONFIRMED
3.4934316,1.7e-06,-1.7e-06,11.4663,0.770529,-0.770529,14230.0,4.74018,-4.74018,5153.0,182.0,-182.0,0.9,0.06,-0.06,116.196,,,914.0,,,CANDIDATE
2.7863813,6e-07,-6e-07,12.0024836,0.6805509,-0.6805509,11628.7594512,80.87883,-80.87883,5376.0,185.0,-185.0,1.00073,0.0564422,-0.0564422,483.4407911,,,1195.9294829,,,CANDIDATE
4.2986466,2.4e-06,-2.4e-06,14.2892609,0.784883,-0.784883,15275.7584547,184.93654,-184.93654,5715.0,,,1.11852,0.0595176,-0.0595176,454.8720517,,,1177.8556322,,,CONFIRMED
8.9066251,0.001036,-0.001036,7.1574108,4.4914646,-4.4914646,2178.8336338,253.81749,-253.81749,5829.6,138.8,-138.8,1.51595,0.0906633,-0.0906633,325.1651305,,,1083.0431039,,,FALSE POSITIVE
7.06181,0.00108,-0.00108,24.7848,0.272669,-0.272669,22745.5,0.827632,-0.827632,5818.3,26.9,-26.9,1.49,0.01,-0.01,721.751,,,1443.0,,,FALSE POSITIVE
14.20489,0.00151,-0.00151,12.4595,1.396,-1.396,8761.57,109.035,-109.035,6316.3,32.9,-32.9,1.21,0.01,-0.01,386.596,,,1235.0,,,FALSE POSITIVE
3.2063107,4e-06,-4e-06,20.2776,8.44437,-8.44437,6909.9609504,160.97807,-160.97807,5286.9,735.4,-735.4,2.29,0.54,-0.54,2254.62,,,1919.0,,,CANDIDATE
9.77742,0.00254,-0.00254,35.6978,,,6740.0,649.91,-649.91,4513.0,123.0,-123.0,2.87,,,480.928,,,1304.0,,,FALSE POSITIVE
0.76566,0.00015,-0.00015,3.54139,0.245668,-0.245668,1410.0,1.71758,-1.71758,5311.0,132.3,-132.3,0.92,0.05,-0.05,2314.06,,,1932.0,,,CONFIRMED
4.943336,5.62e-05,-5.62e-05,6.40301,0.418118,-0.418118,2010.0,1.97791,-1.97791,5574.0,115.6,-115.6,1.73,0.09,-0.09,311.475,,,1170.0,,,CANDIDATE
6.8646554,4.78e-05,-4.78e-05,17.29,6.32816,-6.32816,5090.0,1707.49,-1707.49,5937.0,131.1,-131.1,1.38,0.07,-0.07,1640.28,,,1772.0,,,CANDIDATE
1.8301156,3.8e-06,-3.8e-06,4.46184,0.309321,-0.309321,1110.0,3.29391,-3.29391,6671.0,115.3,-115.3,1.22,0.05,-0.05,515.147,,,1327.0,,,CANDIDATE
3.9080236,2.7e-06,-2.7e-06,15.1385,0.73671,-0.73671,8100.0,1.78321,-1.78321,6143.0,131.4,-131.4,1.63,0.08,-0.08,744.132,,,1455.0,,,CONFIRMED
3.2797206,1.7e-06,-1.7e-06,14.0606451,0.6968074,-0.6968074,11148.420202,77.14524,-77.14524,5857.0,135.1,-135.1,1.29747,0.0636332,-0.0636332,913.7792532,,,1402.2649308,,,CONFIRMED
5.1543265,5.2e-06,-5.2e-06,4.6014268,0.3453352,-0.3453352,2522.1346873,103.38881,-103.38881,4971.0,128.7,-128.7,0.756197,0.049583,-0.049583,104.6021101,,,815.6519164,,,CANDIDATE
6.4535152,7e-06,-7e-06,19.7517,1.77562,-1.77562,11200.0,74.446,-74.446,5906.0,133.8,-133.8,1.58,0.08,-0.08,240.342,,,1096.0,,,CANDIDATE
6.7391601,2.45e-05,-2.45e-05,30.8876,9.40735,-9.40735,3040.0,630.853,-630.853,10341.0,224.9,-224.9,3.39,0.09,-0.09,5656.73,,,2416.0,,,FALSE POSITIVE
0.5251251,9e-06,-9e-06,1.4381391,0.7735345,-0.7735345,277.1920779,23.065819,-23.065819,5867.0,190.0,-190.0,0.850302,0.0409598,-0.0409598,4078.1238196,,,2038.1439377,,,CANDIDATE
0.520671,8.1e-06,-8.1e-06,1.0047438,0.7848405,-0.7848405,626.6355136,66.73877,-66.73877,3460.0,,,0.39861,0.0120441,-0.0120441,241.8916543,,,1005.8308938,,,CANDIDATE
15.4043768,6.29e-05,-6.29e-05,2.2872195,0.354223,-0.354223,281.5569106,19.264055,-19.264055,5777.36,113.596,-113.596,1.23499,0.0561407,-0.0561407,100.9158218,,,808.3688406,,,CANDIDATE
0.556109,1.7e-05,-1.7e-05,1.609049,2.070679,-2.070679,172.860189,23.13988,-23.13988,5670.45,40.2845,-40.2845,1.18329,0.158197,-0.158197,8967.4525288,,,2481.9156706,,,FALSE POSITIVE
22.0379547,9.71e-05,-9.71e-05,2.335104,0.287695,-0.287695,1208.1077142,95.93706,-95.93706,3927.0,67.0,-67.0,0.611136,0.0180853,-0.0180853,4.0755023,,,362.3806799,,,CANDIDATE
14.362738,6.84e-05,-6.84e-05,1.6866314,1.3281828,-1.3281828,541.9770506,40.845634,-40.845634,4939.0,180.0,-180.0,0.732189,0.0451432,-0.0451432,24.1363405,,,565.3112203,,,CONFIRMED
2.2395544,3.7e-06,-3.7e-06,2.7483506,0.9812851,-0.9812851,1152.7849514,54.11446,-54.11446,4872.54,125.0,-125.0,0.75636,0.0519875,-0.0519875,300.9147034,,,1062.2594463,,,CANDIDATE
4.9727711,1.03e-05,-1.03e-05,2.6058369,0.7368774,-0.7368774,825.5374706,100.82591,-100.82591,4872.54,125.0,-125.0,0.75636,0.0519875,-0.0519875,103.8789635,,,814.2385337,,,CANDIDATE
5.9312003,1.26e-05,-1.26e-05,1.7979811,0.4062771,-0.4062771,1021.9253753,77.24677,-77.24677,3797.0,64.0,-64.0,0.5204,0.0154554,-0.0154554,17.0189842,,,518.0279088,,,CANDIDATE
5.9049733,2.42e-05,-2.42e-05,2.2395287,0.2789164,-0.2789164,200.4796961,14.529562,-14.529562,6437.0,198.0,-198.0,1.4178801,0.06,-0.06,614.208654,,,1269.6930207,,,CANDIDATE
11.020153,0.002316,-0.002316,2.343228,2.098464,-2.098464,1076.926754,147.12764,-147.12764,4407.0,174.0,-174.0,0.719466,0.075354,-0.075354,23.8243065,,,563.4752132,,,CANDIDATE
29.4829022,0.0001521,-0.0001521,2.7733274,1.4128063,-1.4128063,2066.5043819,182.36015,-182.36015,3955.0,65.0,-65.0,0.603739,0.0180584,-0.0180584,3.0151313,,,336.0828164,,,CANDIDATE
6.3872524,8.2e-06,-8.2e-06,5.0445,0.331905,-0.331905,3510.0,0.987947,-0.987947,4935.0,122.3,-122.3,0.82,0.05,-0.05,73.9967,,,817.0,,,CANDIDATE
2.5735943,0.0005479,-0.0005479,2.7779229,0.229404,-0.229404,739.6008283,51.97616,-51.97616,4935.0,122.3,-122.3,0.816999,0.0517714,-0.0517714,301.8661097,,,1063.0980928,,,CONFIRMED
14.3318853,8.31e-05,-8.31e-05,2.87022,0.239215,-0.239215,990.0,2.98933,-2.98933,4935.0,122.3,-122.3,0.82,0.05,-0.05,9.971,,,495.0,,,CANDIDATE
0.56708,0.0001,-0.0001,29.9735,,,980.0,2.16154,-2.16154,5274.0,122.0,-122.0,9.78,,,3660.0,,,2166.0,,,FALSE POSITIVE
2.3552639,3.9e-06,-3.9e-06,8.10129,0.469696,-0.469696,912.0,67.7026,-67.7026,7069.0,174.9,-174.9,2.37,0.11,-0.11,698.522,,,1432.0,,,FALSE POSITIVE
10.0577297,1.67e-05,-1.67e-05,7.17665,0.383469,-0.383469,4860.0,1.47064,-1.47064,5651.0,126.5,-126.5,1.01,0.05,-0.05,91.5488,,,861.0,,,CANDIDATE
2.7809,0.00061,-0.00061,56.3202,,,2990.0,1451.24,-1451.24,11246.0,128.0,-128.0,5.45,,,26869.1,,,3566.0,,,FALSE POSITIVE
20.4276727,0.0021033,-0.0021033,19.9576585,0.7193728,-0.7193728,2988.5020776,59.02865,-59.02865,8844.0,179.9,-179.9,3.25795,0.109422,-0.109422,1594.302814,,,1611.6192743,,,FALSE POSITIVE
3.96643,0.00167,-0.00167,5.99981,0.331791,-0.331791,828.371,1.84461,-1.84461,6565.2,95.4,-95.4,1.9,0.05,-0.05,376.453,,,1227.0,,,FALSE POSITIVE
1.83485,0.00022,-0.00022,5.90327,0.371084,-0.371084,1200.0,2.03671,-2.03671,6466.0,129.5,-129.5,1.68,0.07,-0.07,3996.1,,,2215.0,,,FALSE POSITIVE
4.99915,0.00244,-0.00244,2.28122,0.193112,-0.193112,684.271,1.84694,-1.84694,4696.0,155.9,-155.9,0.79,0.05,-0.05,386.241,,,1235.0,,,FALSE POSITIVE
10.6265837,1.66e-05,-1.66e-05,12.0335,0.407719,-0.407719,7530.0,0.641108,-0.641108,7723.0,270.7,-270.7,1.35,0.04,-0.04,571.007,,,1361.0,,,CONFIRMED
5.6148305,0.0001365,-0.0001365,9.62058,1.11908,-1.11908,2300.0,11.582,-11.582,9856.0,389.3,-389.3,2.59,0.15,-0.15,3420.14,,,2130.0,,,CANDIDATE
4.3433389,1.94e-05,-1.94e-05,24.4433,7.41825,-7.41825,1100.0,238.385,-238.385,9900.0,580.3,-580.3,3.83,0.56,-0.56,60347.5,,,4366.0,,,FALSE POSITIVE
0.76189,0.00043,-0.00043,1.50503,0.119189,-0.119189,190.0,0.630631,-0.630631,5998.0,121.7,-121.7,1.11,0.05,-0.05,6450.77,,,2496.0,,,FALSE POSITIVE
1.2980202,1.59e-05,-1.59e-05,2.58794,0.191928,-0.191928,250.0,0.707837,-0.707837,6128.0,132.0,-132.0,1.62,0.07,-0.07,6354.72,,,2487.0,,,FALSE POSITIVE
12.8461943,4.6e-06,-4.6e-06,11.8867391,0.6794846,-0.6794846,8527.3304874,53.426765,-53.426765,5591.0,125.0,-125.0,1.18787,0.0674397,-0.0674397,107.8059302,,,821.8270133,,,CANDIDATE
4.8494108,5.62e-05,-5.62e-05,2.7650341,0.4910216,-0.4910216,1341.9401258,123.974266,-123.974266,3861.0,142.0,-142.0,0.680711,0.0617663,-0.0617663,56.8561171,,,700.3482517,,,CANDIDATE
3.2308423,0.0002072,-0.0002072,11.144364,15.465436,-15.465436,2427.4314638,151.48016,-151.48016,7062.0,206.0,-206.0,1.38436,0.065,-0.065,1292.7015226,,,1529.3057261,,,CANDIDATE
7.2766004,2.51e-05,-2.51e-05,11.5799,0.570533,-0.570533,2440.0,0.517164,-0.517164,6266.0,41.0,-41.0,2.21,0.1,-0.1,591.917,,,1374.0,,,CANDIDATE
10.8772748,1.16e-05,-1.16e-05,2.309613,0.4104949,-0.4104949,1827.2189379,63.796677,-63.796677,3992.0,170.0,-170.0,0.532439,0.0157936,-0.0157936,8.3168643,,,433.1214112,,,CONFIRMED
83.9993991,0.0002596,-0.0002596,2.3408341,0.3227413,-0.3227413,1856.5912767,107.9341,-107.9341,3992.0,170.0,-170.0,0.532439,0.0157936,-0.0157936,0.5448599,,,219.1245115,,,CONFIRMED
3.7395716,7e-07,-7e-07,13.9317353,0.7286332,-0.7286332,15256.9023477,97.96748,-97.96748,5565.0,187.0,-187.0,1.00018,0.0521105,-0.0521105,353.3142325,,,1105.7578537,,,CONFIRMED
1.6647888,1.3e-06,-1.3e-06,5.25863,0.513844,-0.513844,1600.0,69.028,-69.028,5954.53,53.0596,-53.0596,1.42,0.13,-0.13,751.21,,,1458.0,,,CANDIDATE
4.5849129,8.9e-06,-8.9e-06,9.6158851,0.6116279,-0.6116279,2101.0682794,51.583145,-51.583145,6272.0,196.0,-196.0,2.0597899,0.0922839,-0.0922839,1729.6714348,,,1644.7907422,,,CONFIRMED
3.1837789,5.7e-06,-5.7e-06,3.1080163,1.5717691,-1.5717691,850.2084133,40.928772,-40.928772,5500.0,76.0,-76.0,1.0523601,0.0594975,-0.0594975,519.52682,,,1217.6479521,,,CONFIRMED
3.9043855,1.82e-05,-1.82e-05,1.80937,0.0973429,-0.0973429,255.0,10.9272,-10.9272,6059.06,50.4474,-50.4474,1.31,0.05,-0.05,836.633,,,1498.0,,,FALSE POSITIVE
2.0291067,4.4e-06,-4.4e-06,1.0407954,0.1255071,-0.1255071,954.52078,60.31323,-60.31323,3194.0,101.0,-101.0,0.287497,0.009506,-0.009506,22.0713381,,,552.8113049,,,CONFIRMED
4.678059,4.4e-06,-4.4e-06,2.2524868,0.0930495,-0.0930495,2029.239148,66.43072,-66.43072,3566.0,66.0,-66.0,0.426465,0.0127779,-0.0127779,14.2145991,,,495.2259613,,,CANDIDATE
11.099348,1.56e-05,-1.56e-05,2.4827074,0.8442644,-0.8442644,1159.3892018,51.221188,-51.221188,4948.0,180.0,-180.0,0.732535,0.0488442,-0.0488442,35.2422046,,,621.420415,,,CONFIRMED
1469.8512039,0.0110863,-0.0110863,2.7937261,0.2841252,-0.2841252,945.0433631,104.15302,-104.15302,4948.0,180.0,-180.0,0.732535,0.0488442,-0.0488442,0.052211,,,121.9158623,,,CANDIDATE
2.3374921,1.03e-05,-1.03e-05,4.00659,0.483414,-0.483414,760.0,1.28847,-1.28847,5963.4,347.5,-347.5,1.54,0.17,-0.17,975.016,,,1556.0,,,FALSE POSITIVE
2.3250156,5.7e-06,-5.7e-06,10.7275,1.12022,-1.12022,1130.0,19.3113,-19.3113,5753.0,127.6,-127.6,2.05,0.1,-0.1,2083.06,,,1882.0,,,FALSE POSITIVE
29.17362,0.00233,-0.00233,15.4676,1.2126,-1.2126,5558.85,22.7513,-22.7513,5493.2,126.6,-126.6,1.89,0.09,-0.09,167.644,,,1002.0,,,FALSE POSITIVE
26.4126517,6.1e-05,-6.1e-05,24.163132,2.0123992,-2.0123992,5967.2243425,454.15604,-454.15604,6070.0,123.6,-123.6,2.62866,0.119935,-0.119935,256.8541056,,,1021.0367587,,,CANDIDATE
1.1140067,6.1e-06,-6.1e-06,6.34675,0.441032,-0.441032,410.0,0.93294,-0.93294,5614.0,126.5,-126.5,2.94,0.14,-0.14,6504.41,,,2501.0,,,FALSE POSITIVE
5.1287265,1.05e-05,-1.05e-05,3.3763609,1.1695324,-1.1695324,809.4472541,38.169827,-38.169827,6055.5,112.5,-112.5,1.14,0.05,-0.05,426.7683426,,,951.0,,,CANDIDATE
3.2744665,0.0002523,-0.0002523,4.0297948,1.5242478,-1.5242478,918.0803144,79.08558,-79.08558,6049.0,136.2,-136.2,1.2460999,0.060309,-0.060309,920.8745704,,,1404.9791186,,,FALSE POSITIVE
12.1272702,2.7e-06,-2.7e-06,20.3161792,2.443098,-2.443098,19172.4644881,117.95186,-117.95186,5682.0,128.9,-128.9,0.993827,0.047789,-0.047789,85.7681608,,,776.1600297,,,CANDIDATE
13.17741,0.00018,-0.00018,49.318,,,1750.0,3.12692,-3.12692,5027.7,74.0,-74.0,10.05,,,44.0738,,,717.0,,,FALSE POSITIVE
1.7957918,8.8e-06,-8.8e-06,7.76436,0.47648,-0.47648,770.0,1.7153,-1.7153,5658.4,106.1,-106.1,2.61,0.1,-0.1,718.524,,,1442.0,,,CANDIDATE
2.5852,2e-05,-2e-05,4.66502,0.305191,-0.305191,290.0,0.460655,-0.460655,6639.0,127.5,-127.5,2.66,0.13,-0.13,1150.76,,,1622.0,,,FALSE POSITIVE
30.57908,0.00067,-0.00067,14.1152,0.912472,-0.912472,12972.8,51.5093,-51.5093,5848.0,42.2,-42.2,1.13,0.02,-0.02,81.7492,,,837.0,,,FALSE POSITIVE
5.830149,2.82e-05,-2.82e-05,2.70505,0.241415,-0.241415,1310.0,1.87049,-1.87049,4451.0,122.1,-122.1,0.72,0.06,-0.06,59.7261,,,774.0,,,CANDIDATE
4.90038,0.00157,-0.00157,6.56819,0.545096,-0.545096,240.0,0.872914,-0.872914,6504.0,127.3,-127.3,4.18,0.21,-0.21,736.282,,,1451.0,,,CANDIDATE
3.2452094,4e-06,-4e-06,20.6894,0.927778,-0.927778,7370.0,2.32378,-2.32378,5928.0,123.8,-123.8,2.31,0.09,-0.09,600.388,,,1379.0,,,CANDIDATE
19.3106015,5.67e-05,-5.67e-05,2.7470788,0.3770876,-0.3770876,1222.9987584,44.506573,-44.506573,4444.0,124.0,-124.0,0.734073,0.0597135,-0.0597135,12.0239187,,,474.9318086,,,CANDIDATE
7.9856481,3.18e-05,-3.18e-05,1.70724,0.149537,-0.149537,460.0,0.471583,-0.471583,4444.0,124.0,-124.0,0.73,0.06,-0.06,34.6569,,,675.0,,,CANDIDATE
88.9350637,0.0013011,-0.0013011,12.6517291,0.6012361,-0.6012361,4026.4400749,71.65514,-71.65514,5546.9,103.9,-103.9,1.78672,0.0812036,-0.0812036,18.0301689,,,525.5568469,,,CANDIDATE
3.7817383,8e-07,-8e-07,12.4392846,0.8196077,-0.8196077,18870.7216253,90.17135,-90.17135,4833.0,178.0,-178.0,0.869755,0.0570855,-0.0570855,194.0868583,,,951.9601792,,,CANDIDATE
2.23294,1e-05,-1e-05,15.959056,17.639652,-17.639652,16930.0,19.6955,-19.6955,4814.0,178.0,-178.0,0.804149,0.804149,-0.804149,328.2137194,,,,,,FALSE POSITIVE
7.936533,8.9e-06,-8.9e-06,7.76368,1.12632,-1.12632,6995.7727314,371.33795,-371.33795,4320.0,173.0,-173.0,0.85,0.1,-0.1,164.7586619,,,913.7593073,,,CANDIDATE
0.27664,1e-05,-1e-05,24.4651,5.82969,-5.82969,15669.3,749.859,-749.859,5341.6,269.9,-269.9,1.78,0.17,-0.17,15418.8,,,3104.0,,,FALSE POSITIVE
8.8073507,4.47e-05,-4.47e-05,4.0916,0.230702,-0.230702,1700.0,1.0737,-1.0737,5981.0,125.9,-125.9,0.99,0.05,-0.05,220.735,,,1073.0,,,CANDIDATE
7.6107227,1.16e-05,-1.16e-05,12.4861,0.648829,-0.648829,6400.0,0.908335,-0.908335,6159.5,130.8,-130.8,1.53,0.08,-0.08,297.144,,,1156.0,,,CANDIDATE
8.5145626,2.67e-05,-2.67e-05,6.95626,0.374315,-0.374315,3260.0,1.12382,-1.12382,5920.0,129.1,-129.1,1.18,0.06,-0.06,166.575,,,1000.0,,,CANDIDATE
4.32765,0.00173,-0.00173,3.52025,0.272617,-0.272617,1480.0,2.59497,-2.59497,4945.0,121.0,-121.0,0.91,0.06,-0.06,261.858,,,1120.0,,,CONFIRMED
12.35611,0.00083,-0.00083,13.4341,0.632642,-0.632642,8020.0,1.93969,-1.93969,6794.0,135.7,-135.7,1.45,0.06,-0.06,366.445,,,1218.0,,,CANDIDATE
6.0588453,3.38e-05,-3.38e-05,35.2541,11.7813,-11.7813,2740.0,851.775,-851.775,7011.0,107.1,-107.1,3.6,0.23,-0.23,4249.82,,,2249.0,,,FALSE POSITIVE
0.9298045,9e-06,-9e-06,4.60146,0.421019,-0.421019,720.0,4.294,-4.294,7019.0,133.6,-133.6,1.65,0.07,-0.07,4136.65,,,2234.0,,,CANDIDATE
6.1253092,1e-06,-1e-06,22.9909,1.48982,-1.48982,39400.0,8.26705,-8.26705,5008.3,61.9,-61.9,1.05,0.07,-0.07,60.67,,,777.0,,,FALSE POSITIVE
1.3228701,7.1e-06,-7.1e-06,2.50355,0.202899,-0.202899,720.0,2.37381,-2.37381,5136.1,201.1,-201.1,0.84,0.05,-0.05,910.45,,,1530.0,,,FALSE POSITIVE
2.96845,8e-05,-8e-05,20.1857,0.279842,-0.279842,17064.8,0.480494,-0.480494,5761.5,36.8,-36.8,1.4,0.02,-0.02,969.61,,,1554.0,,,FALSE POSITIVE
1.79011,1e-05,-1e-05,7.38823,0.587766,-0.587766,430.0,3.09637,-3.09637,7110.0,124.8,-124.8,2.33,0.12,-0.12,1262.31,,,1660.0,,,CANDIDATE
2.96844,8e-05,-8e-05,19.3343,0.5836,-0.5836,13028.0,0.468074,-0.468074,5772.0,84.7,-84.7,1.54,0.05,-0.05,981.423,,,1559.0,,,FALSE POSITIVE
3.68497,1e-05,-1e-05,9.05543,0.475878,-0.475878,2070.0,0.572102,-0.572102,5756.0,127.5,-127.5,1.93,0.1,-0.1,1260.27,,,1659.0,,,CONFIRMED
1.6375303,4.6e-06,-4.6e-06,5.03673,0.289912,-0.289912,770.0,0.968713,-0.968713,5888.8,108.6,-108.6,1.72,0.08,-0.08,900.876,,,1526.0,,,FALSE POSITIVE
17.95473,0.0025,-0.0025,14.9952,4.79364,-4.79364,5962.04,570.356,-570.356,6029.5,244.8,-244.8,1.77,0.14,-0.14,225.794,,,1079.0,,,FALSE POSITIVE
0.8317937,1.93e-05,-1.93e-05,2.64673,0.154363,-0.154363,200.0,0.406279,-0.406279,8897.0,170.2,-170.2,1.82,0.06,-0.06,25432.4,,,3518.0,,,FALSE POSITIVE
1.6187107,0.000655,-0.000655,12.5948602,12.417894,-12.417894,1352.1697973,122.67115,-122.67115,9385.0,206.7,-206.7,2.22468,0.105417,-0.105417,26480.6076583,,,3253.506931,,,FALSE POSITIVE
4.79586,0.00067,-0.00067,23.4129,4.50006,-4.50006,26891.1,952.147,-952.147,5782.5,112.0,-112.0,1.3,0.05,-0.05,377.084,,,1227.0,,,FALSE POSITIVE
11.1178464,2.7e-05,-2.7e-05,8.8518806,0.4249948,-0.4249948,5715.8314771,122.157036,-122.157036,5814.9,111.1,-111.1,1.06616,0.0472889,-0.0472889,118.7684839,,,841.9669663,,,CANDIDATE
0.60274,2e-05,-2e-05,11.8344,2.05443,-2.05443,16763.6,469.962,-469.962,5146.2,120.2,-120.2,0.83,0.04,-0.04,18432.4,,,3246.0,,,FALSE POSITIVE
1.37101,0.00035,-0.00035,4.99178,0.972297,-0.972297,1561.43,58.7673,-58.7673,5947.5,51.9,-51.9,1.15,0.02,-0.02,17275.0,,,3193.0,,,FALSE POSITIVE
3.4091568,8.97e-05,-8.97e-05,15.9162999,0.7317385,-0.7317385,16294.3969402,180.33635,-180.33635,6316.0,120.3,-120.3,1.21069,0.0548342,-0.0548342,918.387707,,,1404.0296041,,,CONFIRMED
1.7393631,0.0006133,-0.0006133,5.1189079,4.030304,-4.030304,428.8811939,44.19116,-44.19116,7051.0,134.9,-134.9,2.40368,0.102113,-0.102113,11860.0095258,,,2661.5890983,,,FALSE POSITIVE
1.8237371,4.2e-06,-4.2e-06,3.64998,0.388173,-0.388173,1890.0,2.4297,-2.4297,4249.1,132.6,-132.6,0.82,0.08,-0.08,167.634,,,1002.0,,,CONFIRMED
4.9857808,3.4e-05,-3.4e-05,2.7920398,2.46398,-2.46398,690.3429151,59.31293,-59.31293,5189.0,121.3,-121.3,1.06532,0.0585729,-0.0585729,245.807602,,,1009.8772228,,,CANDIDATE
2.3960724,2.79e-05,-2.79e-05,3.54571,0.252742,-0.252742,680.0,1.33785,-1.33785,5743.0,241.8,-241.8,1.37,0.07,-0.07,3570.59,,,2153.0,,,FALSE POSITIVE
2.67425,0.00073,-0.00073,178.665,,,1920.0,9.83619,-9.83619,4770.0,122.0,-122.0,36.51,,,2364.93,,,1942.0,,,FALSE POSITIVE
1.27997,0.00041,-0.00041,285.674,,,790.0,0.856405,-0.856405,3435.0,122.0,-122.0,102.03,,,379.23,,,1229.0,,,FALSE POSITIVE
2.8259491,4.9e-06,-4.9e-06,8.56637,0.636143,-0.636143,2206.0,228.166,-228.166,8192.0,132.7,-132.7,1.84,0.07,-0.07,4419.71,,,2271.0,,,FALSE POSITIVE
3.1510408,0.0007503,-0.0007503,297.1117262,69.31585,-69.31585,2025.1072724,236.45537,-236.45537,4240.0,122.0,-122.0,49.1612,,,2194.07288,,,1745.5508783,,,FALSE POSITIVE
2.78102,0.00103,-0.00103,2.23876,0.289796,-0.289796,748.64,3.11544,-3.11544,4538.0,165.0,-165.0,0.74,0.08,-0.08,111.574,,,905.0,,,FALSE POSITIVE
13.1660135,1.54e-05,-1.54e-05,11.3913,0.535327,-0.535327,5697.0,107.537,-107.537,6368.0,126.8,-126.8,1.52,0.07,-0.07,134.826,,,949.0,,,CANDIDATE
1.10578,0.00022,-0.00022,7.4741,0.662273,-0.662273,672.523,0.968288,-0.968288,5650.4,227.6,-227.6,2.62,0.21,-0.21,2163.51,,,1900.0,,,FALSE POSITIVE
1.3387555,0.0005486,-0.0005486,4.1672558,0.894116,-0.894116,357.2449276,37.577885,-37.577885,5322.0,129.4,-129.4,1.96337,0.110487,-0.110487,5177.3878513,,,2163.4528,,,FALSE POSITIVE
1.6038093,2.4e-06,-2.4e-06,4.6692325,0.2470712,-0.2470712,1190.6782952,54.7948198,-54.7948198,6711.0,138.0,-138.0,1.48129,0.0631507,-0.0631507,2674.6329403,,,2004.2139211,,,FALSE POSITIVE
6.3037582,3.4e-05,-3.4e-05,13.147,0.853252,-0.853252,1700.0,3.60134,-3.60134,8502.0,259.5,-259.5,3.08,0.13,-0.13,1735.06,,,1798.0,,,FALSE POSITIVE
7.52118,0.00097,-0.00097,12.9114,3.55629,-3.55629,50623.3,2361.74,-2361.74,6184.6,545.8,-545.8,0.52,0.09,-0.09,1910.28,,,1841.0,,,FALSE POSITIVE
8.76905,0.00107,-0.00107,21.0089,5.47454,-5.47454,14361.0,810.349,-810.349,5906.8,319.0,-319.0,1.59,0.17,-0.17,538.251,,,1341.0,,,FALSE POSITIVE
5.2146757,2.5e-06,-2.5e-06,14.4476769,0.0041781,-0.0041781,3754.150648,0.1586705,-0.1586705,6080.0,187.5,-187.5,2.27,0.14,-0.14,1037.07,,,1607.3541478,,,FALSE POSITIVE
4.30438,0.00248,-0.00248,13.7564,1.38032,-1.38032,672.002,2.50426,-2.50426,6056.9,247.0,-247.0,4.82,0.38,-0.38,503.88,,,1319.0,,,FALSE POSITIVE
4.587386,1.54e-05,-1.54e-05,10.6337,0.433352,-0.433352,3321.0,61.0829,-61.0829,8388.0,125.1,-125.1,1.86,0.07,-0.07,4384.23,,,2266.0,,,CANDIDATE
2.4843225,5.2e-06,-5.2e-06,12.9191,4.12144,-4.12144,1476.0,1910.78,-1910.78,9855.0,169.3,-169.3,2.13,0.11,-0.11,32959.2,,,3753.0,,,CANDIDATE
1.4635019,3.5e-06,-3.5e-06,4.75869,0.251543,-0.251543,914.0,57.3358,-57.3358,8035.0,150.8,-150.8,1.67,0.05,-0.05,4081.06,,,2226.0,,,CANDIDATE
2.396722,0.0006964,-0.0006964,3.8384486,1.9348891,-1.9348891,384.8985474,33.798634,-33.798634,10393.0,222.8,-222.8,1.87739,0.078985,-0.078985,15531.0636237,,,2847.2135988,,,FALSE POSITIVE
14.5378,,,16.0523,,,4040.0,10.7344,-10.7344,8007.0,,,2.05,,,,,,,,,FALSE POSITIVE
8.4134856,0.0002645,-0.0002645,20.5106959,5.1767187,-5.1767187,17479.6053306,107.768585,-107.768585,5786.0,132.9,-132.9,0.926261,0.045789,-0.045789,127.9164213,,,857.7314308,,,FALSE POSITIVE
0.941436,0.0001581,-0.0001581,4.529209,3.9919791,-3.9919791,339.9126618,33.689648,-33.689648,8322.0,130.7,-130.7,2.34986,0.0915779,-0.0915779,41562.5878114,,,3641.6264487,,,FALSE POSITIVE
1.5078959,1.5e-06,-1.5e-06,5.53091,0.231482,-0.231482,1839.0,30.9731,-30.9731,6635.0,130.1,-130.1,1.3,0.05,-0.05,9662.8,,,2762.0,,,FALSE POSITIVE
